scripts/accuracy_pose_models_delta.py	scripts/archive/accuracy_pose_models_delta.py
scripts/analyze_automq_scores.py	scripts/archive/analyze_automq_scores.py
scripts/ba_backup_test.py	scripts/archive/ba_backup_test.py
scripts/ba_bound_test.py	scripts/archive/ba_bound_test.py
scripts/ba_cache_traj.py	scripts/archive/ba_cache_traj.py
scripts/ba_improvement_viz.py	scripts/archive/ba_improvement_viz.py
scripts/ba_peaks_independent.py	scripts/archive/ba_peaks_independent.py
scripts/ba_peaks_perpart.py	scripts/archive/ba_peaks_perpart.py
scripts/ba_smoother_2x2.py	scripts/archive/ba_smoother_2x2.py
scripts/ba_smoother_diag.py	scripts/archive/ba_smoother_diag.py
scripts/ba_smoother_hi2.py	scripts/archive/ba_smoother_hi2.py
scripts/ba_smoother_hi.py	scripts/archive/ba_smoother_hi.py
scripts/ba_smoother_test.py	scripts/archive/ba_smoother_test.py
scripts/ba_smoothnet_vs_savgol.py	scripts/archive/ba_smoothnet_vs_savgol.py
scripts/ba_smooth_plus.py	scripts/archive/ba_smooth_plus.py
scripts/ba_smooth_sweep.py	scripts/archive/ba_smooth_sweep.py
scripts/bench_pose_models_multi.py	scripts/archive/bench_pose_models_multi.py
scripts/bench_realtime_v2.py	scripts/archive/bench_realtime_v2.py
scripts/bench_speed_levers.py	scripts/archive/bench_speed_levers.py
scripts/bench_v3.py	scripts/archive/bench_v3.py
scripts/cache_pose_cohort.py	scripts/archive/cache_pose_cohort.py
scripts/cache_synbody_gt.py	scripts/archive/cache_synbody_gt.py
scripts/cache_tracks.py	scripts/archive/cache_tracks.py
scripts/cache_wrist_sigma.py	scripts/archive/cache_wrist_sigma.py
scripts/check_track_quality.py	scripts/archive/check_track_quality.py
scripts/cloud_rotation_truth.py	scripts/archive/cloud_rotation_truth.py
scripts/cloud_track_delta.py	scripts/archive/cloud_track_delta.py
scripts/cloud_truth_rigid.py	scripts/archive/cloud_truth_rigid.py
scripts/cloud_vs_flow_delta.py	scripts/archive/cloud_vs_flow_delta.py
scripts/consensus_greedy.py	scripts/archive/consensus_greedy.py
scripts/cup_flow_probe.py	scripts/archive/cup_flow_probe.py
scripts/deciwatch_delta.py	scripts/archive/deciwatch_delta.py
scripts/desync_classify.py	scripts/archive/desync_classify.py
scripts/desync_correct2.py	scripts/archive/desync_correct2.py
scripts/desync_correct.py	scripts/archive/desync_correct.py
scripts/desync_drift.py	scripts/archive/desync_drift.py
scripts/desync_v2.py	scripts/archive/desync_v2.py
scripts/desync_v3.py	scripts/archive/desync_v3.py
scripts/detect_pose_multi.py	scripts/archive/detect_pose_multi.py
scripts/detect_rep_batched.py	scripts/archive/detect_rep_batched.py
scripts/elbow_flow_angular.py	scripts/archive/elbow_flow_angular.py
scripts/eval_cup_3d_delta.py	scripts/archive/eval_cup_3d_delta.py
scripts/extract_delta_frames.py	scripts/archive/extract_delta_frames.py
scripts/fig4_correlation.py	scripts/archive/fig4_correlation.py
scripts/finetune_cdrnet_delta.py	scripts/archive/finetune_cdrnet_delta.py
scripts/fk_arm_solver.py	scripts/archive/fk_arm_solver.py
scripts/flexion_axis_bakeoff.py	scripts/archive/flexion_axis_bakeoff.py
scripts/flexion_ceiling_test.py	scripts/archive/flexion_ceiling_test.py
scripts/flow_3d_survival.py	scripts/archive/flow_3d_survival.py
scripts/flow_gating_matrix.py	scripts/archive/flow_gating_matrix.py
scripts/flow_model_shootout.py	scripts/archive/flow_model_shootout.py
scripts/fp16_vs_fp32_outputs.py	scripts/archive/fp16_vs_fp32_outputs.py
scripts/fuser_noninferior.py	scripts/archive/fuser_noninferior.py
scripts/fuser_validate.py	scripts/archive/fuser_validate.py
scripts/gnn_viz_correction.py	scripts/archive/gnn_viz_correction.py
scripts/gpu_decode.py	scripts/archive/gpu_decode.py
scripts/interjoint_filter_sweep.py	scripts/archive/interjoint_filter_sweep.py
scripts/interjoint_lowpass_sweep.py	scripts/archive/interjoint_lowpass_sweep.py
scripts/litetrack_wrap.py	scripts/archive/litetrack_wrap.py
scripts/live_v3.py	scripts/archive/live_v3.py
scripts/montage_5cam.py	scripts/archive/montage_5cam.py
scripts/murphy_grid_plot.py	scripts/archive/murphy_grid_plot.py
scripts/mv3d_delta_neck.py	scripts/archive/mv3d_delta_neck.py
scripts/mv3d_smoke_fusion.py	scripts/archive/mv3d_smoke_fusion.py
scripts/mv3d_yolo_neck_fuse.py	scripts/archive/mv3d_yolo_neck_fuse.py
scripts/mvgformer_delta.py	scripts/archive/mvgformer_delta.py
scripts/mvgformer_lp_sweep_plot.py	scripts/archive/mvgformer_lp_sweep_plot.py
scripts/mvgformer_plot.py	scripts/archive/mvgformer_plot.py
scripts/mvgformer_score.py	scripts/archive/mvgformer_score.py
scripts/offset_baseline.py	scripts/archive/offset_baseline.py
scripts/omc_matched_angles.py	scripts/archive/omc_matched_angles.py
scripts/overlay_wrist_diag.py	scripts/archive/overlay_wrist_diag.py
scripts/p13_ratefix_check.py	scripts/archive/p13_ratefix_check.py
scripts/paper_table3.py	scripts/archive/paper_table3.py
scripts/paper_trajectories.py	scripts/archive/paper_trajectories.py
scripts/peak_filter_sweep.py	scripts/archive/peak_filter_sweep.py
scripts/peakvel_filter_sweep.py	scripts/archive/peakvel_filter_sweep.py
scripts/pipeline_fp16_ab.py	scripts/archive/pipeline_fp16_ab.py
scripts/pose_accuracy_delta.py	scripts/archive/pose_accuracy_delta.py
scripts/pretrain_synbody.py	scripts/archive/pretrain_synbody.py
scripts/recompute_p251.py	scripts/archive/recompute_p251.py
scripts/render_cloud_track.py	scripts/archive/render_cloud_track.py
scripts/rescore_p95.py	scripts/archive/rescore_p95.py
scripts/results_v2_delta.py	scripts/archive/results_v2_delta.py
scripts/rigid_model_probe.py	scripts/archive/rigid_model_probe.py
scripts/score_omc_delta.py	scripts/archive/score_omc_delta.py
scripts/score_segmentation_same.py	scripts/archive/score_segmentation_same.py
scripts/score_segmentation_v2.py	scripts/archive/score_segmentation_v2.py
scripts/score_segmentation_vs_automq.py	scripts/archive/score_segmentation_vs_automq.py
scripts/score_vs_automq_e2e.py	scripts/archive/score_vs_automq_e2e.py
scripts/seed_cup_boxes.py	scripts/archive/seed_cup_boxes.py
scripts/seg_sequential_same.py	scripts/archive/seg_sequential_same.py
scripts/smoothnet_pose_delta.py	scripts/archive/smoothnet_pose_delta.py
scripts/train_cdrnet_delta.py	scripts/archive/train_cdrnet_delta.py
scripts/trt_bench.py	scripts/archive/trt_bench.py
scripts/trunk_axis_bakeoff.py	scripts/archive/trunk_axis_bakeoff.py
scripts/umeyama_scale_probe.py	scripts/archive/umeyama_scale_probe.py
scripts/vector_coding.py	scripts/archive/vector_coding.py
scripts/verify_batching.py	scripts/archive/verify_batching.py
scripts/where_time_goes_1080p.py	scripts/archive/where_time_goes_1080p.py
scripts/why_fp16_slower.py	scripts/archive/why_fp16_slower.py
paper/scripts/augment_measures.py	paper/scripts/archive/augment_measures.py
paper/scripts/augment_miscal2.py	paper/scripts/archive/augment_miscal2.py
paper/scripts/augment.py	paper/scripts/archive/augment.py
paper/scripts/automq_abduction_ref_test.py	paper/scripts/archive/automq_abduction_ref_test.py
paper/scripts/automq_flexion_is_trunk.py	paper/scripts/archive/automq_flexion_is_trunk.py
paper/scripts/automq_flexion_ref_test.py	paper/scripts/archive/automq_flexion_ref_test.py
paper/scripts/coordination_metric_bakeoff.py	paper/scripts/archive/coordination_metric_bakeoff.py
paper/scripts/downaxis_omc_vs_mmc.py	paper/scripts/archive/downaxis_omc_vs_mmc.py
paper/scripts/fig_proximal_vc.py	paper/scripts/archive/fig_proximal_vc.py
paper/scripts/force_ba_p19.py	paper/scripts/archive/force_ba_p19.py
paper/scripts/force_triangulate_p19.py	paper/scripts/archive/force_triangulate_p19.py
paper/scripts/gate_utility.py	paper/scripts/archive/gate_utility.py
paper/scripts/inspect_low_coord_faithful.py	paper/scripts/archive/inspect_low_coord_faithful.py
paper/scripts/inspect_low_coord_trial.py	paper/scripts/archive/inspect_low_coord_trial.py
paper/scripts/interjoint_flexion_variants.py	paper/scripts/archive/interjoint_flexion_variants.py
paper/scripts/interjoint_instability_check.py	paper/scripts/archive/interjoint_instability_check.py
paper/scripts/interjoint_mmc_vs_ourOMC.py	paper/scripts/archive/interjoint_mmc_vs_ourOMC.py
paper/scripts/interjoint_omc_only.py	paper/scripts/archive/interjoint_omc_only.py
paper/scripts/interjoint_ourmethod_on_omc.py	paper/scripts/archive/interjoint_ourmethod_on_omc.py
paper/scripts/interjoint_perturbation_test.py	paper/scripts/archive/interjoint_perturbation_test.py
paper/scripts/interjoint_stall_is_pathology.py	paper/scripts/archive/interjoint_stall_is_pathology.py
paper/scripts/lean_explains_improvement.py	paper/scripts/archive/lean_explains_improvement.py
paper/scripts/measure_flexion_noise.py	paper/scripts/archive/measure_flexion_noise.py
paper/scripts/mmc_vs_abduction_defs.py	paper/scripts/archive/mmc_vs_abduction_defs.py
paper/scripts/mmc_vs_flexion_defs.py	paper/scripts/archive/mmc_vs_flexion_defs.py
paper/scripts/planar_body_angles.py	paper/scripts/archive/planar_body_angles.py
paper/scripts/relax_gate_all.py	paper/scripts/archive/relax_gate_all.py
paper/scripts/relax_gate_ba.py	paper/scripts/archive/relax_gate_ba.py
paper/scripts/sagittal_flexion_paper.py	paper/scripts/archive/sagittal_flexion_paper.py
paper/scripts/seg_coverage.py	paper/scripts/archive/seg_coverage.py
paper/scripts/seg_factors_fig.py	paper/scripts/archive/seg_factors_fig.py
paper/scripts/seg_factors.py	paper/scripts/archive/seg_factors.py
paper/scripts/shoulder_angle_bakeoff.py	paper/scripts/archive/shoulder_angle_bakeoff.py
paper/scripts/shoulder_vert_circularity.py	paper/scripts/archive/shoulder_vert_circularity.py
pipeline/mv3d	pipeline/_archive/mv3d
cache/delta/_frames640	cache/_archive/delta/_frames640
cache/delta/_frames_lb640	cache/_archive/delta/_frames_lb640
cache/delta/_thumbs	cache/_archive/delta/_thumbs
cache/delta/P11	cache/_archive/delta/P11
cache/delta/_P25_unsplit_partial	cache/_archive/delta/_P25_unsplit_partial
cache/pose_models	cache/_archive/pose_models
cache/_gated_backup_20260810	cache/_archive/_gated_backup_20260810
cache/synbody_gt	cache/_archive/synbody_gt
cache/seg_inputs	cache/_archive/seg_inputs
cache/cup_ncams	cache/_archive/cup_ncams
cache/tracks_uetrack	cache/_archive/tracks_uetrack
cache/tracks_uetrack_reanchor	cache/_archive/tracks_uetrack_reanchor
cache/tracks_uetrack_reinit	cache/_archive/tracks_uetrack_reinit
cache/tracks_litetrack	cache/_archive/tracks_litetrack
cache/tracks	cache/_archive/tracks
cache/pointtrack	cache/_archive/pointtrack
cache/mvgformer	cache/_archive/mvgformer
cache/uetrack_scoremap	cache/_archive/uetrack_scoremap
cache/uetrack_scoremap_real	cache/_archive/uetrack_scoremap_real
cache/uetrack_boxes	cache/_archive/uetrack_boxes
cache/cup_flow_vel	cache/_archive/cup_flow_vel
cache/wrist_sigma	cache/_archive/wrist_sigma
cache/yolo_dets	cache/_archive/yolo_dets
cache/qtm_omc	cache/_archive/qtm_omc
cache/qtm_cup	cache/_archive/qtm_cup
cache/omc_prep	cache/_archive/omc_prep
cache/omc_prep2	cache/_archive/omc_prep2
cache/delta/P07/dets_blazepose	cache/_archive/alt_pose_dets/P07/dets_blazepose
cache/delta/P08/dets_blazepose	cache/_archive/alt_pose_dets/P08/dets_blazepose
cache/delta/P13/dets_blazepose	cache/_archive/alt_pose_dets/P13/dets_blazepose
cache/delta/P07/dets_rtmpose	cache/_archive/alt_pose_dets/P07/dets_rtmpose
cache/delta/P08/dets_rtmpose	cache/_archive/alt_pose_dets/P08/dets_rtmpose
cache/delta/P13/dets_rtmpose	cache/_archive/alt_pose_dets/P13/dets_rtmpose
cache/delta/P07/dets_rtmpose_det	cache/_archive/alt_pose_dets/P07/dets_rtmpose_det
