part,trial,mmc_min_drink,omc_min_drink,gap,ncam_drink,ncam_all,seq_mmc_drink onset,seq_omc_drink onset,seq_mmc_drink offset,seq_omc_drink offset,err,bad
P07,trial_10_L_unaffected,40.83493542322181,44.04418182187641,-3.2092463986545994,1.0,1.0,224.0,230,294.0,290,6.0,False
P07,trial_13_L_unaffected,46.21980214872182,38.72899653882784,7.490805609893975,1.0,1.0,224.0,243,284.0,285,19.0,False
P07,trial_14_L_unaffected,37.678994573280235,37.72310302924735,-0.04410845596711255,1.0,1.0,207.0,216,311.0,303,9.0,False
P07,trial_15_L_unaffected,28.135946863559575,38.591153064414556,-10.455206200854981,1.0,1.0,162.0,173,216.0,216,11.0,False
P07,trial_17_L_unaffected,43.75596425227418,39.813353883599966,3.9426103686742167,1.0,1.0,185.0,200,256.0,254,15.0,False
P07,trial_18_L_unaffected,46.39537925254181,50.23294154389392,-3.837562291352114,1.0,1.0,184.0,213,250.0,245,29.0,False
P07,trial_19_L_unaffected,52.52260366666499,45.40589883062336,7.1167048360416345,1.0,1.0,205.0,212,278.0,266,12.0,False
P07,trial_20_L_unaffected,46.21689320206798,56.12507090713686,-9.90817770506888,1.0,1.0,221.0,254,277.0,274,33.0,True
P07,trial_21_L_unaffected,44.930347172769935,40.21419911219709,4.716148060572841,1.0,1.0,150.0,165,229.0,222,15.0,False
P07,trial_22_L_unaffected,41.59939933865174,47.00415004746911,-5.404750708817367,1.0,1.0,203.0,209,269.0,267,6.0,False
P07,trial_23_L_unaffected,43.95122946934555,39.340913436662056,4.610316032683492,1.0,1.0,174.0,196,272.0,269,22.0,False
P07,trial_24_L_unaffected,43.23211545059966,39.513960648759934,3.7181548018397237,1.0,1.0,248.0,278,357.0,346,30.0,False
P07,trial_27_L_unaffected,29.27380192431139,35.64902157721324,-6.375219652901851,1.0,1.0,209.0,246,290.0,288,37.0,True
P07,trial_28_L_unaffected,28.564929320459047,38.66364187115405,-10.098712550695002,1.0,1.0,225.0,265,298.0,296,40.0,True
P07,trial_2_L_unaffected,58.014739987192954,87.98506627229429,-29.970326285101336,1.0,1.0,139.0,141,164.0,164,2.0,False
P07,trial_30_L_unaffected,39.60067146334324,38.69280072499081,0.9078707383524289,1.0,1.0,184.0,222,269.0,267,38.0,True
P07,trial_31_L_unaffected,40.30518587342149,41.826569208056085,-1.5213833346345922,1.0,1.0,229.0,271,288.0,289,42.0,True
P07,trial_32_L_unaffected,35.548968142369915,35.565262377918614,-0.01629423554869902,1.0,1.0,170.0,181,230.0,229,11.0,False
P07,trial_33_L_unaffected,35.30081375432649,41.64620145696421,-6.345387702637716,1.0,1.0,222.0,249,318.0,313,27.0,False
P07,trial_34_L_unaffected,32.84932111913083,40.102712713407136,-7.253391594276309,1.0,1.0,220.0,248,298.0,297,28.0,False
P07,trial_35_L_unaffected,44.29406820870561,40.7307259343386,3.5633422743670096,1.0,1.0,184.0,186,258.0,253,5.0,False
P07,trial_36_L_unaffected,48.51890661431822,43.362349447962856,5.156557166355363,1.0,1.0,225.0,254,314.0,298,29.0,False
P07,trial_37_L_unaffected,44.80422785878728,44.71464000645079,0.0895878523364857,1.0,1.0,201.0,224,288.0,287,23.0,False
P07,trial_38_L_unaffected,36.43648780005298,43.84492584025114,-7.408438040198163,1.0,1.0,194.0,232,291.0,286,38.0,True
P07,trial_41_L_unaffected,35.75643210412686,43.81909980558125,-8.062667701454394,1.0,1.0,219.0,236,320.0,315,17.0,False
P07,trial_42_L_unaffected,39.078883427192515,46.086720551528146,-7.00783712433563,1.0,1.0,213.0,229,321.0,320,16.0,False
P07,trial_43_R_affected,61.57791709359139,115.32753682365686,-53.74961973006547,1.0,1.0,600.0,599,689.0,695,6.0,False
P07,trial_44_R_affected,58.31115746524033,85.10636333967862,-26.795205874438295,1.0,1.0,325.0,301,438.0,443,24.0,False
P07,trial_46_R_affected,46.71718637036144,62.732540008196565,-16.015353637835126,1.0,1.0,358.0,359,468.0,470,2.0,False
P07,trial_48_R_affected,67.34068823191033,75.10216774334063,-7.761479511430295,1.0,1.0,313.0,319,364.0,357,7.0,False
P07,trial_49_R_affected,43.37485074094942,61.821810386816075,-18.446959645866656,1.0,1.0,284.0,285,407.0,410,3.0,False
P07,trial_52_R_affected,47.99049314584325,77.8404933038109,-29.85000015796765,1.0,1.0,331.0,316,444.0,447,15.0,False
P07,trial_53_R_affected,49.47473487400896,62.596415069282656,-13.121680195273697,1.0,1.0,287.0,315,375.0,390,28.0,False
P07,trial_54_R_affected,37.93523639754153,66.91347523485086,-28.978238837309334,1.0,1.0,248.0,247,361.0,368,7.0,False
P07,trial_55_R_affected,67.09267022747926,68.20233229501555,-1.1096620675362914,1.0,1.0,267.0,263,382.0,382,4.0,False
P07,trial_56_R_affected,47.34899747215039,63.53868906156198,-16.189691589411595,1.0,1.0,298.0,298,422.0,432,10.0,False
P07,trial_57_R_affected,58.75071097225826,67.92996193791626,-9.179250965658,1.0,1.0,338.0,337,445.0,446,1.0,False
P07,trial_59_R_affected,55.592555292884505,92.59634690274291,-37.0037916098584,1.0,1.0,276.0,254,385.0,385,22.0,False
P07,trial_60_R_affected,55.18188284455882,84.54510895921045,-29.36322611465163,1.0,1.0,346.0,346,452.0,451,1.0,False
P07,trial_61_R_affected,49.9854683750686,52.159621422058336,-2.174153046989737,1.0,1.0,379.0,383,470.0,472,4.0,False
P07,trial_62_R_affected,61.74565041768126,77.87809548149724,-16.13244506381598,1.0,1.0,337.0,336,479.0,480,1.0,False
P07,trial_63_R_affected,66.28018220657998,100.49549232413402,-34.21531011755404,1.0,1.0,296.0,298,342.0,337,5.0,False
P07,trial_64_R_affected,67.75030738005788,101.5474866721114,-33.79717929205353,1.0,1.0,383.0,385,528.0,527,2.0,False
P07,trial_65_R_affected,61.46566109624459,80.68044089762199,-19.214779801377404,1.0,1.0,292.0,292,446.0,456,10.0,False
P07,trial_66_R_affected,53.35457878674802,70.93907639449797,-17.584497607749952,1.0,1.0,364.0,366,477.0,482,5.0,False
P07,trial_67_R_affected,65.81808818339232,84.397029073624,-18.578940890231678,1.0,1.0,258.0,259,400.0,405,5.0,False
P07,trial_68_R_affected,52.57595358843529,70.34074543933308,-17.764791850897787,1.0,1.0,314.0,315,443.0,439,4.0,False
P07,trial_69_R_affected,53.53198245519309,75.30106584841856,-21.769083393225472,1.0,1.0,307.0,327,451.0,454,20.0,False
P07,trial_72_R_affected,60.348868579541865,81.09004354478253,-20.741174965240667,1.0,1.0,376.0,379,496.0,496,3.0,False
P07,trial_73_R_affected,47.77378918337324,63.84635747442643,-16.072568291053194,1.0,1.0,258.0,259,360.0,380,20.0,False
P07,trial_74_R_affected,42.14472080029286,61.37183091504743,-19.227110114754574,1.0,1.0,222.0,219,411.0,411,3.0,False
P07,trial_75_R_affected,40.12763806768957,55.095633929977446,-14.967995862287879,1.0,1.0,284.0,285,382.0,391,9.0,False
P07,trial_76_R_affected,43.410506577528004,60.233813630793776,-16.823307053265772,1.0,1.0,305.0,306,444.0,445,1.0,False
P07,trial_78_R_affected,42.51764720153345,80.37789387595153,-37.86024667441808,1.0,1.0,392.0,394,510.0,520,10.0,False
P07,trial_79_R_affected,60.159731285313384,90.46954299668468,-30.309811711371296,1.0,1.0,284.0,295,375.0,383,11.0,False
P07,trial_7_L_unaffected,35.738916827214,45.21873200674166,-9.479815179527662,1.0,1.0,166.0,193,218.0,216,27.0,False
P07,trial_80_R_affected,59.65683908480405,72.2142839147253,-12.557444829921252,1.0,1.0,332.0,331,492.0,493,1.0,False
P07,trial_81_R_affected,53.851255373078104,73.96588528884628,-20.114629915768177,1.0,1.0,313.0,310,461.0,470,9.0,False
P07,trial_82_R_affected,50.499245330131686,74.37007374442716,-23.870828414295474,1.0,1.0,310.0,310,502.0,514,12.0,False
P07,trial_83_R_affected,43.889401679365314,72.01443728484175,-28.125035605476434,1.0,1.0,299.0,300,467.0,479,12.0,False
P07,trial_8_L_unaffected,43.85438685215342,51.72493708934888,-7.870550237195459,1.0,1.0,147.0,160,236.0,230,13.0,False
P07,trial_9_L_unaffected,38.31336010571918,46.03024346380018,-7.716883358081006,1.0,1.0,185.0,208,249.0,247,23.0,False
P08,trial_10_R_unaffected,74.38241949342003,91.76459293196648,-17.382173438546445,1.0,1.0,243.0,238,266.0,263,5.0,False
P08,trial_13_R_unaffected,73.90297780907673,86.09101546454178,-12.188037655465052,1.0,1.0,245.0,253,287.0,283,8.0,False
P08,trial_14_R_unaffected,78.86079570165415,90.12978862141911,-11.268992919764955,1.0,1.0,233.0,239,269.0,268,6.0,False
P08,trial_15_R_unaffected,69.64874921971393,90.92342950239961,-21.27468028268568,1.0,1.0,235.0,241,296.0,294,6.0,False
P08,trial_19_R_unaffected,71.1691358382767,93.7100611693306,-22.5409253310539,1.0,1.0,239.0,245,284.0,284,6.0,False
P08,trial_20_R_unaffected,66.42661197815707,87.69004384284429,-21.26343186468722,1.0,1.0,202.0,211,261.0,263,9.0,False
P08,trial_21_R_unaffected,67.23079559632434,90.48785898505879,-23.25706338873445,1.0,1.0,235.0,240,271.0,271,5.0,False
P08,trial_23_R_unaffected,55.2041809061958,91.04752193084991,-35.84334102465411,1.0,1.0,231.0,237,387.0,387,6.0,False
P08,trial_26_R_unaffected,74.29810264902909,92.47809817025953,-18.17999552123044,1.0,1.0,232.0,235,269.0,266,3.0,False
P08,trial_29_R_unaffected,54.3421553757013,83.0262103915777,-28.684055015876403,1.0,1.0,249.0,249,270.0,269,1.0,False
P08,trial_2_R_unaffected,82.59237349383305,95.61349385002598,-13.021120356192924,1.0,1.0,237.0,243,274.0,274,6.0,False
P08,trial_30_R_unaffected,52.68998804602384,80.1255246064355,-27.435536560411663,1.0,1.0,227.0,231,322.0,320,4.0,False
P08,trial_37_R_unaffected,61.91964724608116,96.20601617796224,-34.28636893188108,1.0,1.0,281.0,279,373.0,374,2.0,False
P08,trial_3_R_unaffected,70.01200874083192,84.52825438079205,-14.516245639960133,1.0,1.0,228.0,227,258.0,256,2.0,False
P08,trial_42_R_unaffected,70.16532665374875,110.07449243049561,-39.90916577674686,1.0,1.0,221.0,221,276.0,279,3.0,False
P08,trial_44_R_unaffected,68.65858639392331,105.52708643691803,-36.86850004299471,1.0,1.0,233.0,231,285.0,285,2.0,False
P08,trial_47_R_unaffected,66.5486054926075,115.76751316978596,-49.21890767717845,1.0,1.0,214.0,223,371.0,376,9.0,False
P08,trial_4_R_unaffected,63.12764895302319,88.71315854469829,-25.5855095916751,1.0,1.0,223.0,225,274.0,274,2.0,False
P08,trial_50_L_affected,55.12115960322975,76.5485046831462,-21.427345079916456,1.0,1.0,514.0,518,567.0,570,4.0,False
P08,trial_52_L_affected,59.598722697882764,77.8166448250722,-18.21792212718944,1.0,1.0,220.0,220,273.0,275,2.0,False
P08,trial_53_L_affected,50.56820820770164,81.82627948506497,-31.258071277363335,1.0,1.0,231.0,230,273.0,271,2.0,False
P08,trial_54_L_affected,52.681267401962124,79.68259695408256,-27.00132955212043,1.0,1.0,220.0,218,250.0,251,2.0,False
P08,trial_55_L_affected,55.301896214917384,75.0311174889101,-19.729221273992714,1.0,1.0,229.0,230,270.0,272,2.0,False
P08,trial_56_L_affected,52.420507393611835,79.67698756361384,-27.256480170002,1.0,1.0,248.0,247,255.0,255,1.0,False
P08,trial_58_L_affected,50.08912700179971,71.43964371349456,-21.35051671169485,1.0,1.0,244.0,247,274.0,275,3.0,False
P08,trial_59_L_affected,62.20123036038501,80.54050714601195,-18.339276785626936,1.0,1.0,220.0,224,242.0,244,4.0,False
P08,trial_60_L_affected,63.985088359663315,80.08218702396158,-16.097098664298265,1.0,1.0,215.0,220,272.0,269,5.0,False
P08,trial_61_L_affected,59.772596792480286,77.29989867524709,-17.527301882766807,1.0,1.0,236.0,239,255.0,257,3.0,False
P08,trial_62_L_affected,52.18267277950228,80.6330065373281,-28.450333757825817,1.0,1.0,235.0,253,351.0,351,18.0,False
P08,trial_63_L_affected,53.56723449357519,79.32698502338044,-25.759750529805252,1.0,1.0,238.0,235,252.0,254,3.0,False
P08,trial_64_L_affected,61.37527251230109,88.18121664080213,-26.805944128501046,1.0,1.0,218.0,221,260.0,261,3.0,False
P08,trial_65_L_affected,54.416327464641796,82.90516792445939,-28.488840459817595,1.0,1.0,231.0,238,256.0,257,7.0,False
P08,trial_68_L_affected,52.86739935312893,88.12929786939831,-35.26189851626938,1.0,1.0,221.0,222,260.0,264,4.0,False
P08,trial_69_L_affected,54.09008335402095,83.84826243973049,-29.758179085709543,1.0,1.0,231.0,236,276.0,277,5.0,False
P08,trial_73_L_affected,59.96443372163808,94.13410753846036,-34.169673816822275,1.0,1.0,229.0,227,244.0,247,3.0,False
P08,trial_74_L_affected,63.560919606188556,85.2822867976043,-21.721367191415744,1.0,1.0,241.0,253,297.0,300,12.0,False
P08,trial_75_L_affected,54.74073393180703,79.71277029546347,-24.972036363656443,1.0,1.0,255.0,253,306.0,308,2.0,False
P08,trial_76_L_affected,65.98440044015962,89.19495984834877,-23.210559408189155,1.0,1.0,228.0,233,292.0,297,5.0,False
P08,trial_77_L_affected,60.177662847604736,88.32202179034195,-28.144358942737213,1.0,1.0,237.0,240,287.0,288,3.0,False
P08,trial_78_L_affected,58.02982363409894,85.99729985230098,-27.967476218202044,1.0,1.0,238.0,238,283.0,282,1.0,False
P08,trial_79_L_affected,53.56390279972125,74.83956621989886,-21.275663420177608,1.0,1.0,244.0,243,293.0,295,2.0,False
P08,trial_83_L_affected,75.26123028291359,91.85702563093625,-16.595795348022662,1.0,1.0,249.0,253,327.0,330,4.0,False
P08,trial_85_L_affected,84.21542761230675,105.04547786654847,-20.830050254241712,1.0,1.0,251.0,246,292.0,293,5.0,False
P08,trial_86_L_affected,75.40188383890714,86.16675360822897,-10.764869769321834,1.0,1.0,241.0,246,333.0,331,5.0,False
P08,trial_87_L_affected,78.53120399065082,101.65952662997034,-23.12832263931952,1.0,1.0,252.0,229,282.0,282,23.0,False
P08,trial_89_L_affected,57.892780480530824,81.91899590814903,-24.026215427618205,1.0,1.0,258.0,260,288.0,289,2.0,False
P08,trial_9_R_unaffected,68.51417976068186,90.61894023643708,-22.104760475755228,1.0,1.0,239.0,256,285.0,286,17.0,False
P10,trial_10_R_unaffected,51.887342811909136,127.047527815793,-75.16018500388387,1.0,0.9508196721311475,241.0,240,339.0,348,9.0,False
P10,trial_11_R_unaffected,48.90502539101148,126.05795903358991,-77.15293364257843,1.0,0.8442307692307692,218.0,212,326.0,325,6.0,False
P10,trial_12_R_unaffected,50.54262891378866,129.1855483967207,-78.64291948293203,1.0,0.9874739039665971,238.0,231,315.0,317,7.0,False
P10,trial_13_R_unaffected,42.8572340221282,127.50922895624119,-84.65199493411299,1.0,1.0,242.0,222,294.0,295,20.0,False
P10,trial_14_R_unaffected,59.98013233706949,126.07153453351334,-66.09140219644385,1.0,1.0,216.0,221,297.0,295,5.0,False
P10,trial_15_R_unaffected,50.89760035267482,123.61491457608005,-72.71731422340522,1.0,0.7819253438113949,236.0,229,322.0,320,7.0,False
P10,trial_16_R_unaffected,49.10899692674686,124.58044454070813,-75.47144761396126,1.0,1.0,225.0,225,306.0,308,2.0,False
P10,trial_17_R_unaffected,49.103899866371606,124.98040453373123,-75.87650466735963,1.0,1.0,228.0,226,327.0,330,3.0,False
P10,trial_18_R_unaffected,49.20029187064604,123.13650902520872,-73.93621715456268,1.0,1.0,222.0,223,303.0,305,2.0,False
P10,trial_19_R_unaffected,34.29410074647128,121.43473767617196,-87.14063692970069,1.0,1.0,225.0,221,292.0,303,11.0,False
P10,trial_1_R_unaffected,58.70823727861885,130.10414599085507,-71.39590871223622,1.0,1.0,251.0,255,363.0,360,4.0,False
P10,trial_23_R_unaffected,44.059105092663515,128.18845783514655,-84.12935274248304,1.0,1.0,339.0,379,474.0,471,40.0,True
P10,trial_24_R_unaffected,52.89231191374346,122.6023299508476,-69.71001803710413,1.0,0.6986706056129985,380.0,382,460.0,477,17.0,False
P10,trial_25_R_unaffected,57.9996830611199,126.81513717345806,-68.81545411233816,1.0,0.7940140845070423,286.0,282,386.0,385,4.0,False
P10,trial_26_R_unaffected,57.25862424039238,126.67444827637564,-69.41582403598326,1.0,0.8660194174757282,223.0,221,317.0,312,5.0,False
P10,trial_27_R_unaffected,56.31581771308214,122.10842575007541,-65.79260803699327,1.0,0.9642147117296223,232.0,216,312.0,233,79.0,True
P10,trial_28_R_unaffected,52.192555751249635,118.19808360855197,-66.00552785730233,1.0,0.9620253164556962,242.0,240,330.0,341,11.0,False
P10,trial_2_R_unaffected,46.24473773991301,130.0520866456869,-83.80734890577389,1.0,0.9775700934579439,221.0,216,335.0,331,5.0,False
P10,trial_31_R_unaffected,51.56715456894541,128.6518692295616,-77.0847146606162,1.0,0.723342939481268,375.0,359,446.0,448,16.0,False
P10,trial_32_R_unaffected,59.18378378957038,128.86202217768974,-69.67823838811935,1.0,0.9016393442622951,236.0,237,317.0,330,13.0,False
P10,trial_33_R_unaffected,56.79218324706916,124.09532035771443,-67.30313711064527,1.0,0.838150289017341,229.0,218,319.0,294,25.0,False
P10,trial_34_R_unaffected,46.55972868912409,125.11936630814067,-78.55963761901657,1.0,0.8368200836820083,217.0,220,278.0,305,27.0,False
P10,trial_35_R_unaffected,48.23631926391493,120.18007022998991,-71.94375096607499,1.0,0.9132947976878613,242.0,233,319.0,325,9.0,False
P10,trial_36_R_unaffected,50.90242051169375,126.4082656077164,-75.50584509602265,1.0,1.0,246.0,247,342.0,350,8.0,False
P10,trial_37_R_unaffected,50.564393632150704,116.0756288758643,-65.5112352437136,1.0,1.0,226.0,240,324.0,308,16.0,False
P10,trial_38_R_unaffected,45.80586999545471,122.77713441000284,-76.97126441454813,1.0,0.844311377245509,222.0,217,294.0,310,16.0,False
P10,trial_39_R_unaffected,48.322096968169504,120.48166430350211,-72.15956733533261,1.0,0.8323699421965318,241.0,241,337.0,352,15.0,False
P10,trial_3_R_unaffected,56.209372812646194,125.1037302090851,-68.8943573964389,1.0,1.0,218.0,211,327.0,336,9.0,False
P10,trial_44_L_affected,49.117608245289006,113.40795889696084,-64.29035065167183,1.0,1.0,253.0,248,308.0,310,5.0,False
P10,trial_45_L_affected,50.256551958539895,116.08811536619163,-65.83156340765174,1.0,1.0,199.0,195,256.0,261,5.0,False
P10,trial_46_L_affected,71.48541244127193,122.85178994235075,-51.366377501078816,1.0,1.0,208.0,209,284.0,290,6.0,False
P10,trial_47_L_affected,66.32229422848974,121.96471037781411,-55.642416149324376,1.0,1.0,199.0,200,262.0,269,7.0,False
P10,trial_48_L_affected,68.12460581455036,119.5160202069728,-51.39141439242243,1.0,1.0,194.0,200,263.0,269,6.0,False
P10,trial_49_L_affected,72.59751238835692,119.47723544836872,-46.8797230600118,1.0,0.9908675799086758,199.0,206,269.0,278,9.0,False
P10,trial_4_R_unaffected,45.23574301640984,126.52056127103566,-81.28481825462582,1.0,0.8725868725868726,200.0,195,316.0,319,5.0,False
P10,trial_50_L_affected,70.93795581245011,119.57507107065113,-48.63711525820102,1.0,1.0,202.0,200,254.0,263,9.0,False
P10,trial_51_L_affected,69.55356722983046,119.98689224002555,-50.43332501019509,1.0,0.9960861056751468,212.0,209,286.0,292,6.0,False
P10,trial_52_L_affected,70.42025778416277,117.10390839854738,-46.683650614384604,1.0,0.99375,210.0,212,274.0,284,10.0,False
P10,trial_53_L_affected,54.54189973336931,121.24660756945376,-66.70470783608445,1.0,1.0,187.0,186,238.0,252,14.0,False
P10,trial_54_L_affected,48.475432275785344,118.2229075534688,-69.74747527768346,1.0,1.0,210.0,209,254.0,274,20.0,False
P10,trial_55_L_affected,67.79176769071233,120.03351840549843,-52.24175071478609,1.0,1.0,215.0,217,271.0,284,13.0,False
P10,trial_56_L_affected,53.83200882594455,119.87071168722589,-66.03870286128134,1.0,1.0,211.0,204,264.0,275,11.0,False
P10,trial_57_L_affected,63.1905239054912,118.9758407344512,-55.78531682896,1.0,0.950920245398773,206.0,205,272.0,287,15.0,False
P10,trial_58_L_affected,62.56579952592995,120.88742205147645,-58.3216225255465,1.0,1.0,224.0,225,281.0,287,6.0,False
P10,trial_59_L_affected,62.01188677120828,117.45759837456892,-55.445711603360635,1.0,1.0,212.0,210,259.0,286,27.0,False
P10,trial_5_R_unaffected,45.6850993347998,122.21160492575673,-76.52650559095693,1.0,0.9779816513761468,216.0,207,367.0,365,9.0,False
P10,trial_60_L_affected,55.61529630795118,122.7438222261261,-67.12852591817492,1.0,1.0,220.0,223,262.0,263,3.0,False
P10,trial_61_L_affected,65.00846410669311,123.0038023796419,-57.995338272948786,1.0,0.9571428571428572,216.0,209,272.0,281,9.0,False
P10,trial_62_L_affected,64.65690315526587,124.05105444983906,-59.39415129457319,1.0,1.0,218.0,209,272.0,284,12.0,False
P10,trial_63_L_affected,55.1789822416971,121.61054346238993,-66.43156122069283,1.0,0.9978768577494692,220.0,217,269.0,274,5.0,False
P10,trial_64_L_affected,66.83803285102691,121.69918262764438,-54.86114977661747,1.0,1.0,200.0,195,262.0,263,5.0,False
P10,trial_65_L_affected,70.89385200136964,121.53566418342841,-50.64181218205877,1.0,1.0,211.0,210,262.0,250,12.0,False
P10,trial_66_L_affected,51.8918484983185,120.5858374023161,-68.69398890399759,1.0,1.0,195.0,189,241.0,241,6.0,False
P10,trial_67_L_affected,62.287383583218926,125.09074771330536,-62.803364130086436,1.0,1.0,206.0,207,265.0,276,11.0,False
P10,trial_68_L_affected,52.68590705129853,123.80411171444207,-71.11820466314354,1.0,1.0,205.0,205,260.0,265,5.0,False
P10,trial_69_L_affected,64.97969783456173,123.85202310732969,-58.87232527276795,1.0,1.0,210.0,210,269.0,275,6.0,False
P10,trial_6_R_unaffected,57.7106784000633,130.7967837531253,-73.08610535306201,0.9534883720930233,0.5473887814313346,,242,,346,,False
P10,trial_70_L_affected,52.41996642599577,124.09159439225583,-71.67162796626006,1.0,1.0,213.0,213,263.0,263,0.0,False
P10,trial_71_L_affected,52.11219540738945,123.47480618426582,-71.36261077687637,1.0,1.0,197.0,191,241.0,248,7.0,False
P10,trial_72_L_affected,64.90719790347018,121.77348858339415,-56.86629067992398,1.0,1.0,207.0,211,254.0,260,6.0,False
P10,trial_73_L_affected,70.17374816310738,124.14843915242486,-53.97469098931748,1.0,1.0,206.0,208,257.0,267,10.0,False
P10,trial_74_L_affected,69.4321013856589,124.55396781989988,-55.121866434240985,1.0,0.9533333333333334,194.0,197,244.0,255,11.0,False
P10,trial_75_L_affected,54.35145338730221,125.11505511914709,-70.76360173184489,1.0,0.9934065934065934,188.0,185,236.0,247,11.0,False
P10,trial_77_L_affected,65.9411853525724,121.51724894740379,-55.57606359483138,1.0,0.9955654101995566,204.0,209,254.0,269,15.0,False
P10,trial_78_L_affected,55.697290242871986,120.86334657799259,-65.1660563351206,1.0,1.0,210.0,207,261.0,271,10.0,False
P10,trial_79_L_affected,64.20273814761117,117.88837100660076,-53.68563285898959,1.0,0.9954853273137697,190.0,190,243.0,254,11.0,False
P10,trial_7_R_unaffected,55.93137510530782,128.32861279988495,-72.39723769457713,1.0,0.94140625,225.0,218,318.0,319,7.0,False
P10,trial_80_L_affected,67.79231968526726,118.67098537775564,-50.87866569248838,1.0,1.0,198.0,203,252.0,273,21.0,False
P10,trial_81_L_affected,54.75045212792962,122.87814929161617,-68.12769716368655,1.0,1.0,212.0,211,260.0,271,11.0,False
P10,trial_82_L_affected,56.08947172317513,120.85313018378393,-64.76365846060881,1.0,1.0,210.0,211,265.0,276,11.0,False
P10,trial_83_L_affected,52.23411750993913,118.6788395382285,-66.44472202828936,1.0,1.0,214.0,214,258.0,269,11.0,False
P10,trial_8_R_unaffected,465.60889791140886,126.1430559653018,339.46584194610705,0.0,0.13438735177865613,323.0,208,505.0,316,189.0,True
P10,trial_9_R_unaffected,51.08614133166876,124.2739062478923,-73.18776491622353,1.0,1.0,219.0,221,311.0,307,4.0,False
P12,trial_10_L_unaffected,642.4636362322792,111.8761958020841,530.5874404301951,0.0,0.5014492753623189,105.0,160,110.0,217,107.0,True
P12,trial_11_L_unaffected,538.6946385628344,105.00491092479723,433.68972763803714,0.0,0.43661971830985913,119.0,150,158.0,207,49.0,True
P12,trial_12_L_unaffected,628.0942143279535,104.53205382454422,523.5621605034094,0.0,0.4263157894736842,115.0,166,297.0,254,51.0,True
P12,trial_13_L_unaffected,638.8074049084732,97.71836362223094,541.0890412862423,0.0,0.329700272479564,105.0,157,191.0,212,52.0,True
P12,trial_14_L_unaffected,656.8952052902691,102.43558943812445,554.4596158521447,0.0,0.43526170798898073,101.0,155,106.0,221,115.0,True
P12,trial_15_L_unaffected,658.1886997237028,101.56498187649039,556.6237178472124,0.0,0.42276422764227645,107.0,172,112.0,227,115.0,True
P12,trial_16_L_unaffected,627.0990438702875,100.88619531022252,526.2128485600649,0.0,0.3626062322946176,100.0,159,105.0,229,124.0,True
P12,trial_17_L_unaffected,633.4149694671455,110.23049423501917,523.1844752321264,0.0,0.35501355013550134,110.0,169,163.0,249,86.0,True
P12,trial_18_L_unaffected,643.6487425733574,111.90098362719563,531.7477589461618,0.0,0.32409972299168976,,166,,229,,False
P12,trial_19_L_unaffected,660.7491345031839,109.50601604646728,551.2431184567166,0.0,0.42513368983957217,108.0,175,113.0,226,113.0,True
P12,trial_1_L_unaffected,550.7217351711627,104.80600148870117,445.9157336824615,0.0,0.024498886414253896,189.0,195,448.0,296,152.0,True
P12,trial_20_L_unaffected,632.3982846292577,108.24818287988734,524.1501017493704,0.0,0.40153452685422,142.0,165,332.0,251,81.0,True
P12,trial_21_L_unaffected,658.5941128092987,106.11446140500342,552.4796514042953,0.0,0.3314285714285714,267.0,169,349.0,208,141.0,True
P12,trial_22_L_unaffected,639.8336596418187,105.35276870880786,534.4808909330109,0.0,0.34195402298850575,113.0,162,118.0,224,106.0,True
P12,trial_23_L_unaffected,645.9595748410285,109.80891741850537,536.1506574225231,0.0,0.07398568019093078,299.0,186,418.0,279,139.0,True
P12,trial_24_L_unaffected,708.9921473056353,108.72351115304646,600.2686361525888,0.0,0.14936708860759493,142.0,177,147.0,263,116.0,True
P12,trial_25_L_unaffected,603.6755316158356,106.60001692709106,497.0755146887445,0.0,0.10714285714285714,108.0,187,295.0,220,79.0,True
P12,trial_26_L_unaffected,58.58330685942687,107.92336993538662,-49.34006307595975,0.0,0.3813559322033898,166.0,165,223.0,233,10.0,False
P12,trial_27_L_unaffected,628.8580652728998,108.12198919457441,520.7360760783254,0.0,0.39903846153846156,122.0,179,128.0,296,168.0,True
P12,trial_28_L_unaffected,61.22082413987485,110.56314195323947,-49.342317813364616,0.0,0.3675675675675676,159.0,190,240.0,247,31.0,True
P12,trial_29_L_unaffected,642.5582712141949,115.59252278296714,526.9657484312277,0.0,0.39267015706806285,124.0,168,129.0,253,124.0,True
P12,trial_2_L_unaffected,578.644237632752,117.20929850140317,461.43493913134887,0.0,0.2704714640198511,156.0,154,346.0,263,83.0,True
P12,trial_30_L_unaffected,598.9661329081375,118.34879788953135,480.6173350186062,0.0,0.2838541666666667,115.0,155,138.0,249,111.0,True
P12,trial_31_L_unaffected,664.2371524969445,98.35623039890928,565.8809220980353,0.0,0.2809917355371901,248.0,165,362.0,216,146.0,True
P12,trial_32_L_unaffected,659.0619382264492,111.17886997242451,547.8830682540247,0.0,0.25831202046035806,109.0,189,125.0,269,144.0,True
P12,trial_33_L_unaffected,648.9301687486095,102.4288646081153,546.5013041404942,0.0,0.28746928746928746,309.0,186,406.0,249,157.0,True
P12,trial_34_L_unaffected,73.87573529006757,114.80905279928746,-40.93331750921989,0.0,0.23163841807909605,168.0,173,232.0,221,11.0,False
P12,trial_35_L_unaffected,71.61737542990313,111.60937330164619,-39.99199787174305,0.8554216867469879,0.4753246753246753,170.0,169,228.0,231,3.0,False
P12,trial_36_L_unaffected,71.15012332986706,107.79508670890249,-36.64496337903543,0.0,0.11855670103092783,159.0,195,222.0,234,36.0,True
P12,trial_37_L_unaffected,71.96068468995618,120.86675320379346,-48.90606851383728,0.0,0.21727019498607242,152.0,161,218.0,236,18.0,False
P12,trial_38_L_unaffected,638.9173188184022,117.00894152090491,521.9083772974973,0.0,0.36153846153846153,113.0,173,118.0,245,127.0,True
P12,trial_39_L_unaffected,620.029189308342,116.32611517817497,503.703074130167,0.0,0.24260355029585798,105.0,149,337.0,222,115.0,True
P12,trial_40_L_unaffected,645.0802963354558,115.6455651333886,529.4347312020673,0.0,0.17435897435897435,146.0,167,389.0,229,160.0,True
P12,trial_41_R_affected,62.290381207888124,119.04401132031695,-56.75363011242883,1.0,0.9937238493723849,184.0,182,255.0,258,3.0,False
P12,trial_42_R_affected,58.67199535545793,125.79587002631905,-67.12387467086111,1.0,0.680327868852459,242.0,237,303.0,317,14.0,False
P12,trial_43_R_affected,62.377115018220294,124.15246660873163,-61.775351590511335,1.0,0.9618834080717489,213.0,207,272.0,283,11.0,False
P12,trial_44_R_affected,60.047146437724514,120.62317889909902,-60.5760324613745,1.0,0.9588100686498856,206.0,200,269.0,280,11.0,False
P12,trial_45_R_affected,64.71688229780287,128.77776101886332,-64.06087872106045,1.0,0.9846153846153847,194.0,187,261.0,272,11.0,False
P12,trial_46_R_affected,61.671709286574945,128.13091526552816,-66.45920597895321,1.0,0.9976415094339622,171.0,163,254.0,255,8.0,False
P12,trial_47_R_affected,65.74944733049436,125.94208949457195,-60.19264216407758,1.0,0.9976798143851509,205.0,207,286.0,290,4.0,False
P12,trial_48_R_affected,64.96662175654214,118.11702553103713,-53.15040377449499,1.0,1.0,210.0,206,291.0,299,8.0,False
P12,trial_49_R_affected,59.915026104033714,127.47810710790615,-67.56308100387244,1.0,0.9705882352941176,191.0,183,256.0,275,19.0,False
P12,trial_4_L_unaffected,642.3956344157937,112.63413331163918,529.7615011041545,0.0,0.5670103092783505,277.0,172,283.0,227,105.0,True
P12,trial_50_R_affected,59.56530723576486,127.67348296131104,-68.10817572554618,1.0,0.721868365180467,211.0,207,304.0,311,7.0,False
P12,trial_51_R_affected,62.91859202270672,127.28447830385188,-64.36588628114517,1.0,1.0,226.0,231,334.0,348,14.0,False
P12,trial_52_R_affected,64.16755686429653,117.83213167239839,-53.66457480810186,1.0,0.9978070175438597,184.0,184,290.0,297,7.0,False
P12,trial_53_R_affected,67.08427630849874,130.04800647777253,-62.96373016927379,1.0,0.9917864476386037,199.0,198,301.0,317,16.0,False
P12,trial_54_R_affected,60.864278713305296,125.54900333659772,-64.68472462329242,1.0,0.9953810623556582,209.0,200,263.0,272,9.0,False
P12,trial_56_R_affected,65.27569080399947,122.02238857423899,-56.74669777023952,1.0,1.0,208.0,204,322.0,329,7.0,False
P12,trial_57_R_affected,64.12626470411595,129.1523711389601,-65.02610643484414,1.0,0.9954853273137697,209.0,195,293.0,297,14.0,False
P12,trial_58_R_affected,62.64310259126354,123.41246092739357,-60.769358336130026,1.0,1.0,186.0,176,258.0,264,10.0,False
P12,trial_59_R_affected,58.29637796539396,124.67063260634498,-66.37425464095102,1.0,0.8447488584474886,188.0,185,297.0,303,6.0,False
P12,trial_5_L_unaffected,62.791010395096365,115.74407474730135,-52.95306435220499,0.0,0.10230179028132992,165.0,160,215.0,225,10.0,False
P12,trial_61_R_affected,61.43051268533096,114.50068414434196,-53.070171459011,1.0,1.0,197.0,181,309.0,316,16.0,False
P12,trial_62_R_affected,60.15934241369328,117.99489741002756,-57.83555499633428,1.0,0.9823399558498896,225.0,225,325.0,329,4.0,False
P12,trial_63_R_affected,59.500813482425855,115.10553615064848,-55.60472266822262,1.0,1.0,229.0,211,345.0,348,18.0,False
P12,trial_64_R_affected,59.50555552241721,127.04030292670478,-67.53474740428757,1.0,0.6659574468085107,187.0,179,311.0,317,8.0,False
P12,trial_65_R_affected,60.341093261570855,117.59364274758849,-57.252549486017635,1.0,0.7663316582914573,190.0,187,244.0,258,14.0,False
P12,trial_66_R_affected,65.52722213186745,124.95627583292321,-59.429053701055764,1.0,0.9395973154362416,192.0,192,253.0,258,5.0,False
P12,trial_67_R_affected,65.64526040478087,119.9454659239901,-54.30020551920923,1.0,0.5513392857142857,222.0,203,276.0,283,19.0,False
P12,trial_68_R_affected,61.75691270741735,117.39785215355971,-55.64093944614236,1.0,0.7272727272727273,213.0,212,285.0,303,18.0,False
P12,trial_69_R_affected,64.2398371007771,122.19308853753267,-57.95325143675558,1.0,0.6252723311546841,179.0,180,271.0,284,13.0,False
P12,trial_6_L_unaffected,584.4162391141143,121.95696715182599,462.4592719622883,0.0,0.1491442542787286,154.0,181,276.0,263,27.0,False
P12,trial_70_R_affected,63.647678376211964,113.74623356597276,-50.098555189760795,1.0,0.9802197802197802,203.0,205,275.0,286,11.0,False
P12,trial_71_R_affected,60.34304861021179,132.7765605975252,-72.43351198731341,1.0,0.7943262411347518,197.0,161,259.0,260,36.0,True
P12,trial_72_R_affected,62.548287732455684,119.28775297794117,-56.73946524548548,1.0,0.6380510440835266,180.0,177,248.0,265,17.0,False
P12,trial_73_R_affected,58.91388728624658,117.0537906112348,-58.139903324988225,1.0,0.5909090909090909,187.0,183,280.0,290,10.0,False
P12,trial_74_R_affected,63.19286820610919,120.89286394338613,-57.69999573727694,1.0,0.7552447552447552,190.0,189,271.0,286,15.0,False
P12,trial_75_R_affected,63.354960661094225,113.84954858720222,-50.494587926108,1.0,0.5875299760191847,157.0,155,241.0,242,2.0,False
P12,trial_77_R_affected,62.446097159538304,116.6475003440317,-54.201403184493394,1.0,0.6418918918918919,208.0,208,288.0,301,13.0,False
P12,trial_78_R_affected,62.37222854952315,111.2100328129079,-48.83780426338475,1.0,0.556745182012848,209.0,211,308.0,316,8.0,False
P12,trial_7_L_unaffected,614.632097096949,109.44618206825857,505.18591502869043,0.0,0.5822784810126582,126.0,162,131.0,230,99.0,True
P12,trial_80_R_affected,61.239612026255564,109.68212983307461,-48.44251780681905,1.0,0.9980276134122288,205.0,207,322.0,325,3.0,False
P12,trial_81_R_affected,64.71195641955012,110.07510116346164,-45.36314474391152,1.0,0.6234042553191489,220.0,217,313.0,327,14.0,False
P12,trial_82_R_affected,67.77142805700144,105.48414937569075,-37.712721318689304,1.0,0.7701863354037267,225.0,213,314.0,312,12.0,False
P12,trial_8_L_unaffected,623.9307132692538,108.67180864657085,515.258904622683,0.0,0.5526932084309133,111.0,166,116.0,240,124.0,True
P12,trial_9_L_unaffected,614.5258137908056,106.69214212169659,507.83367166910904,0.0,0.07365439093484419,147.0,166,352.0,236,116.0,True
P13,trial_10_L_unaffected,73.07104042093457,133.8516521938351,-60.78061177290053,0.0,0.30663615560640733,175.0,172,239.0,257,18.0,False
P13,trial_11_L_unaffected,73.3587453324241,131.7888945340704,-58.4301492016463,0.0,0.2656641604010025,162.0,142,202.0,220,20.0,False
P13,trial_13_L_unaffected,77.47823233583617,127.51502103037615,-50.03678869453998,0.0,0.2582278481012658,161.0,140,198.0,218,21.0,False
P13,trial_14_L_unaffected,78.12870427689523,129.47455489724297,-51.34585062034773,0.0,0.29201101928374656,156.0,141,215.0,229,15.0,False
P13,trial_15_L_unaffected,81.16239772639801,134.9225683910678,-53.7601706646698,0.0,0.2979274611398964,156.0,156,219.0,240,21.0,False
P13,trial_16_L_unaffected,74.89355364879681,127.11326322274839,-52.219709573951576,0.0,0.2903225806451613,159.0,147,203.0,218,15.0,False
P13,trial_17_L_unaffected,71.3761458642032,129.43008531691152,-58.05393945270832,0.0,0.597911227154047,183.0,154,224.0,243,29.0,False
P13,trial_18_L_unaffected,77.4701713014208,128.87118447838796,-51.401013176967155,0.0,0.2777777777777778,163.0,167,241.0,257,16.0,False
P13,trial_19_L_unaffected,75.83939788483319,123.2621244370422,-47.422726552209014,0.0,0.2916666666666667,162.0,159,223.0,237,14.0,False
P13,trial_20_L_unaffected,54.84124978657393,130.42035038785482,-75.57910060128089,1.0,0.5951807228915663,155.0,153,215.0,229,14.0,False
P13,trial_21_L_unaffected,71.28996885965893,136.44584109288718,-65.15587223322825,0.0,0.5801526717557252,158.0,157,232.0,253,21.0,False
P13,trial_22_L_unaffected,78.0906734914117,128.76811447570105,-50.67744098428935,0.0,0.2871287128712871,173.0,154,224.0,242,19.0,False
P13,trial_23_L_unaffected,71.38030600689233,130.7228054461911,-59.34249943929878,0.0,0.2776470588235294,165.0,158,232.0,251,19.0,False
P13,trial_24_L_unaffected,70.58525184997941,126.82665248501019,-56.24140063503077,0.0,0.42572062084257206,156.0,145,240.0,255,15.0,False
P13,trial_25_L_unaffected,77.19664999801394,130.14833596659219,-52.951685968578246,0.0,0.3305785123966942,166.0,162,208.0,228,20.0,False
P13,trial_26_L_unaffected,78.76714588177882,128.6625084423555,-49.89536256057667,0.0,0.2765957446808511,149.0,145,212.0,231,19.0,False
P13,trial_27_L_unaffected,74.67247813317313,126.40213162015445,-51.72965348698132,0.0,0.31295843520782396,167.0,170,245.0,262,17.0,False
P13,trial_28_L_unaffected,78.28869101958374,121.62168650260743,-43.332995483023694,0.0,0.2997275204359673,164.0,170,218.0,225,7.0,False
P13,trial_29_L_unaffected,52.23190199195832,127.64355685397743,-75.4116548620191,0.6170212765957447,0.518796992481203,170.0,166,243.0,246,4.0,False
P13,trial_2_L_unaffected,78.16799476513678,130.4767281951822,-52.30873343004542,0.0,0.6212471131639723,207.0,205,295.0,302,7.0,False
P13,trial_30_L_unaffected,80.69705570032183,119.55090929366854,-38.85385359334671,0.0,0.37866666666666665,195.0,185,256.0,245,11.0,False
P13,trial_31_L_unaffected,75.60756074042686,127.73752764199219,-52.129966901565325,0.0,0.33980582524271846,191.0,189,241.0,262,21.0,False
P13,trial_32_L_unaffected,73.666412492733,123.47541909783223,-49.80900660509923,0.0,0.306282722513089,172.0,153,230.0,240,19.0,False
P13,trial_33_L_unaffected,80.18236182706728,127.05565302724487,-46.87329120017759,0.0,0.3333333333333333,181.0,176,246.0,261,15.0,False
P13,trial_34_L_unaffected,80.58043440685339,124.65720351260592,-44.07676910575253,0.0,0.3014705882352941,172.0,167,229.0,233,5.0,False
P13,trial_35_L_unaffected,71.31602075934272,125.41550601658051,-54.09948525723779,0.0,0.3105263157894737,182.0,172,228.0,232,10.0,False
P13,trial_36_L_unaffected,79.07815200234373,121.48235162378248,-42.40419962143875,0.0,0.29310344827586204,160.0,162,220.0,239,19.0,False
P13,trial_37_L_unaffected,68.63869057908762,124.78992369562044,-56.15123311653282,0.0,0.29365079365079366,167.0,160,222.0,240,18.0,False
P13,trial_38_L_unaffected,73.35822191084308,126.2090409405455,-52.85081902970242,0.0,0.31971153846153844,174.0,173,238.0,251,13.0,False
P13,trial_39_L_unaffected,72.50009286471266,126.27947380668054,-53.77938094196789,0.0,0.2926208651399491,161.0,162,212.0,231,19.0,False
P13,trial_3_L_unaffected,74.43280928642852,132.38691676357752,-57.954107477148995,0.0,0.38461538461538464,222.0,214,266.0,285,19.0,False
P13,trial_40_L_unaffected,75.56017337480569,123.40605835209679,-47.84588497729111,0.0,0.32057416267942584,177.0,169,250.0,260,10.0,False
P13,trial_41_R_affected,67.01167436401632,117.57913252669935,-50.56745816268304,1.0,1.0,181.0,180,262.0,269,7.0,False
P13,trial_42_R_affected,58.658693596977734,116.50792854235279,-57.84923494537505,0.043010752688172046,0.6941431670281996,185.0,188,253.0,267,14.0,False
P13,trial_43_R_affected,70.18519752847286,128.08472657241157,-57.89952904393871,1.0,1.0,184.0,183,266.0,275,9.0,False
P13,trial_44_R_affected,69.84345346276139,126.60350954296308,-56.76005608020169,1.0,1.0,171.0,170,246.0,250,4.0,False
P13,trial_45_R_affected,67.55569596564375,125.3034566978459,-57.74776073220215,1.0,0.940149625935162,183.0,181,247.0,251,4.0,False
P13,trial_46_R_affected,64.64378445663814,121.15011459580722,-56.50633013916908,1.0,1.0,176.0,172,245.0,252,7.0,False
P13,trial_47_R_affected,67.9421843968718,121.90379495375791,-53.961610556886114,1.0,1.0,197.0,186,284.0,290,11.0,False
P13,trial_48_R_affected,62.88397105989152,119.34404642571884,-56.46007536582732,1.0,1.0,223.0,221,295.0,316,21.0,False
P13,trial_49_R_affected,67.25303089150927,119.76797294834782,-52.51494205683855,1.0,1.0,181.0,168,235.0,237,13.0,False
P13,trial_4_L_unaffected,74.50235330537187,133.00532221168044,-58.50296890630857,0.0,0.32873563218390806,194.0,192,274.0,290,16.0,False
P13,trial_50_R_affected,63.87194904787902,112.27497564976039,-48.40302660188137,1.0,1.0,182.0,180,267.0,268,2.0,False
P13,trial_51_R_affected,63.49250770085233,116.34936040511971,-52.85685270426738,1.0,1.0,174.0,165,261.0,264,9.0,False
P13,trial_53_R_affected,65.53540978663824,113.55074109830835,-48.01533131167011,1.0,1.0,181.0,183,254.0,274,20.0,False
P13,trial_54_R_affected,68.04584985174766,116.44041689296746,-48.3945670412198,1.0,1.0,176.0,171,244.0,251,7.0,False
P13,trial_57_R_affected,66.24420300983799,107.96449927663515,-41.72029626679716,1.0,1.0,207.0,205,285.0,280,5.0,False
P13,trial_58_R_affected,64.66345678815098,122.5569736384722,-57.89351685032122,1.0,1.0,191.0,193,259.0,265,6.0,False
P13,trial_59_R_affected,60.31014355182252,115.94859825942771,-55.63845470760519,1.0,1.0,211.0,202,286.0,280,9.0,False
P13,trial_5_L_unaffected,77.72639094776572,124.49012124508634,-46.76373029732062,0.0,0.27927927927927926,195.0,166,245.0,263,29.0,False
P13,trial_60_R_affected,62.477579908242966,112.04469599172486,-49.5671160834819,1.0,1.0,200.0,200,280.0,298,18.0,False
P13,trial_61_R_affected,63.030666431856254,118.26132600148726,-55.23065956963101,1.0,1.0,222.0,217,266.0,265,5.0,False
P13,trial_62_R_affected,66.12454405993213,120.87857643686773,-54.7540323769356,1.0,1.0,204.0,199,300.0,307,7.0,False
P13,trial_63_R_affected,60.73661856341418,114.49453801594943,-53.75791945253525,1.0,0.868995633187773,185.0,173,278.0,298,20.0,False
P13,trial_64_R_affected,63.73260199687321,112.55861169982452,-48.82600970295132,1.0,1.0,205.0,206,271.0,293,22.0,False
P13,trial_66_R_affected,61.38837543731963,116.22878017240804,-54.840404735088406,1.0,0.90625,188.0,188,254.0,259,5.0,False
P13,trial_67_R_affected,65.14270719232893,122.17001483259907,-57.02730764027014,1.0,1.0,187.0,183,230.0,241,11.0,False
P13,trial_68_R_affected,60.12686809614604,110.35383273393008,-50.226964637784036,1.0,1.0,204.0,205,286.0,285,1.0,False
P13,trial_69_R_affected,63.85175518821135,112.26178135610557,-48.41002616789422,1.0,0.9612403100775194,187.0,185,229.0,245,16.0,False
P13,trial_6_L_unaffected,79.23625798690803,125.80353092752249,-46.56727294061446,0.0,0.3530751708428246,204.0,197,267.0,285,18.0,False
P13,trial_70_R_affected,63.481578978316186,117.99772387635603,-54.51614489803985,1.0,1.0,201.0,187,271.0,286,15.0,False
P13,trial_71_R_affected,69.08053940017737,115.59330449651611,-46.51276509633874,1.0,0.8364928909952607,191.0,205,256.0,261,14.0,False
P13,trial_73_R_affected,62.23522022541474,110.93416531301052,-48.69894508759578,1.0,0.9501187648456056,185.0,183,261.0,257,4.0,False
P13,trial_74_R_affected,66.36844551481262,113.29858996429962,-46.930144449487,1.0,0.8431818181818181,201.0,201,270.0,271,1.0,False
P13,trial_75_R_affected,68.83465255808096,116.9335153846841,-48.09886282660314,1.0,0.7959183673469388,185.0,186,278.0,287,9.0,False
P13,trial_76_R_affected,64.57422477298145,116.38211227276446,-51.80788749978301,1.0,0.7753623188405797,176.0,175,250.0,253,3.0,False
P13,trial_77_R_affected,63.08485541974543,111.24252485265428,-48.157669432908854,1.0,0.9501187648456056,191.0,190,256.0,252,4.0,False
P13,trial_78_R_affected,67.14897866364079,111.53117612140592,-44.38219745776513,1.0,0.7982062780269058,188.0,192,272.0,276,4.0,False
P13,trial_79_R_affected,64.59847606061709,117.3088589820282,-52.71038292141111,1.0,0.7138964577656676,195.0,195,251.0,261,10.0,False
P13,trial_7_L_unaffected,73.94643338236865,128.55390550792714,-54.60747212555849,0.0,0.2770780856423174,149.0,147,211.0,230,19.0,False
P13,trial_80_R_affected,63.975032924467186,111.0676955159041,-47.09266259143692,1.0,0.8316633266533067,228.0,226,292.0,314,22.0,False
P13,trial_8_L_unaffected,75.44254202489756,128.27156088264184,-52.82901885774427,0.0,0.3074866310160428,153.0,149,208.0,227,19.0,False
P13,trial_9_L_unaffected,78.68540778734715,131.72364226806258,-53.03823448071543,0.0,0.31435643564356436,167.0,161,241.0,248,7.0,False
P14,trial_10_R_unaffected,51.611110980586645,125.4322815312608,-73.82117055067415,1.0,1.0,202.0,177,269.0,286,25.0,False
P14,trial_11_R_unaffected,46.224051810328504,119.47398532795579,-73.24993351762728,1.0,1.0,207.0,193,266.0,292,26.0,False
P14,trial_12_R_unaffected,56.9560548225053,125.03844891174873,-68.08239408924342,1.0,1.0,197.0,188,273.0,272,9.0,False
P14,trial_13_R_unaffected,47.035565160108064,118.86832094780428,-71.83275578769621,1.0,1.0,200.0,197,265.0,277,12.0,False
P14,trial_15_R_unaffected,42.671173671867095,115.68981698015816,-73.01864330829106,1.0,1.0,168.0,161,230.0,234,7.0,False
P14,trial_16_R_unaffected,48.19055928021743,111.8843950550648,-63.69383577484737,1.0,1.0,186.0,176,260.0,263,10.0,False
P14,trial_17_R_unaffected,44.537139156936924,115.23103764977546,-70.69389849283854,1.0,1.0,182.0,173,245.0,241,9.0,False
P14,trial_18_R_unaffected,47.67991699407297,111.15522923310706,-63.475312239034096,1.0,1.0,169.0,155,234.0,231,14.0,False
P14,trial_19_R_unaffected,50.589320521377836,114.64291509350153,-64.0535945721237,1.0,1.0,185.0,185,257.0,266,9.0,False
P14,trial_1_R_unaffected,44.99427226559881,117.39218197851649,-72.39790971291768,1.0,1.0,304.0,290,352.0,373,21.0,False
P14,trial_20_R_unaffected,44.44389876024135,107.42942795223223,-62.98552919199088,1.0,1.0,183.0,176,252.0,245,7.0,False
P14,trial_21_R_unaffected,51.25974896342346,114.31854397492214,-63.058795011498674,1.0,0.994392523364486,189.0,182,261.0,252,9.0,False
P14,trial_22_R_unaffected,47.92525235613766,114.9232397136934,-66.99798735755574,1.0,1.0,190.0,183,265.0,260,7.0,False
P14,trial_23_R_unaffected,45.768966199356434,113.29206172146931,-67.52309552211287,1.0,0.9649122807017544,181.0,176,256.0,252,5.0,False
P14,trial_24_R_unaffected,47.13902184199764,108.97061942351698,-61.83159758151934,1.0,1.0,149.0,142,217.0,204,13.0,False
P14,trial_25_R_unaffected,48.98177341614792,113.74661307918154,-64.76483966303363,1.0,1.0,165.0,147,241.0,238,18.0,False
P14,trial_26_R_unaffected,50.65032937590145,114.93747149576005,-64.2871421198586,1.0,1.0,163.0,153,229.0,234,10.0,False
P14,trial_27_R_unaffected,42.35798772316155,107.88746052973312,-65.52947280657156,1.0,1.0,186.0,180,253.0,248,6.0,False
P14,trial_28_R_unaffected,48.43713819041081,108.19669872666601,-59.7595605362552,1.0,1.0,147.0,147,214.0,206,8.0,False
P14,trial_29_R_unaffected,46.81884217869926,113.69062750394292,-66.87178532524365,1.0,1.0,361.0,355,406.0,412,6.0,False
P14,trial_2_R_unaffected,46.36915536590749,117.61146806365592,-71.24231269774843,1.0,0.9851694915254238,191.0,182,228.0,227,9.0,False
P14,trial_30_R_unaffected,46.143454219176995,107.21423821139732,-61.07078399222032,1.0,1.0,163.0,145,237.0,225,18.0,False
P14,trial_31_R_unaffected,45.04291000731907,109.89753484659688,-64.85462483927782,1.0,0.9800443458980045,160.0,146,233.0,240,14.0,False
P14,trial_32_R_unaffected,43.881987037996616,110.85048927203881,-66.9685022340422,1.0,0.9979757085020243,162.0,154,241.0,234,8.0,False
P14,trial_33_R_unaffected,45.216915871583296,110.87542460391623,-65.65850873233293,1.0,0.9546436285097192,159.0,153,241.0,243,6.0,False
P14,trial_34_R_unaffected,46.98831320854986,107.51520893042161,-60.526895721871746,1.0,1.0,173.0,168,256.0,247,9.0,False
P14,trial_35_R_unaffected,43.539925565797326,100.1528573658338,-56.61293180003647,1.0,0.9833679833679834,159.0,164,226.0,213,13.0,False
P14,trial_36_R_unaffected,41.81756033063571,105.69949978294707,-63.881939452311364,1.0,0.9730215827338129,181.0,174,287.0,295,8.0,False
P14,trial_37_R_unaffected,48.279716820888474,111.51743536546186,-63.23771854457339,1.0,1.0,160.0,156,242.0,257,15.0,False
P14,trial_38_R_unaffected,44.706488066094956,110.17305104629969,-65.46656298020474,1.0,0.9979716024340771,158.0,147,242.0,244,11.0,False
P14,trial_39_R_unaffected,42.41875374636231,108.44510392086106,-66.02635017449875,1.0,1.0,144.0,144,221.0,246,25.0,False
P14,trial_3_R_unaffected,45.972428238584,119.02694887881252,-73.05452064022852,1.0,0.9979959919839679,192.0,179,220.0,240,20.0,False
P14,trial_40_R_unaffected,43.64478091844065,105.18433653174382,-61.53955561330317,1.0,1.0,163.0,159,249.0,248,4.0,False
P14,trial_41_R_unaffected,43.49577153678673,104.00070705877981,-60.50493552199308,1.0,1.0,166.0,162,238.0,234,4.0,False
P14,trial_42_R_unaffected,44.554887654909635,104.2469014818601,-59.69201382695047,1.0,1.0,199.0,188,300.0,300,11.0,False
P14,trial_43_R_unaffected,44.2415377870704,102.42406863284869,-58.18253084577829,1.0,1.0,188.0,192,257.0,257,4.0,False
P14,trial_44_R_unaffected,46.946180905735744,105.71669697134821,-58.77051606561247,1.0,1.0,158.0,153,275.0,273,5.0,False
P14,trial_46_R_unaffected,42.1881300558235,100.50776098435571,-58.31963092853221,1.0,1.0,161.0,163,297.0,296,2.0,False
P14,trial_47_R_unaffected,31.048749432439415,105.2074671406759,-74.15871770823648,1.0,0.9594320486815415,135.0,134,256.0,259,3.0,False
P14,trial_48_L_affected,36.006567822359614,105.5878818589959,-69.58131403663629,1.0,1.0,183.0,179,213.0,221,8.0,False
P14,trial_49_L_affected,37.38672707327834,102.26077940758329,-64.87405233430495,1.0,1.0,215.0,214,259.0,258,1.0,False
P14,trial_4_R_unaffected,49.6182138658792,123.68819789803928,-74.06998403216008,1.0,1.0,292.0,282,353.0,372,19.0,False
P14,trial_50_L_affected,36.65230312997279,106.86768171075664,-70.21537858078385,1.0,0.995,216.0,214,302.0,305,3.0,False
P14,trial_51_L_affected,40.803403501589216,102.61552362169019,-61.81212012010097,1.0,1.0,181.0,178,239.0,239,3.0,False
P14,trial_52_L_affected,35.479782267806655,102.97400473480053,-67.49422246699388,1.0,1.0,197.0,195,236.0,236,2.0,False
P14,trial_53_L_affected,40.265926903003596,104.76794363943574,-64.50201673643215,1.0,1.0,216.0,216,287.0,282,5.0,False
P14,trial_55_L_affected,40.83384469029379,101.09112152601993,-60.257276835726145,1.0,1.0,205.0,208,266.0,283,17.0,False
P14,trial_56_L_affected,41.31534682573119,94.99920571957223,-53.68385889384104,1.0,1.0,206.0,199,273.0,271,7.0,False
P14,trial_58_L_affected,35.42924969478743,92.54852439030185,-57.11927469551442,1.0,1.0,208.0,208,262.0,264,2.0,False
P14,trial_59_L_affected,36.17512508403549,97.17237881128626,-60.99725372725077,1.0,1.0,202.0,198,228.0,232,4.0,False
P14,trial_5_R_unaffected,51.69354642140715,121.55125386031531,-69.85770743890816,1.0,1.0,186.0,175,230.0,250,20.0,False
P14,trial_60_L_affected,44.13386063798305,93.90264664552154,-49.768786007538495,1.0,1.0,206.0,191,274.0,271,15.0,False
P14,trial_61_L_affected,39.26978275540501,96.15970249976301,-56.889919744358004,1.0,1.0,200.0,210,262.0,262,10.0,False
P14,trial_62_L_affected,40.67705888214145,95.05345234474991,-54.37639346260846,1.0,1.0,199.0,198,256.0,253,3.0,False
P14,trial_63_L_affected,38.31244314778601,90.85444883178215,-52.54200568399614,1.0,0.9766081871345029,217.0,209,252.0,254,8.0,False
P14,trial_64_L_affected,40.50695537511211,90.67242999333436,-50.16547461822225,1.0,1.0,215.0,215,282.0,280,2.0,False
P14,trial_65_L_affected,36.76076399372297,91.69527705488936,-54.93451306116639,1.0,1.0,180.0,181,232.0,234,2.0,False
P14,trial_66_L_affected,32.04250323720206,92.21756494282505,-60.17506170562299,1.0,1.0,250.0,238,289.0,290,12.0,False
P14,trial_67_L_affected,32.80339313705835,86.26636111893335,-53.462967981874996,1.0,1.0,223.0,204,269.0,267,19.0,False
P14,trial_68_L_affected,38.669844153365496,92.97140933030107,-54.301565176935576,1.0,1.0,214.0,215,265.0,265,1.0,False
P14,trial_6_R_unaffected,43.145666599179215,120.35327139924408,-77.20760480006487,1.0,1.0,181.0,171,238.0,249,11.0,False
P14,trial_70_L_affected,41.521114730886666,87.8290861026709,-46.307971371784234,1.0,0.9937888198757764,206.0,210,266.0,263,4.0,False
P14,trial_71_L_affected,38.021221257974105,93.07124578013737,-55.05002452216327,1.0,1.0,187.0,187,248.0,246,2.0,False
P14,trial_72_L_affected,37.46685198084328,91.29175415078693,-53.82490216994365,1.0,1.0,172.0,171,211.0,208,3.0,False
P14,trial_73_L_affected,32.519198552051606,80.28544136507075,-47.76624281301915,1.0,1.0,201.0,218,285.0,284,17.0,False
P14,trial_74_L_affected,39.97091238762832,82.96321673782826,-42.992304350199944,1.0,1.0,177.0,205,269.0,265,28.0,False
P14,trial_75_L_affected,32.74316130328767,83.6677862321236,-50.92462492883593,1.0,1.0,183.0,195,233.0,233,12.0,False
P14,trial_76_L_affected,33.392601190820514,77.25892110979207,-43.866319918971556,1.0,1.0,194.0,192,259.0,258,2.0,False
P14,trial_77_L_affected,31.500108392849857,68.2930764706369,-36.79296807778705,1.0,1.0,239.0,268,322.0,325,29.0,False
P14,trial_78_L_affected,30.324553256747738,68.85444241316264,-38.52988915641491,1.0,1.0,202.0,213,273.0,273,11.0,False
P14,trial_79_L_affected,35.89777921809346,63.56031538286916,-27.6625361647757,1.0,1.0,199.0,212,283.0,277,13.0,False
P14,trial_7_R_unaffected,43.6340084199821,122.14881785944053,-78.51480943945842,1.0,1.0,188.0,175,241.0,257,16.0,False
P14,trial_80_L_affected,42.792853189939144,67.32577268367913,-24.53291949373999,1.0,1.0,210.0,223,296.0,287,13.0,False
P14,trial_81_L_affected,46.74176243055412,64.70472958018881,-17.962967149634693,1.0,0.951417004048583,178.0,218,272.0,267,40.0,True
P14,trial_82_L_affected,49.35451245847404,68.03580163331713,-18.681289174843094,1.0,0.9960552268244576,214.0,230,285.0,283,16.0,False
P14,trial_83_L_affected,35.36484617491025,62.48373342814224,-27.11888725323199,1.0,1.0,201.0,228,258.0,259,27.0,False
P14,trial_85_L_affected,36.252957187055614,62.30218540864138,-26.049228221585764,1.0,1.0,183.0,186,244.0,245,3.0,False
P14,trial_86_L_affected,34.70420044303357,62.374155220002486,-27.669954776968915,1.0,0.9583333333333334,188.0,212,266.0,265,24.0,False
P14,trial_87_L_affected,38.38751498481025,56.771601984804185,-18.384086999993933,1.0,0.9957446808510638,172.0,188,238.0,236,16.0,False
P14,trial_88_L_affected,33.247830783695335,54.47835425212142,-21.230523468426085,1.0,1.0,242.0,241,279.0,279,1.0,False
P14,trial_8_R_unaffected,45.88456080387122,123.41830330395933,-77.53374250008812,1.0,0.9982517482517482,193.0,181,261.0,276,15.0,False
P14,trial_90_L_affected,32.26185883354644,73.91839776152759,-41.656538927981146,1.0,0.9550561797752809,200.0,196,287.0,284,4.0,False
P14,trial_9_R_unaffected,48.830249380445125,122.61973573459107,-73.78948635414595,1.0,0.9769673704414588,163.0,152,223.0,240,17.0,False
P15,trial_14_R_unaffected,53.415369940802286,114.47557212768616,-61.06020218688388,1.0,1.0,177.0,168,224.0,235,11.0,False
P15,trial_20_R_unaffected,57.29817643307821,113.29899105483811,-56.0008146217599,1.0,1.0,152.0,156,196.0,208,12.0,False
P15,trial_21_R_unaffected,58.48001267718836,112.60475035260632,-54.124737675417954,1.0,1.0,154.0,142,189.0,204,15.0,False
P15,trial_25_R_unaffected,47.18569451964453,111.02293140399512,-63.83723688435059,1.0,1.0,154.0,145,179.0,187,9.0,False
P15,trial_26_R_unaffected,54.97191912022465,109.15408993441869,-54.182170814194045,1.0,1.0,156.0,156,196.0,196,0.0,False
P15,trial_27_R_unaffected,56.37763523150408,116.5926607935113,-60.21502556200722,1.0,1.0,151.0,141,190.0,205,15.0,False
P15,trial_28_R_unaffected,49.986294290010186,113.85902472144717,-63.872730431436985,1.0,1.0,159.0,144,203.0,215,15.0,False
P15,trial_31_R_unaffected,47.44914485184842,107.10052910726941,-59.651384255420986,1.0,1.0,161.0,140,196.0,206,21.0,False
P15,trial_36_R_unaffected,57.374425668269964,108.62452096795305,-51.25009529968308,1.0,1.0,155.0,148,205.0,224,19.0,False
P15,trial_40_R_unaffected,46.017744052631855,110.42582141463323,-64.40807736200138,1.0,1.0,161.0,152,219.0,240,21.0,False
P15,trial_41_R_unaffected,47.189978017269624,109.61264317046088,-62.42266515319126,1.0,1.0,160.0,153,224.0,245,21.0,False
P15,trial_43_R_unaffected,46.38550450784575,109.22414184474418,-62.83863733689843,1.0,0.9883720930232558,180.0,160,227.0,250,23.0,False
P15,trial_46_L_affected,55.88460525448824,112.04841898602008,-56.16381373153184,1.0,1.0,198.0,160,245.0,236,38.0,True
P15,trial_48_L_affected,55.247654345976805,116.90979538636708,-61.662141040390274,1.0,0.9862068965517241,159.0,170,199.0,205,11.0,False
P15,trial_49_L_affected,56.548196220516445,115.14296826814017,-58.59477204762372,1.0,0.9637681159420289,154.0,153,204.0,211,7.0,False
P15,trial_4_R_unaffected,68.00170038302485,126.61633909154872,-58.61463870852387,1.0,1.0,179.0,168,274.0,289,15.0,False
P15,trial_50_L_affected,58.31054970746159,116.19929549813307,-57.88874579067148,1.0,0.997624703087886,159.0,137,185.0,192,22.0,False
P15,trial_51_L_affected,55.845598083896405,111.05626177683617,-55.21066369293976,1.0,0.9926108374384236,150.0,155,190.0,201,11.0,False
P15,trial_52_L_affected,65.82333753649517,118.61869285422303,-52.795355317727854,1.0,1.0,154.0,163,201.0,209,9.0,False
P15,trial_53_L_affected,53.1948590414344,116.37988649974201,-63.185027458307616,1.0,1.0,175.0,170,214.0,218,5.0,False
P15,trial_54_L_affected,58.54105232161474,117.93057667203263,-59.38952435041789,1.0,1.0,150.0,152,194.0,200,6.0,False
P15,trial_55_L_affected,60.11059252041008,111.48772446168613,-51.37713194127605,1.0,1.0,161.0,161,209.0,213,4.0,False
P15,trial_56_L_affected,59.41923314372876,111.82190298940323,-52.40266984567447,1.0,1.0,176.0,146,196.0,207,30.0,False
P15,trial_57_L_affected,62.67504076837528,112.40032323186574,-49.72528246349046,1.0,0.9953596287703016,177.0,163,200.0,209,14.0,False
P15,trial_58_L_affected,57.35055894507851,114.97336099464613,-57.62280204956762,1.0,1.0,172.0,154,187.0,202,18.0,False
P15,trial_59_L_affected,58.8829063170519,117.48201549572613,-58.59910917867423,1.0,1.0,176.0,162,190.0,197,14.0,False
P15,trial_60_L_affected,60.29000976602117,110.20547896622354,-49.91546920020237,1.0,1.0,167.0,153,195.0,211,16.0,False
P15,trial_61_L_affected,53.390039096303006,116.02646279394884,-62.63642369764583,1.0,0.9926289926289926,161.0,147,215.0,215,14.0,False
P15,trial_62_L_affected,58.72291270371988,110.9576216396009,-52.234708935881024,1.0,0.9771573604060914,149.0,156,190.0,206,16.0,False
P15,trial_63_L_affected,59.53333335736406,113.08775732967217,-53.554423972308115,1.0,1.0,175.0,165,218.0,217,10.0,False
P15,trial_64_L_affected,63.17406154263008,118.48680876056682,-55.31274721793674,1.0,0.9601063829787234,148.0,152,192.0,204,12.0,False
P15,trial_65_L_affected,57.95849671294444,117.3010614092104,-59.34256469626597,1.0,1.0,165.0,158,205.0,223,18.0,False
P15,trial_66_L_affected,63.12624333100827,113.51337498321708,-50.38713165220881,1.0,1.0,161.0,140,208.0,211,21.0,False
P15,trial_67_L_affected,63.39910804267987,113.90275299047833,-50.50364494779846,1.0,1.0,160.0,148,202.0,205,12.0,False
P15,trial_68_L_affected,52.49251835173928,112.77179080490501,-60.27927245316573,1.0,0.9873096446700508,161.0,158,194.0,206,12.0,False
P15,trial_69_L_affected,65.42063991416126,113.36491446266447,-47.944274548503216,1.0,0.9800498753117207,155.0,153,193.0,201,8.0,False
P15,trial_70_L_affected,52.01405792568814,118.79979453996948,-66.78573661428135,1.0,1.0,161.0,154,223.0,217,7.0,False
P15,trial_71_L_affected,54.55333553043748,117.08496922847795,-62.531633698040466,1.0,1.0,157.0,155,213.0,232,19.0,False
P15,trial_72_L_affected,54.990270601854114,114.14114227619824,-59.150871674344124,1.0,0.9977876106194691,155.0,152,211.0,220,9.0,False
P15,trial_73_L_affected,51.55992809502246,117.13988553445407,-65.57995743943161,1.0,1.0,165.0,161,196.0,203,7.0,False
P15,trial_74_L_affected,49.22576748738977,116.51341396592309,-67.28764647853333,1.0,1.0,163.0,160,193.0,198,5.0,False
P15,trial_75_L_affected,54.6824469221452,113.44414855469701,-58.761701632551805,1.0,0.9778869778869779,151.0,149,199.0,202,3.0,False
P15,trial_77_L_affected,61.98862948865925,117.44398276114148,-55.455353272482235,1.0,1.0,176.0,172,225.0,233,8.0,False
P15,trial_78_L_affected,59.88142497267647,120.85373400583723,-60.972309033160755,1.0,0.967654986522911,148.0,149,185.0,188,3.0,False
P15,trial_79_L_affected,60.06063210486423,115.70791492362716,-55.647282818762925,1.0,0.9928571428571429,162.0,160,205.0,207,2.0,False
P15,trial_80_L_affected,63.10339036016127,112.11204024076403,-49.00864988060276,1.0,0.9647577092511013,176.0,165,236.0,241,11.0,False
P15,trial_81_L_affected,65.27165248761236,117.45178363776766,-52.180131150155304,1.0,0.9754299754299754,164.0,160,203.0,207,4.0,False
P15,trial_82_L_affected,54.86940602525144,114.25205701025523,-59.382650985003785,1.0,1.0,158.0,146,190.0,217,27.0,False
P15,trial_83_L_affected,65.45214146207913,116.97599508270883,-51.52385362062971,1.0,1.0,153.0,151,193.0,197,4.0,False
P15,trial_84_L_affected,65.16971299324905,117.23574104164857,-52.06602804839952,1.0,0.967741935483871,172.0,163,214.0,225,11.0,False
P15,trial_85_L_affected,70.44694716633468,118.01256978185808,-47.565622615523395,1.0,1.0,170.0,162,213.0,220,8.0,False
P15,trial_86_L_affected,52.12221937701452,111.77697410609241,-59.654754729077894,1.0,1.0,154.0,141,181.0,220,39.0,True
P15,trial_87_L_affected,70.74552426587138,117.20639750522572,-46.46087323935434,1.0,1.0,148.0,145,195.0,211,16.0,False
P15,trial_88_L_affected,61.97200059228149,117.92368763215295,-55.95168703987146,1.0,0.9931662870159453,151.0,153,200.0,218,18.0,False
P15,trial_89_L_affected,55.37359094973837,115.2776851359956,-59.904094186257225,1.0,0.9904988123515439,151.0,151,200.0,224,24.0,False
P15,trial_90_L_affected,64.41277383635006,111.91662286874647,-47.50384903239642,1.0,0.9714285714285714,151.0,148,221.0,227,6.0,False
P17,trial_10_L_unaffected,64.2807484411881,106.20348871911868,-41.922740277930586,1.0,0.9297423887587822,193.0,179,244.0,247,14.0,False
P17,trial_11_L_unaffected,29.340491799078023,102.37238528667613,-73.03189348759811,0.0,0.6711409395973155,201.0,192,262.0,267,9.0,False
P17,trial_12_L_unaffected,94.3866052848118,121.73506108186105,-27.348455797049255,0.0,0.48623853211009177,180.0,178,239.0,237,2.0,False
P17,trial_13_L_unaffected,724.1127903422545,124.2739634081823,599.8388269340721,0.0,0.20087336244541484,314.0,184,345.0,262,130.0,True
P17,trial_14_L_unaffected,92.68200256312757,123.14711827406342,-30.465115710935848,0.0,0.4680365296803653,165.0,171,244.0,244,6.0,False
P17,trial_18_L_unaffected,87.44869985434234,118.2412107902454,-30.792510935903067,0.0,0.44731182795698926,178.0,182,264.0,263,4.0,False
P17,trial_1_L_unaffected,83.13985818992707,110.92725181472046,-27.787393624793395,0.03015075376884422,0.4088541666666667,216.0,223,445.0,444,7.0,False
P17,trial_20_L_unaffected,75.45827461230401,114.71211276296775,-39.25383815066374,0.0,0.47465437788018433,169.0,172,238.0,250,12.0,False
P17,trial_23_L_unaffected,75.99090541945598,116.38791369577521,-40.39700827631923,0.0,0.545054945054945,185.0,191,244.0,245,6.0,False
P17,trial_30_L_unaffected,78.57115606318975,112.83502481588035,-34.2638687526906,1.0,0.7114967462039046,189.0,184,239.0,255,16.0,False
P17,trial_33_L_unaffected,79.67293977741178,115.62273437941417,-35.949794602002385,1.0,0.7671840354767184,180.0,187,239.0,259,20.0,False
P17,trial_3_L_unaffected,77.34888150080378,113.22579415611709,-35.876912655313305,0.0,0.5328467153284672,171.0,194,252.0,243,23.0,False
P17,trial_43_R_affected,63.418625818565445,93.47296349150672,-30.054337672941273,0.0,0.6578947368421053,154.0,152,206.0,209,3.0,False
P17,trial_44_R_affected,95.65890345090209,99.10994932264697,-3.4510458717448813,0.0,0.48737373737373735,181.0,162,212.0,204,19.0,False
P17,trial_45_R_affected,134.29053133545818,118.0957633056656,16.194768029792584,0.0,0.6796536796536796,182.0,166,215.0,224,16.0,False
P17,trial_46_R_affected,107.07101982879954,119.2121704559027,-12.141150627103158,0.0,0.5,171.0,172,215.0,219,4.0,False
P17,trial_47_R_affected,120.69635351111398,118.97904834700576,1.7173051641082253,0.0,0.6535796766743649,180.0,177,225.0,242,17.0,False
P17,trial_48_R_affected,116.51078053463016,115.3287382822224,1.1820422524077543,0.0,0.41685144124168516,183.0,179,253.0,257,4.0,False
P17,trial_49_R_affected,100.19900510629436,118.38729884989868,-18.18829374360432,0.0,0.6428571428571429,194.0,189,244.0,259,15.0,False
P17,trial_4_L_unaffected,695.5112830815543,110.39556436689392,585.1157187146604,0.0,0.22857142857142856,,187,,236,,False
P17,trial_50_R_affected,112.51200854269867,117.23188852933511,-4.7198799866364425,0.0,0.625,202.0,196,258.0,277,19.0,False
P17,trial_51_R_affected,108.50100339096905,114.34024435152045,-5.8392409605514075,0.0,0.6052631578947368,190.0,180,232.0,246,14.0,False
P17,trial_52_R_affected,111.78316063414879,116.45655416564595,-4.673393531497169,0.0,0.6291666666666667,213.0,207,269.0,286,17.0,False
P17,trial_55_R_affected,106.64491927673409,110.39799519728508,-3.753075920550998,0.0,0.6197802197802198,198.0,194,268.0,273,5.0,False
P17,trial_56_R_affected,105.14528203260232,112.90649834777587,-7.761216315173542,0.0,0.6053169734151329,209.0,202,283.0,294,11.0,False
P17,trial_57_R_affected,121.37483774499161,110.61044663292691,10.7643911120647,0.0,0.5904572564612326,209.0,198,296.0,311,15.0,False
P17,trial_58_R_affected,106.36021383031239,112.35655381947673,-5.9963399891643405,0.0,0.6147368421052631,219.0,202,273.0,290,17.0,False
P17,trial_59_R_affected,98.39051439260056,107.52542392615698,-9.13490953355641,0.0,0.6145610278372591,204.0,202,266.0,283,17.0,False
P17,trial_5_L_unaffected,73.6804484686514,110.55016472688868,-36.869716258237275,0.0,0.4513715710723192,181.0,176,232.0,230,5.0,False
P17,trial_60_R_affected,100.13272990385364,108.53243890721963,-8.399709003365984,0.0,0.6078028747433265,192.0,189,260.0,268,8.0,False
P17,trial_61_R_affected,95.25654766860393,112.78484918240426,-17.52830151380033,0.0,0.5915221579961464,209.0,200,300.0,314,14.0,False
P17,trial_62_R_affected,91.55069353430424,108.88637291608785,-17.335679381783606,0.017857142857142856,0.6989690721649484,188.0,194,270.0,287,17.0,False
P17,trial_63_R_affected,85.86162091215623,104.87293490546877,-19.01131399331254,0.6986301369863014,0.7080459770114943,182.0,176,221.0,217,6.0,False
P17,trial_64_R_affected,120.78845838923493,104.2713719125516,16.517086476683332,0.0,0.1313364055299539,183.0,181,226.0,225,2.0,False
P17,trial_65_R_affected,108.69933109210362,110.22151715431079,-1.5221860622071688,0.0,0.6275862068965518,185.0,180,227.0,245,18.0,False
P17,trial_66_R_affected,83.44103070797117,110.81352808209469,-27.372497374123526,0.0,0.5615212527964206,179.0,179,243.0,260,17.0,False
P17,trial_67_R_affected,89.92808078304017,110.64291613542117,-20.714835352381,0.0,0.5574837310195228,188.0,188,266.0,273,7.0,False
P17,trial_68_R_affected,96.16598754281853,110.82222388337304,-14.656236340554514,0.0,0.6025369978858351,192.0,196,247.0,275,28.0,False
P17,trial_69_R_affected,94.84227496421171,112.5468272989042,-17.704552334692494,0.0,0.6244813278008299,192.0,182,253.0,273,20.0,False
P17,trial_6_L_unaffected,76.54811606371143,109.86398479489752,-33.315868731186086,0.0,0.5496535796766744,184.0,172,222.0,212,12.0,False
P17,trial_70_R_affected,90.200425760353,112.26865867300532,-22.06823291265232,0.0,0.45336225596529284,189.0,181,247.0,261,14.0,False
P17,trial_71_R_affected,88.1012409956578,114.99864022714851,-26.89739923149071,0.0,0.6121739130434782,228.0,212,313.0,340,27.0,False
P17,trial_72_R_affected,92.36377316994655,112.43662428078349,-20.072851110836936,0.0,0.6503067484662577,192.0,189,248.0,272,24.0,False
P17,trial_73_R_affected,108.46559668119916,110.3941605440581,-1.9285638628589368,0.0,0.45489443378119004,222.0,215,324.0,339,15.0,False
P17,trial_74_R_affected,95.25075289096918,107.88904997837238,-12.638297087403203,0.0,0.32603938730853393,184.0,178,275.0,278,6.0,False
P17,trial_75_R_affected,103.43518714833483,110.00876985772314,-6.573582709388305,0.0,0.6446469248291572,208.0,185,244.0,253,23.0,False
P17,trial_76_R_affected,96.3379826578592,106.23023566250936,-9.892253004650158,0.0,0.556989247311828,227.0,199,268.0,282,28.0,False
P17,trial_77_R_affected,97.3686361566724,111.7569075237563,-14.388271367083902,0.0,0.4695121951219512,234.0,199,276.0,291,35.0,True
P17,trial_79_R_affected,86.48979613693268,112.49199917889756,-26.002203041964876,0.0,0.6346604215456675,200.0,178,229.0,250,22.0,False
P17,trial_7_L_unaffected,65.41081978716274,109.93859334939049,-44.52777356222775,1.0,0.9334862385321101,177.0,177,230.0,255,25.0,False
P17,trial_80_R_affected,96.2520979750992,110.58962322518515,-14.337525250085946,0.0,0.618510158013544,201.0,185,245.0,261,16.0,False
P17,trial_82_R_affected,85.70814775690727,112.65999814811823,-26.951850391210968,0.0,0.579520697167756,225.0,199,280.0,298,26.0,False
P17,trial_83_R_affected,86.68103123957023,110.03107568923997,-23.35004444966974,0.0,0.48552338530066813,218.0,185,253.0,262,33.0,True
P17,trial_8_L_unaffected,73.34067563569285,113.1617737120664,-39.82109807637356,0.0,0.543859649122807,165.0,176,277.0,276,11.0,False
P17,trial_9_L_unaffected,58.23363135306198,109.519906702466,-51.28627534940402,0.0,0.4584323040380047,167.0,168,236.0,234,2.0,False
P19,trial_47_R_affected,175.79633629733488,51.57533108850375,124.22100520883112,0.0,0.8935251798561151,504.0,506,509.0,511,2.0,False
P19,trial_48_R_affected,190.81154791193347,42.85040125759695,147.96114665433652,0.0,0.8466666666666667,189.0,194,222.0,217,5.0,False
P19,trial_49_R_affected,522.9924135445133,51.79760185219335,471.19481169231994,0.0,0.375,269.0,210,357.0,231,126.0,True
P19,trial_50_R_affected,174.8142694201493,55.96474463157556,118.84952478857372,0.0,0.8636363636363636,176.0,179,192.0,185,7.0,False
P19,trial_51_R_affected,182.77603220414775,67.26713763244166,115.5088945717061,0.0,0.78239608801956,162.0,164,193.0,196,3.0,False
P19,trial_52_R_affected,161.08218124154388,37.506876737000695,123.57530450454318,0.0,0.8,175.0,192,211.0,211,17.0,False
P19,trial_53_R_affected,179.72454783470553,81.81258162316175,97.91196621154378,0.0,0.6740196078431373,166.0,172,203.0,194,9.0,False
P19,trial_54_R_affected,183.78510242305933,57.45035260803839,126.33474981502093,0.0,0.5736434108527132,169.0,169,175.0,174,1.0,False
P19,trial_57_R_affected,184.45919763946327,41.85225657243993,142.60694106702334,0.0,0.8521303258145363,146.0,147,161.0,160,1.0,False
P19,trial_58_R_affected,,51.86219602188085,,0.0,0.8719376391982183,,674,,696,,False
P19,trial_59_R_affected,151.08048418470347,33.290949644902426,117.78953453980104,0.0,0.6077481840193705,175.0,173,200.0,193,7.0,False
P19,trial_60_R_affected,173.6805642392628,34.45168874056075,139.22887549870205,0.0,0.6699507389162561,160.0,164,201.0,183,18.0,False
P19,trial_61_R_affected,169.05381316034652,31.70781168644598,137.34600147390054,0.0,0.8036529680365296,185.0,186,217.0,207,10.0,False
P19,trial_62_R_affected,178.81101523103473,36.96329137705558,141.84772385397915,0.0,0.8660714285714286,173.0,166,189.0,178,11.0,False
P19,trial_63_R_affected,162.43200798421665,39.77003981797725,122.6619681662394,0.0,0.8344988344988346,175.0,175,201.0,186,15.0,False
P19,trial_64_R_affected,191.52367201758747,57.09220658913537,134.4314654284521,0.0,0.8865131578947368,383.0,386,412.0,407,5.0,False
P19,trial_67_R_affected,181.29011209193956,72.31501530669131,108.97509678524825,0.0,0.8441860465116279,210.0,216,241.0,233,8.0,False
P19,trial_70_R_affected,169.77998377837784,69.84278364232398,99.93720013605386,0.0,0.8688524590163934,329.0,317,335.0,334,12.0,False
P19,trial_74_R_affected,167.63813221124454,60.41577987535717,107.22235233588736,0.140625,0.8221709006928406,176.0,170,219.0,210,9.0,False
P19,trial_77_R_affected,164.33924288164124,83.2855853922735,81.05365748936774,0.025,0.8546365914786967,156.0,154,180.0,181,2.0,False
P19,trial_78_R_affected,187.21208894877745,90.54163857901156,96.67045036976589,0.0,0.8393285371702638,163.0,160,191.0,190,3.0,False
P19,trial_80_R_affected,147.40464437335945,64.41979908162926,82.98484529173018,0.3125,0.9357601713062098,281.0,280,286.0,285,1.0,False
P19,trial_82_R_affected,162.90062408344988,69.60067888222592,93.29994520122396,0.0,0.868766404199475,182.0,183,190.0,189,1.0,False
P19,trial_83_R_affected,183.32219584145625,79.23181383133007,104.09038201012618,0.0,0.8475452196382429,156.0,156,177.0,172,5.0,False
P19,trial_84_R_affected,182.46099079358513,74.79988869467446,107.66110209891066,0.0,0.8046875,158.0,158,185.0,179,6.0,False
P19,trial_85_R_affected,162.63195759254015,67.00156141071679,95.63039618182336,0.02857142857142857,0.8723404255319149,418.0,483,489.0,489,65.0,True
P19,trial_87_R_affected,172.55016029867338,77.22179814064549,95.32836215802789,0.0,0.8597883597883598,184.0,180,191.0,192,4.0,False
P19,trial_88_R_affected,168.30144242463555,107.24115377239394,61.06028865224161,0.4117647058823529,0.8934010152284264,153.0,152,175.0,173,2.0,False
P19,trial_90_R_affected,,65.81638530817939,,0.6944444444444444,0.978,,841,,857,,False
P19,trial_93_R_affected,158.16078052844995,72.15296719772738,86.00781333072257,0.325,0.9266547406082289,323.0,332,348.0,341,9.0,False
P251,trial_10_R_unaffected,58.27240457776474,117.00468593416478,-58.732281356400044,1.0,1.0,211.0,207,305.0,320,15.0,False
P251,trial_11_R_unaffected,63.952947981154594,117.54177946287625,-53.588831481721655,1.0,1.0,230.0,228,320.0,328,8.0,False
P251,trial_12_R_unaffected,61.7535256392995,115.20509646940069,-53.45157083010119,1.0,1.0,229.0,275,383.0,408,46.0,True
P251,trial_13_R_unaffected,64.88773254663876,113.36374546636961,-48.47601291973085,1.0,1.0,219.0,183,334.0,359,36.0,True
P251,trial_14_R_unaffected,60.730064103315186,120.23570541165368,-59.5056413083385,1.0,1.0,232.0,237,367.0,367,5.0,False
P251,trial_15_R_unaffected,61.871278837932955,118.54055143184692,-56.669272593913966,1.0,1.0,204.0,180,331.0,338,24.0,False
P251,trial_16_R_unaffected,60.76940553264806,117.0565007016806,-56.28709516903255,1.0,1.0,205.0,192,325.0,334,13.0,False
P251,trial_17_R_unaffected,60.21126817203082,116.95854001138734,-56.74727183935652,1.0,1.0,200.0,206,324.0,342,18.0,False
P251,trial_18_R_unaffected,59.860003037420896,118.84048943021098,-58.980486392790084,1.0,1.0,221.0,215,344.0,353,9.0,False
P251,trial_19_R_unaffected,63.56170496009723,118.04784905215598,-54.48614409205875,1.0,1.0,215.0,195,327.0,340,20.0,False
P251,trial_20_R_unaffected,64.02828876339713,118.36052661567348,-54.33223785227635,1.0,1.0,211.0,207,321.0,331,10.0,False
P251,trial_21_R_unaffected,61.43486647336288,118.35039626860086,-56.91552979523798,1.0,1.0,225.0,266,372.0,388,41.0,True
P251,trial_23_L_affected,56.07970526128718,118.9342812710496,-62.85457600976242,1.0,1.0,211.0,238,307.0,320,27.0,False
P251,trial_24_L_affected,54.630491675379815,119.90644009344324,-65.27594841806342,1.0,1.0,215.0,198,307.0,303,17.0,False
P251,trial_25_L_affected,54.287877160433986,117.21863697837563,-62.93075981794164,1.0,1.0,212.0,204,275.0,298,23.0,False
P251,trial_26_L_affected,56.33573653938516,118.82116031242748,-62.48542377304232,1.0,1.0,196.0,196,265.0,286,21.0,False
P251,trial_27_L_affected,59.569325157713635,117.83877157564362,-58.269446417929984,1.0,1.0,250.0,280,328.0,355,30.0,False
P251,trial_28_L_affected,57.36707089332985,122.96437739733618,-65.59730650400633,1.0,1.0,195.0,198,267.0,291,24.0,False
P251,trial_29_L_affected,55.32838091101884,122.1288775440289,-66.80049663301006,1.0,1.0,212.0,230,306.0,314,18.0,False
P251,trial_2_R_unaffected,67.838850216135,127.97527815671543,-60.13642794058043,1.0,1.0,300.0,293,405.0,410,7.0,False
P251,trial_30_L_affected,53.36793037768541,123.59026018877476,-70.22232981108935,1.0,1.0,196.0,192,284.0,300,16.0,False
P251,trial_31_L_affected,55.092344752637,117.52774124088242,-62.43539648824542,1.0,1.0,203.0,206,290.0,306,16.0,False
P251,trial_32_L_affected,58.87845877541603,120.63741327245536,-61.75895449703933,1.0,1.0,202.0,193,301.0,295,9.0,False
P251,trial_33_L_affected,51.52657151428869,117.990706058778,-66.46413454448931,1.0,1.0,207.0,189,275.0,297,22.0,False
P251,trial_34_L_affected,54.785027359217494,117.11362910032513,-62.32860174110763,1.0,1.0,194.0,208,287.0,296,14.0,False
P251,trial_35_L_affected,54.24372109512044,118.18069844726593,-63.93697735214548,1.0,1.0,205.0,196,301.0,302,9.0,False
P251,trial_36_L_affected,53.72941531996283,119.22884025354931,-65.49942493358648,1.0,1.0,200.0,209,315.0,317,9.0,False
P251,trial_37_L_affected,53.338459382209194,116.33881965176671,-63.00036026955752,1.0,1.0,208.0,202,298.0,321,23.0,False
P251,trial_38_L_affected,51.225118761307186,117.92010003910654,-66.69498127779936,1.0,1.0,221.0,225,326.0,335,9.0,False
P251,trial_39_L_affected,55.728680226827926,113.35416974173775,-57.62548951490982,1.0,1.0,214.0,207,322.0,331,9.0,False
P251,trial_3_R_unaffected,65.27880405665272,127.23038342638773,-61.951579369735015,1.0,1.0,255.0,246,374.0,381,9.0,False
P251,trial_40_L_affected,51.830175457439275,114.66007325256301,-62.829897795123735,1.0,1.0,201.0,197,303.0,308,5.0,False
P251,trial_41_L_affected,53.398001724124235,112.20917268655663,-58.81117096243239,1.0,1.0,204.0,188,292.0,298,16.0,False
P251,trial_4_R_unaffected,65.11580634074392,125.96255268471666,-60.84674634397274,1.0,1.0,248.0,242,361.0,372,11.0,False
P251,trial_5_R_unaffected,65.90055221816846,127.28897296414355,-61.3884207459751,1.0,1.0,234.0,228,353.0,357,6.0,False
P251,trial_6_R_unaffected,61.817389397394344,122.54931048596475,-60.73192108857041,1.0,1.0,249.0,243,366.0,371,6.0,False
P251,trial_7_R_unaffected,63.31410343888673,123.5449668789664,-60.23086344007967,1.0,1.0,246.0,240,325.0,337,12.0,False
P251,trial_8_R_unaffected,64.50581805330236,122.00030539007548,-57.49448733677312,1.0,1.0,233.0,229,304.0,315,11.0,False
P251,trial_9_R_unaffected,56.70985794441909,117.72724224135523,-61.017384296936136,1.0,1.0,242.0,231,369.0,388,19.0,False
P252,trial_43_R_unaffected,70.6880534557705,116.53250747386481,-45.84445401809431,1.0,1.0,212.0,188,287.0,317,30.0,False
P252,trial_44_R_unaffected,68.46211581472824,122.92470032016213,-54.462584505433895,1.0,1.0,207.0,207,294.0,305,11.0,False
P252,trial_46_R_unaffected,71.18306085511104,126.27364973362238,-55.09058887851134,1.0,1.0,209.0,197,295.0,307,12.0,False
P252,trial_47_R_unaffected,70.43920710584327,125.97650059254954,-55.537293486706275,1.0,1.0,216.0,202,264.0,280,16.0,False
P252,trial_48_R_unaffected,68.822813407251,122.77689477211378,-53.95408136486277,1.0,1.0,228.0,208,293.0,306,20.0,False
P252,trial_49_R_unaffected,70.27592575335123,123.82594121294748,-53.55001545959625,1.0,1.0,217.0,209,290.0,302,12.0,False
P252,trial_50_R_unaffected,63.65119494267309,122.72727260810215,-59.07607766542907,1.0,1.0,195.0,181,275.0,284,14.0,False
P252,trial_51_R_unaffected,64.84877318650649,121.5308164367749,-56.68204325026841,1.0,1.0,209.0,197,294.0,306,12.0,False
P252,trial_52_R_unaffected,68.08962239033659,123.46991766452338,-55.38029527418679,1.0,1.0,210.0,199,286.0,301,15.0,False
P252,trial_53_R_unaffected,68.3612685186567,124.53508162489382,-56.17381310623712,1.0,1.0,190.0,184,259.0,271,12.0,False
P252,trial_54_R_unaffected,70.86543008672166,126.90050435600264,-56.03507426928098,1.0,1.0,187.0,182,251.0,263,12.0,False
P252,trial_55_R_unaffected,65.01053372914973,125.60056397555284,-60.59003024640312,1.0,1.0,181.0,173,259.0,266,8.0,False
P252,trial_56_R_unaffected,69.02468588004557,125.16291935745481,-56.138233477409244,1.0,1.0,212.0,180,272.0,284,32.0,True
P252,trial_57_R_unaffected,70.06155699273235,124.70861853720078,-54.64706154446843,1.0,1.0,190.0,183,273.0,286,13.0,False
P252,trial_58_R_unaffected,68.53203548259991,124.86616683059358,-56.334131347993676,1.0,1.0,216.0,191,306.0,319,25.0,False
P252,trial_59_R_unaffected,70.98934746194847,127.55691796216908,-56.56757050022061,1.0,1.0,199.0,176,266.0,287,23.0,False
P252,trial_60_R_unaffected,69.09518168464712,124.21711195425532,-55.1219302696082,1.0,1.0,219.0,208,298.0,311,13.0,False
P252,trial_61_R_unaffected,71.20254788244091,123.28626685207287,-52.08371896963196,1.0,1.0,188.0,185,283.0,298,15.0,False
P252,trial_62_R_unaffected,65.61322240113869,124.20432288066871,-58.59110047953003,1.0,1.0,193.0,182,260.0,267,11.0,False
P252,trial_63_L_affected,63.5758457512458,118.20543134263828,-54.62958559139248,1.0,1.0,211.0,203,262.0,272,10.0,False
P252,trial_64_L_affected,60.43464935768386,119.18850459397375,-58.75385523628989,1.0,1.0,216.0,210,271.0,279,8.0,False
P252,trial_65_L_affected,63.531690126080605,124.54554199457696,-61.01385186849636,1.0,1.0,196.0,192,265.0,280,15.0,False
P252,trial_66_L_affected,61.1984909791947,120.65756325973028,-59.45907228053558,1.0,1.0,227.0,216,289.0,291,11.0,False
P252,trial_67_L_affected,61.92792211116393,117.94856552488933,-56.0206434137254,1.0,1.0,206.0,204,271.0,288,17.0,False
P252,trial_68_L_affected,59.873530862583465,122.36756398613316,-62.4940331235497,1.0,1.0,196.0,190,270.0,278,8.0,False
P252,trial_69_L_affected,62.325038745410396,117.55748086744549,-55.232442122035096,1.0,1.0,200.0,196,261.0,270,9.0,False
P252,trial_70_L_affected,60.58622690607824,118.65140590356773,-58.0651789974895,1.0,0.9938398357289527,202.0,199,251.0,254,3.0,False
P252,trial_71_L_affected,61.7375918385451,116.51697316082421,-54.77938132227911,1.0,1.0,215.0,202,266.0,278,13.0,False
P252,trial_72_L_affected,59.71160564301899,118.03767942765438,-58.32607378463539,1.0,1.0,219.0,222,285.0,299,14.0,False
P252,trial_73_L_affected,63.79850448137945,117.40288781803217,-53.60438333665272,1.0,1.0,186.0,179,265.0,274,9.0,False
P252,trial_74_L_affected,61.54871817845092,117.34974228360274,-55.80102410515182,1.0,1.0,197.0,193,306.0,311,5.0,False
P252,trial_75_L_affected,60.24203960625962,118.77066028212971,-58.528620675870094,1.0,1.0,193.0,193,283.0,292,9.0,False
P252,trial_76_L_affected,62.06312618467069,119.91260503490568,-57.84947885023499,1.0,0.9878542510121457,184.0,176,257.0,252,8.0,False
P252,trial_77_L_affected,65.48835402257993,116.33800599742483,-50.8496519748449,1.0,1.0,202.0,193,266.0,279,13.0,False
P252,trial_78_L_affected,63.87097692526742,121.09075046695088,-57.21977354168346,1.0,1.0,201.0,194,261.0,262,7.0,False
P252,trial_79_L_affected,60.93247459522226,118.64205632793771,-57.70958173271545,1.0,1.0,206.0,204,257.0,276,19.0,False
P252,trial_80_L_affected,62.810490488469036,118.91144080865838,-56.10095032018935,1.0,1.0,215.0,195,298.0,304,20.0,False
P252,trial_81_L_affected,63.60282849094452,122.06580814358115,-58.46297965263663,1.0,1.0,193.0,184,281.0,287,9.0,False
P252,trial_82_L_affected,61.939372928245334,123.40858903880037,-61.46921611055504,1.0,1.0,193.0,180,276.0,288,13.0,False
P252,trial_83_L_affected,64.40561014892322,120.9920243620463,-56.58641421312308,1.0,1.0,206.0,191,295.0,308,15.0,False
