part,cond,fstd,r_raw,pert_std,r_shrink
P07,unaffected,7.2273403248272245,0.9955406714273571,0.0006503117184704405,0.8492199922919159
P07,unaffected,6.65431645859751,0.9840458101321142,0.001429278225611795,0.8178216296279421
P07,unaffected,7.097078820338547,0.9987060980195113,0.0005174442081235181,0.8473067755507814
P07,unaffected,6.942779381298909,0.994545255224841,0.0008155123604766863,0.8380668407563422
P07,unaffected,6.718904027271516,0.9893491196230884,0.0012340950741312193,0.8248951426713108
P07,unaffected,5.980853860860275,0.9951105640045013,0.0007668549344789077,0.7950687398049748
P07,unaffected,5.975876441595128,0.9937848384283231,0.0011126911083925418,0.7937436026536787
P07,unaffected,6.615312524385915,0.9868238436793484,0.001124913074941553,0.8184952354144511
P07,unaffected,6.507655439342492,0.9668183932462878,0.0018990291082661604,0.7973649010284591
P07,unaffected,6.45993827406984,0.9892096685901334,0.001045783100100289,0.813716938774354
P07,unaffected,6.080855228602464,0.9839332258513545,0.0013664613288667188,0.7913274122079725
P07,unaffected,6.565586889039333,0.9966705394441521,0.0006850399040332628,0.824523866269444
P07,unaffected,6.546110663418036,0.986831528590234,0.0012682355721427773,0.8155448222288147
P07,unaffected,6.584026873377006,0.9955781328000638,0.0007461382937414821,0.8244166389539495
P07,unaffected,6.55888273652518,0.993777617436482,0.00104407204919768,0.8218402791546022
P07,unaffected,6.356261124757986,0.9978584179606637,0.0005809981955719513,0.8160699139545686
P07,unaffected,6.43859746168471,0.9963848667667236,0.0006911095668166998,0.818654843751186
P07,unaffected,6.4525793076639815,0.9875365711024245,0.0012902321504235888,0.8120118889750534
P07,unaffected,6.328850627171692,0.9958499265993943,0.0007112020660104709,0.8131413739083851
P07,unaffected,6.128620196469115,0.9901257166911347,0.0011550007487146148,0.7987353768506165
P07,unaffected,5.9227315893028445,0.989169188216189,0.0010869306835916014,0.7872006024648617
P07,unaffected,5.777994154652613,0.9892994602941106,0.0012473750122002547,0.7792334068884789
P07,unaffected,6.344068040161914,0.989142207716684,0.0012944794173874632,0.8083749763550654
P07,unaffected,5.904616258041125,0.9952274451769513,0.0008726374296862792,0.7910293258689657
P07,unaffected,5.756404305017607,0.9983686904949894,0.0006211079729304203,0.7851240164282262
P07,unaffected,5.364549305418727,0.9362229931682593,0.003058320601466453,0.7131852431282827
P07,unaffected,5.4347142167098195,0.9849828422352923,0.001590349564707728,0.7549429238887637
P07,unaffected,5.609410703163429,0.9933242062559535,0.0011727956003291268,0.7723972336265726
P07,unaffected,5.412321552648636,0.9819114957735026,0.0016278736377546017,0.75113428761854
P07,unaffected,5.789652262241314,0.9897613291538611,0.0010525685329809385,0.7802637608916333
P07,affected,3.285913871286585,0.9368678110625047,0.002593926025734147,0.5109592211968029
P07,affected,3.658317472020497,0.9656319478536308,0.0028387011785934086,0.5773651290869023
P07,affected,2.496421862606096,0.964626170476228,0.0031132393274481353,0.3946704237906706
P07,affected,3.5364018349719566,0.9155099813795493,0.004149143744062118,0.5323826222963302
P07,affected,3.522112643427488,0.9222430325370177,0.003871165207634335,0.5344794399694385
P07,affected,3.32155195933255,0.955310571171623,0.0034788099840605898,0.5261226955185833
P07,affected,3.1191300514174576,0.8932379737495159,0.0049053665117036495,0.4640023678355325
P07,affected,3.279974200768364,0.9145915835196181,0.0043250004316718925,0.49798928989238145
P07,affected,3.7663372695497035,0.915925592350611,0.003931994273490225,0.5603842967387656
P07,affected,2.910148653022295,0.9291799459525082,0.004603527059534605,0.45046701555750673
P07,affected,3.01889040288254,0.9207852676520707,0.003494508260979487,0.4632825075694423
P07,affected,3.578865959096943,0.9144977616320884,0.0039210798473292684,0.5370961844093489
P07,affected,3.6569542179155503,0.9256384855884138,0.0032777620219527123,0.5532865705469419
P07,affected,2.0769065641698683,0.7525198459840925,0.01120721249859403,0.24381380926644566
P07,affected,4.098236025127512,0.9257248956589272,0.002626564596715657,0.6027417543987151
P07,affected,2.8410745721851725,0.8986703671837106,0.0052059301596383695,0.4249020215454929
P07,affected,2.6547170705298897,0.8521027574950635,0.005678890033878534,0.37421436630323823
P07,affected,4.221460206735847,0.9241552370505712,0.003229181694020851,0.6140444276885271
P07,affected,4.561508945636276,0.9095658482938117,0.002530257790710797,0.6349326176335819
P07,affected,3.180469566960178,0.9837732376204281,0.002651311359185603,0.5205883022005521
P07,affected,2.6330722047155173,0.8893210277745422,0.007829323707061844,0.38697655592190444
P07,affected,3.236928396855407,0.9838003561729417,0.0020268531847807275,0.5292189256273279
P07,affected,2.8797902502768777,0.9068438561294617,0.005215777965848684,0.43488964668325014
P07,affected,3.4697550888684416,0.9294617907888416,0.003589179987144258,0.5318632144497755
P07,affected,3.4546370750380766,0.8207322283763274,0.006143054384347077,0.4678896028504084
P07,affected,2.528596196041754,0.7528195664455433,0.009956648234255423,0.3126828451535732
P07,affected,3.912558715608048,0.871829240521044,0.004125189150453819,0.5490373277075372
P07,affected,2.0911752549787157,0.9245353652129343,0.0067756207581647025,0.30232571824243404
P07,affected,2.265764336676903,0.9075262923042207,0.008329084565453603,0.32963490162311393
P07,affected,1.8093036658404504,0.7886737068143128,0.016673330759609303,0.21035315951776332
P07,affected,2.605713586646599,0.8555956023863703,0.0057483408659371555,0.3679144363723405
P07,affected,3.8190595946095867,0.9367150907120387,0.0026333827327738495,0.579269318347613
P07,affected,3.755869285480453,0.9016606480067789,0.0037117050581595224,0.5504639355680327
P07,affected,3.48956896098931,0.9027469977036728,0.005077209935778807,0.5190907734067449
P07,affected,3.3240750163354646,0.9351886361797636,0.004107180279676883,0.5153922152966764
P08,unaffected,4.225858552823206,0.9508918278334326,0.0034138849293607,0.6322506585199305
P08,unaffected,3.6032500312153326,0.955716457615214,0.0032050477627377848,0.564446504026116
P08,unaffected,3.688419944219528,0.9280646807743514,0.004289924332256535,0.5585540224977208
P08,unaffected,4.589377102626267,0.9398039907797503,0.0030158843761248872,0.6584478472935469
P08,unaffected,5.118770522347588,0.9058965023274892,0.0027659273353705595,0.6742871579110913
P08,unaffected,4.707502380938855,0.9168445655671161,0.003271973256170651,0.6520355843730913
P08,unaffected,4.1611764991671665,0.951532514520965,0.003805398037119127,0.6261034527759906
P08,unaffected,3.572105816762507,0.898706316280099,0.004368230460521005,0.5269977151027166
P08,unaffected,3.3923121985494697,0.8898353102024212,0.0050948265172881405,0.4993241485688398
P08,unaffected,3.6615214287675513,0.8701514691223645,0.00520376825353254,0.5206421915107073
P08,unaffected,4.138353880281517,0.9406420092376108,0.0037259570006554013,0.6166051538259659
P08,unaffected,3.581108603383494,0.8857798860701199,0.006184389622854222,0.5204987640617452
P08,unaffected,3.508876184262191,0.9573986218402193,0.0033814651836961505,0.5530957946329859
P08,unaffected,3.128556945890814,0.921271320842028,0.005580362012725725,0.4799523995671462
P08,unaffected,3.2584562992396653,0.8713244849953197,0.006510257564382424,0.47158418204832225
P08,unaffected,3.3169178032198143,0.8955844350385029,0.006661818680993606,0.49261060255139816
P08,unaffected,3.143951103581829,0.8777943402418089,0.0054252027936367245,0.45945236898618874
P08,unaffected,3.8073875188860353,0.9034626960726274,0.004560488955884276,0.5573997428330394
P08,unaffected,3.6550451577001266,0.9452437348825017,0.003898225337669794,0.5647679307254353
P08,unaffected,3.6378356670034564,0.8081105362299309,0.006111981379880237,0.48099690682980734
P08,unaffected,3.155203289015155,0.9005097300745489,0.0060264761766567225,0.47294676679712844
P08,unaffected,3.1969708689789287,0.876385620244912,0.0063481391894806396,0.46602063415215056
P08,unaffected,4.095113215152625,0.8917106448732562,0.004679938505034291,0.5802860940015304
P08,unaffected,3.7760222115042157,0.9088139594525109,0.004725448509342671,0.557141212420997
P08,unaffected,3.6888525783797372,0.8868225375790937,0.004746150083694231,0.5337823623247302
P08,unaffected,3.70651714309057,0.9397332731151388,0.0034420956760615514,0.5677788673273299
P08,unaffected,5.177358111065308,0.9167499428192296,0.0023354909874535,0.6863145020453669
P08,unaffected,3.898434945319849,0.9139268144131045,0.0043258708656926095,0.5740057049923157
P08,unaffected,3.5217446798180183,0.8830799206102202,0.005525960064401426,0.5117377704797793
P08,unaffected,3.7063487759024003,0.9255149222068156,0.0048882218529441536,0.5591681519427885
P08,unaffected,4.3300535359831285,0.8912711794500439,0.003577199858820568,0.6022036273576411
P08,unaffected,4.126461152813588,0.9256270599685819,0.003569401161557607,0.6055584632674214
P08,unaffected,4.157049434581024,0.8267435522620697,0.004826797871275787,0.5436236183659607
P08,unaffected,3.89885168267983,0.8509254447752089,0.005215204420848272,0.5344792260657268
P08,unaffected,4.035338872856242,0.930500710611009,0.004099842762705844,0.5992825606249751
P08,unaffected,4.2668818806973,0.8439822221866794,0.005719537028004064,0.56478786981648
P08,affected,3.056642389440671,0.7572018989827123,0.004761586064541276,0.38568176608873156
P08,affected,3.796846905357172,0.829458832812184,0.0068493043389101695,0.510654822923208
P08,affected,4.9370798500980495,0.9083593152976116,0.003964748323384804,0.6634067085005096
P08,affected,4.481125246589473,0.8599533564302396,0.00488133389308077,0.5938099061550639
P08,affected,4.235450429212606,0.8391431954635974,0.005494243783735474,0.5587958384558483
P08,affected,4.223483187541165,0.8813975029135306,0.005199410900374036,0.5858228097239291
P08,affected,4.59254213102811,0.8465871750262617,0.004747425144338267,0.593382816624524
P08,affected,4.2653064514177546,0.8389818844450732,0.005922407281192723,0.5613044810142221
P08,affected,4.533964688279162,0.8528662595398778,0.004529395283599329,0.593170113808641
P08,affected,4.262220749151943,0.8532754888503047,0.0052526079117026035,0.5705937988779475
P08,affected,4.588806633904609,0.9080087202056514,0.004084202410806376,0.6361240111939463
P08,affected,3.991344525840624,0.8518456377129776,0.00572673759680443,0.5443303887709008
P08,affected,3.368357233017703,0.7897952632579478,0.007477447040836579,0.4404284783994266
P08,affected,3.641709146188147,0.8499884404071674,0.007536461736835106,0.5063589225446484
P08,affected,4.032634193308943,0.8422610676081298,0.00529045758472543,0.5421934546719833
P08,affected,4.238174523839668,0.9204574980350513,0.0038141040229309965,0.6132073088780984
P08,affected,4.052203528410282,0.8364050189070525,0.0052641125595861175,0.540278326993974
P08,affected,3.830888923735226,0.7826296181671253,0.006862085990284946,0.48512358436411473
P08,affected,3.5021628327770946,0.8211226339137635,0.0067897926752621225,0.4736007206395754
P08,affected,3.6306442454018795,0.963486715967165,0.0027117075332569376,0.5725595878007143
P08,affected,2.9637198646825107,0.8972369964925313,0.006081322431838206,0.4431603822169389
P08,affected,2.9543015273980275,0.6643815827301082,0.009365523552898264,0.3270920513807926
P08,affected,4.131897071310755,0.858958783127783,0.005413746504025898,0.562454524526069
P08,affected,3.7742126065428567,0.8799944308669198,0.005662493212951944,0.5392734742680607
P08,affected,3.68756036036093,0.8666431022988167,0.005220855258532816,0.5214907472966694
P08,affected,3.91138777729339,0.8363977226132305,0.005709487672450135,0.5266074576973143
P08,affected,4.562370946125894,0.885583990535413,0.005207271847867702,0.6182623473453861
P08,affected,3.517967941080212,0.8257173861941746,0.006513443156457258,0.4780647732288155
P08,affected,3.7166012166550777,0.903956893674496,0.004941416387581491,0.5473370888726736
P08,affected,4.054473161274489,0.9263790502448238,0.0033950798015708493,0.5986345425552068
P08,affected,4.11955421776571,0.8810626853315306,0.004528645847987225,0.5757356845779447
P08,affected,3.723408779516697,0.847998839004632,0.00597266245179244,0.5141961209984598
P08,affected,3.937715045720777,0.8356660186467763,0.005299509810913931,0.5287568127941007
P08,affected,3.481495777564726,0.8909222118874206,0.0040893453971923765,0.5112824714931435
P08,affected,3.01033994802836,0.7259859911045361,0.009330800836257312,0.3642419490665989
P08,affected,4.39241366014009,0.9742687927847821,0.0018433530890047212,0.6643572650127799
P08,affected,3.8612812608409275,0.8459614401117593,0.005283192502373486,0.5275250362589287
P08,affected,4.699170819965813,0.906084154981698,0.003221187693085884,0.6437231986472132
P10,unaffected,8.611979707105899,0.9750428488228905,0.0010360286634015813,0.8695265907478597
P10,unaffected,7.96264493239184,0.9876805579402858,0.0008590499929737287,0.864908886555362
P10,unaffected,7.9606487344031205,0.9781740494415074,0.001275768537415804,0.856530662908829
P10,unaffected,7.951534246339156,0.9806022987940985,0.0011273779203603063,0.8584120750475968
P10,unaffected,7.864156485825886,0.9853902114898533,0.0009584276638925999,0.8602082331286904
P10,unaffected,8.763118520136114,0.9739505505168812,0.0009854444022120005,0.8717786720183658
P10,unaffected,8.235801437357518,0.9801910280574833,0.0010214397981606158,0.8653673906305637
P10,unaffected,8.275807792486754,0.986181445039596,0.0009457022632851524,0.8716408828721589
P10,unaffected,7.321135855428888,0.9827250825705884,0.0010230306965931045,0.8414365400332761
P10,unaffected,7.428309768473745,0.9803697821466867,0.0010257105841947958,0.8428914796003802
P10,unaffected,8.425472122237073,0.9873851064142983,0.0008130607492145518,0.876288423561395
P10,unaffected,8.919688237887238,0.9594456940894373,0.0014078700510461552,0.861941973298693
P10,unaffected,7.896594149920931,0.970920828261942,0.001180342260473774,0.8484607258997783
P10,unaffected,8.436895017147094,0.9838900617430434,0.0008312916076461221,0.8734525673125774
P10,unaffected,8.103084735093708,0.9853123759246121,0.0009795397144519006,0.8665364116241816
P10,unaffected,9.185002726449072,0.9710184418474984,0.0011464628828500726,0.877415551784005
P10,unaffected,7.581199599439027,0.9790413802235204,0.0010722599357215236,0.8464888850357485
P10,unaffected,8.687097750056203,0.9799881068365849,0.0012192027584513885,0.8755682491420256
P10,unaffected,8.00398765265322,0.9784626170952861,0.0010476076329219743,0.8579356072363523
P10,unaffected,9.389252494275556,0.9585053876843976,0.0010014868817823485,0.8697165802920456
P10,unaffected,8.96256801800935,0.9523294915616622,0.0012743641679297457,0.8563797181489659
P10,unaffected,7.86788722114154,0.9693733844739808,0.0011137328982487387,0.8463280892970705
P10,unaffected,8.201096213095514,0.9510235194624389,0.0011383599566980554,0.838783308318941
P10,unaffected,7.118603985292302,0.969590701635746,0.0013950308125481585,0.8233588438850579
P10,unaffected,7.203895163532624,0.97732522237165,0.0011989206890498014,0.8328836866576698
P10,unaffected,7.979585313849972,0.9775528313319926,0.0010815276508425835,0.8564916278776422
P10,unaffected,7.882679818924594,0.9806873264626425,0.001192375365001236,0.8566136311314008
P10,unaffected,7.96666640290178,0.9823830692408718,0.0008923556008222618,0.8603778359215077
P10,unaffected,9.894413259856627,0.9716626202384121,0.0007622355445763902,0.8898570866548637
P10,unaffected,8.296684291270534,0.9752917318169662,0.0008765366556815685,0.8625194707044337
P10,unaffected,8.410743651302706,0.9812045834860494,0.0009615261745060472,0.8704599906390713
P10,unaffected,7.909108032826692,0.9833278675554401,0.0010176230558392068,0.8596457245544885
P10,unaffected,6.965855149568107,0.9721321044646889,0.0011976033799358412,0.8200335011940978
P10,unaffected,7.362174934942911,0.9866447080270757,0.0009829737378624617,0.8461451068431345
P10,unaffected,7.17972785818428,0.9794632323077379,0.001210930366966595,0.8338746506193574
P10,unaffected,7.541106073431587,0.9872495204302211,0.000869663150662228,0.8523553714634194
P10,unaffected,8.304628457425387,0.9865813878825812,0.0007629477747855212,0.872696678466042
P10,unaffected,7.824709903833305,0.9921321320429219,0.0006982307839664212,0.8649829512460312
P10,unaffected,8.001554280370822,0.9756500525219894,0.0010202652239277151,0.8554053966359767
P10,unaffected,7.340708100780422,0.9856221834351695,0.0009976818704676587,0.8445637555363948
P10,unaffected,7.764856379136179,0.9776576893955015,0.0009698817616728541,0.8506763219889094
P10,affected,7.185259772230312,0.9878676140471628,0.0008378072787288513,0.8412222573415798
P10,affected,7.559405943247591,0.9918580296204661,0.0009586966428936281,0.8569003791341583
P10,affected,6.563297017827382,0.9911718939006636,0.0010094421136099606,0.8198761260960465
P10,affected,7.703351977041526,0.9905369365934317,0.0008636316855943805,0.8600918153707237
P10,affected,7.7031235162968965,0.9916506501050442,0.0008490435037340999,0.8610521363057684
P10,affected,8.407455031347073,0.9893046779302193,0.0007354641351952853,0.8775683590641595
P10,affected,7.660510480904092,0.9937224480448789,0.000639392668831103,0.8615851842513415
P10,affected,7.409313807736933,0.9920622393915898,0.0009472708855840926,0.8523306393130428
P10,affected,7.285774266475971,0.9830885985145105,0.0014657922302417662,0.8405718435968158
P10,affected,8.000350131118049,0.9908306798273685,0.0007024468546226697,0.8686828466855352
P10,affected,7.644514891312911,0.9895287438257774,0.0009740071263457363,0.8574714702750876
P10,affected,7.590925725725672,0.970423408936903,0.0015332227657339056,0.8393287168834898
P10,affected,7.9859060354172895,0.9812572987693722,0.0011649468045188778,0.8599058363707522
P10,affected,7.79965881065771,0.9818504964836853,0.0011844795437627937,0.85531372740613
P10,affected,7.301885269035691,0.9793472904270349,0.0012333937002603262,0.8379083433358241
P10,affected,7.877040616978502,0.9892020329294686,0.0007835983139103383,0.8638945329682732
P10,affected,7.618620254834106,0.9877357238616644,0.0009558742621539047,0.8551406453849635
P10,affected,7.1166158551558825,0.9840771362041498,0.0013225948658200423,0.8355900393986928
P10,affected,7.286025609416103,0.9876168195270777,0.0010032565771555051,0.8444520616915403
P10,affected,7.003046540203659,0.9869534448283322,0.001161863914286517,0.8339180588854141
P10,affected,6.875404145416313,0.9864804063812627,0.0011223084399568895,0.8287029558961464
P10,affected,6.918130675451378,0.9817596730237599,0.0012877126740176263,0.8263647665780955
P10,affected,7.2827310158152265,0.9909871350400704,0.0009640689599345175,0.847222674151034
P10,affected,7.1312354021099384,0.9912106565118425,0.0010159809035532102,0.8421676744113854
P10,affected,7.299280823711476,0.9947297080360535,0.0006533396697402295,0.8509814876069974
P10,affected,7.082416439504772,0.9787954944761451,0.001363646816938843,0.8298930816924609
P10,affected,7.1433114293447755,0.9741738601728084,0.001454525940448704,0.8281132605436247
P10,affected,7.401958049670416,0.9871568534080304,0.0009512784475203398,0.8478787011763408
P10,affected,7.326175527072894,0.9345435481717991,0.0021611535272792995,0.8003404247839901
P10,affected,6.975456285208694,0.9912024944204239,0.0008565255838271799,0.8364801894591636
P10,affected,8.058243321804495,0.9729051451764544,0.001239101486349803,0.8544752743068178
P10,affected,7.839121200658055,0.9846503531327272,0.0009977728568571682,0.8588643474989962
P10,affected,7.601027152758147,0.9885839936753775,0.0008873095942271875,0.8553428980143836
P10,affected,7.730769877886639,0.992883063850477,0.0006539670697332761,0.8629336246436148
P10,affected,7.508070025262882,0.9843398402879252,0.001240149480795646,0.8488203758538934
P10,affected,7.822128522085127,0.9772707744880231,0.0012253032194506552,0.8519541124743237
P10,affected,7.381786862863344,0.9875181282595235,0.001329632214628627,0.8475345978340475
P10,affected,7.675407770561946,0.9842413127423559,0.0011362776167918134,0.8538050586588295
P10,affected,7.90412252751432,0.9745617303240068,0.0012495811921721667,0.8518469796258015
P12,unaffected,7.762293490839279,0.9884251824721787,0.0010510729386211737,0.8599715281762448
P12,unaffected,6.9136001458783,0.9811356805512488,0.0015512454830068855,0.825668202722843
P12,unaffected,6.848853610777618,0.9632315034784583,0.002066814495215428,0.8081683593638975
P12,unaffected,6.709729652701413,0.9259806980454038,0.003356793245958655,0.7717090678289033
P12,unaffected,7.758266451223189,0.9728346330313574,0.0012823551174602661,0.8462928881315683
P12,unaffected,6.458627086777211,0.9682172650493881,0.002279247409300358,0.7963913633216733
P12,unaffected,7.089555490687818,0.964250796636263,0.001863296314980042,0.8178114782066706
P12,unaffected,6.246249137789277,0.969199541596516,0.002020567403856988,0.7875337759952963
P12,unaffected,6.7139506205758614,0.9734223622474821,0.0020595011897417705,0.811416708754874
P12,unaffected,6.933071665512077,0.971510502783475,0.002084910014920795,0.8182954999755656
P12,unaffected,6.775700409409144,0.9699483310164236,0.0019528676855957486,0.8109697017763046
P12,unaffected,7.158732955946978,0.9791421978726327,0.001587170992854651,0.8328741204886456
P12,unaffected,6.719517084405692,0.9794749332817966,0.0017758158837728787,0.8166870570214433
P12,unaffected,7.081698125222262,0.9856259386552756,0.0011358522952772156,0.8356586316047523
P12,unaffected,6.345771386040939,0.9804919695530272,0.0019448883831668796,0.8013841948193443
P12,unaffected,6.829713058408471,0.9841267458232718,0.001208844494867068,0.824954424453777
P12,unaffected,7.198014876185164,0.9895647798714542,0.001158990942977241,0.843110655158639
P12,unaffected,6.737503305424123,0.9819723637301048,0.0015140096759263522,0.8194956334114446
P12,unaffected,7.191390259384024,0.9804226925096258,0.0015302566712892835,0.835093774405456
P12,unaffected,6.91581099296152,0.9879416690362693,0.0012701327950746205,0.8314799615382515
P12,unaffected,6.982028965856719,0.9591659347183246,0.0022252568482504583,0.8096822380262789
P12,unaffected,6.675525155869783,0.9846299908407552,0.0012389335572390132,0.8191849985531829
P12,unaffected,7.247234189890847,0.9824541450013277,0.0016283003943759699,0.8387327229516304
P12,unaffected,6.783567545303833,0.9749023229353737,0.0018619031874392926,0.8154215331066468
P12,unaffected,6.968093010702964,0.9760554970705296,0.0017490939965898978,0.8234257823554147
P12,unaffected,6.311795233006645,0.9567616365493598,0.0024119984477793607,0.7804497298982283
P12,unaffected,6.452525784725605,0.9768873043522049,0.0018023341530507154,0.8032530536307875
P12,unaffected,6.204750137267498,0.961347111710175,0.0022048132112893323,0.7791930073992442
P12,unaffected,6.6227676747119535,0.9653433559557396,0.0020823467270563198,0.8009862361369364
P12,unaffected,6.645859880177252,0.9733982973958221,0.0017906576205822709,0.8086248487515993
P12,unaffected,7.059018000900399,0.9772522305531481,0.0015850081238719073,0.8277484115321896
P12,unaffected,7.007608561242819,0.9877324332419136,0.001297627125280369,0.8347447295469764
P12,unaffected,8.51307645233125,0.9715105092181674,0.0015801378855957108,0.8641908893559147
P12,unaffected,7.73195700083032,0.9586712612091818,0.0021691165211096654,0.8332329785182248
P12,unaffected,7.549082889591629,0.9904292732277299,0.0009844360940433584,0.8553475110630635
P12,unaffected,7.574167701725399,0.9700970523720598,0.0016988489554231882,0.8385446277498394
P12,unaffected,7.1024431385163185,0.9876053224642236,0.0012513196179554506,0.83808066978529
P12,unaffected,8.115156897282155,0.9821674523767538,0.0012870856976777705,0.8640802708796278
P12,unaffected,7.267482277317117,0.9765849245563717,0.00233571223264351,0.8344013174366283
P12,affected,10.018720467915456,0.9292935443612915,0.0018049502196188008,0.8528257933604465
P12,affected,10.729920839821192,0.9702615629183088,0.0014070396905585725,0.8999137858902982
P12,affected,9.554288719688453,0.9742454964731283,0.0014418077598873796,0.8868120911949923
P12,affected,9.925656654529934,0.9749717948737183,0.0013106332723834058,0.8933604154914208
P12,affected,10.7167905960341,0.9741869246756194,0.0011723697526234832,0.9033939445287735
P12,affected,10.040437479944854,0.9618520777930938,0.0012964449824033482,0.8830191994929522
P12,affected,9.367052319863625,0.968639092898661,0.001071534359994756,0.8785253713605948
P12,affected,9.28429524088027,0.9715307025471137,0.0012946801538479857,0.879682516273579
P12,affected,9.635512517445639,0.9774876526950492,0.0012554457841463741,0.8911058679011701
P12,affected,9.428465923717738,0.9872926692819859,0.0008585618716450468,0.8965265830675739
P12,affected,10.185212960688855,0.9809585473156358,0.000918535653752817,0.9026479259396458
P12,affected,6.5166856901151196,0.08935996906636844,0.007327333585647071,0.07373370922299637
P12,affected,9.566181379008743,0.9755454065596786,0.0011431716203296617,0.8881934103512426
P12,affected,9.702326422325392,0.9897107182293909,0.0006875559655487895,0.9033444551270701
P12,affected,10.000437025813943,0.9827197531449124,0.00096270916054215,0.9015842614318674
P12,affected,9.999270986002307,0.9852239502589469,0.0008026990400899519,0.9038643011254394
P12,affected,8.867044688890694,0.9892302467387483,0.000826423812473832,0.8876253976516065
P12,affected,9.066819105486037,0.984143344168877,0.0010372517306057078,0.8870316111756165
P12,affected,8.75098820562901,0.9916830688369612,0.0008034896994372642,0.8873927084329662
P12,affected,9.233986087507754,0.9930083165065513,0.000630370756726281,0.8982018376697362
P12,affected,9.1741076580267,0.9914915508788371,0.0007636306050345237,0.8957099197126348
P12,affected,8.679364092717654,0.9870389410766861,0.0010744673099058856,0.881700305975013
P12,affected,9.80837697118315,0.9615727103083809,0.0013289034115023359,0.8793122154314512
P12,affected,8.54478771555065,0.9876938668672977,0.0009028357246795827,0.8793061507658381
P12,affected,9.592457737075664,0.9814609066957591,0.001102787337431393,0.8940171934028006
P12,affected,9.645168736004235,0.991025710851712,0.0007547181779098916,0.9036073599392429
P12,affected,8.891198797992814,0.9851819242106752,0.0008465638755182401,0.8844858045813397
P12,affected,9.434600634013456,0.9882827932124265,0.0008305114878909546,0.8975329528773627
P12,affected,9.320242850922511,0.9822918214111812,0.001073585298948973,0.8900741329154574
P12,affected,9.164875997571155,0.9866958038416211,0.0010621306911811751,0.8912039299416458
P12,affected,8.8587585724548,0.9856255236740183,0.0011554595955964,0.8842209428016214
P12,affected,8.694136195140942,0.9834790404258082,0.00115581188904755,0.8788387731719242
P12,affected,8.76724561635628,0.9876966200682106,0.001036818223265448,0.884170020910523
P12,affected,8.220262444566979,0.9864758623418189,0.0009581262109091593,0.8705300871295774
P12,affected,8.721314333913789,0.9943650147882798,0.0005006703604432211,0.8891552115231965
P12,affected,9.051257689165299,0.9891261150884932,0.000834098914214174,0.8912200494662333
P12,affected,8.816650621995011,0.9865053385954697,0.0009360641943722516,0.8841392904729256
P12,affected,9.124685323054537,0.9903924071944283,0.000776127295798209,0.8937791073735797
P13,unaffected,9.557516797969791,0.9737635111510042,0.001279340678599794,0.8864270903805126
P13,unaffected,10.041604696271754,0.9762212276350216,0.0009981759303419398,0.8962277369355997
P13,unaffected,8.573471524283958,0.9910659926210186,0.0008833564199143948,0.8829554867273681
P13,unaffected,9.466553537638228,0.9925520733625958,0.0005274519787999525,0.9019683785918652
P13,unaffected,8.422517150537264,0.9899690720932384,0.0008271923085467121,0.8785122802814698
P13,unaffected,9.685984173572784,0.9776641230502334,0.0011495647737505817,0.8920861859158679
P13,unaffected,11.270107681885456,0.9788953762445876,0.0010196119275738913,0.9141228350165399
P13,unaffected,10.239595260130855,0.9894948222323712,0.0007176467420027711,0.9112734143491897
P13,unaffected,8.700334376751803,0.9546075071099049,0.0016572193193254033,0.8531684072847451
P13,unaffected,11.249054598462791,0.9886586075215282,0.0005493877803584894,0.9230112210417036
P13,unaffected,10.544564679977993,0.9848627041286693,0.0008248306727394219,0.91111344612756
P13,unaffected,10.284754544190534,0.9835613886621992,0.000803766138059053,0.9064369121042901
P13,unaffected,9.723379806675597,0.9928906865580983,0.0005784982795655681,0.9065891503415292
P13,unaffected,9.935307634296146,0.9872569421549673,0.000778245126494838,0.9047642802446999
P13,unaffected,10.469108496443273,0.9879070755379483,0.0007511576878634056,0.9129408335317022
P13,unaffected,10.256785047286515,0.990570692015527,0.000626927305171089,0.9125058212598616
P13,unaffected,10.516108548181935,0.989584422460115,0.0006585417193090088,0.9151102305615616
P13,unaffected,10.992655481043062,0.9860585054729039,0.0006853332369955482,0.9177079908682841
P13,unaffected,10.772624274273527,0.9883024232754417,0.0006868040724432149,0.9171727784429077
P13,unaffected,10.908912100115161,0.9899489475200943,0.000639229895610077,0.9203455347582916
P13,unaffected,10.805727531107129,0.9893423361237128,0.000728770161847649,0.9185422748677826
P13,unaffected,10.91938130187012,0.9886100164545137,0.0005816217862344992,0.9192246170786057
P13,unaffected,11.941349868352464,0.9883091213467639,0.0005844765998385213,0.9296348049076492
P13,unaffected,10.503537450585057,0.9897507778170677,0.0007520931495461789,0.9150991177879818
P13,unaffected,10.454492602253858,0.9855468193252266,0.000883099938647609,0.9105663448015935
P13,unaffected,10.168947724163306,0.9880036430189312,0.0008038917738669426,0.9088983078778078
P13,unaffected,10.272386971077617,0.9852397127181348,0.000924755454437147,0.9078121222271032
P13,unaffected,12.37147907238627,0.9870774972958631,0.0005629309983555375,0.9322579606580115
P13,unaffected,11.270579246165669,0.991765311529902,0.0005215819174784459,0.9261463074034705
P13,unaffected,10.278683554872174,0.994805946359275,0.0004835926448346538,0.9167148062192734
P13,unaffected,10.901720227265304,0.9915449660031368,0.000611074405700519,0.921743801171155
P13,unaffected,10.431051725036948,0.9942283191907699,0.00046979785764919617,0.9182730107736113
P13,unaffected,10.567799823543492,0.9876215566047057,0.000722324089652044,0.9139663331604849
P13,unaffected,10.857324584664488,0.9927324678927663,0.0005547449608684378,0.922315642645152
P13,unaffected,10.156730191992294,0.9915906180503369,0.0005822353379752117,0.9120223071735828
P13,unaffected,10.398125599642997,0.9878794974326184,0.0007446563298663532,0.9119672847349413
P13,unaffected,10.762565205537767,0.9920617972746935,0.0004976276869634532,0.9205376828248933
P13,unaffected,10.493004599014974,0.987543463576958,0.0006688032323496057,0.9129199837875258
P13,unaffected,11.06107312009779,0.9903873711037244,0.0006733950695478982,0.9225254224940179
P13,affected,10.140340028257553,0.9722274852806849,0.001087066203295799,0.893980847057876
P13,affected,8.619916236326496,0.9912565304762919,0.000695048796409336,0.8841617860506971
P13,affected,8.6364771471265,0.9874551419792058,0.0008088110090499435,0.8811358393764133
P13,affected,9.572688563815063,0.9605066534284421,0.0012202100279716155,0.8746076867301824
P13,affected,8.833244114179905,0.959612253886968,0.0015097037869026826,0.8603719087022523
P13,affected,8.798265503465037,0.9497635286258458,0.0017125646624853942,0.8508406770332066
P13,affected,11.031991484374398,0.9586220529184208,0.0010971252388258994,0.8926137954357484
P13,affected,8.109623729256406,0.9539235825673199,0.001439373889679573,0.8390944813162874
P13,affected,8.192917000831972,0.940574446154951,0.0019877782381733356,0.8293719034506731
P13,affected,8.587311586369163,0.9607413880502882,0.0011058841441300923,0.8562396740092453
P13,affected,6.401504595980031,0.997720395735705,0.0006319276275724834,0.8180562037215666
P13,affected,9.270653403767449,0.9544739874758869,0.0014109083162383966,0.8639977689029072
P13,affected,8.799961488373187,0.9333994526002302,0.001900289418258508,0.8362145735440165
P13,affected,8.511889032800148,0.9504823871241682,0.0014534099405800708,0.8454596164971822
P13,affected,8.274257546668986,0.9793208215664138,0.0009407610401862646,0.8655394170012619
P13,affected,8.116013378034614,0.9298140769048823,0.002031066052074623,0.8180421625931183
P13,affected,7.196754439049784,0.9665477165276818,0.0015645259513825524,0.823457390721205
P13,affected,6.431611857264565,0.9862568505479783,0.0011651817849117237,0.810019375425486
P13,affected,8.736157829915767,0.9787363569483656,0.0010726368709737435,0.875494674117922
P13,affected,8.973489771075588,0.9557814320491989,0.0011611358501680245,0.8596945822907808
P13,affected,7.733770979982735,0.958307152917005,0.0014197006563304929,0.8329676344186703
P13,affected,7.96747037618113,0.9472498764390153,0.0019414462751986767,0.8296287371698157
P13,affected,9.285847104707424,0.9646032590831529,0.0012873771829299966,0.8734375886133208
P13,affected,8.327799442814156,0.9524890071726279,0.0015017120826658968,0.8430805119580901
P13,affected,8.536780730382747,0.8444924097494467,0.0025962145609636444,0.7516645524019666
P13,affected,7.830061714650587,0.9574112548608849,0.0015107292618640258,0.8348580240247288
P13,affected,7.97586718001869,0.9642039070216444,0.001544472497980996,0.8446982949293581
P13,affected,8.240200201516148,0.9474384068784556,0.001634136573427234,0.836556144996573
P13,affected,8.407157260520608,0.9696023651022644,0.0013403283362286636,0.860084428670045
P13,affected,7.228984116166576,0.9706057680461918,0.0013004376080283065,0.8280052624217216
P13,affected,7.673953571412403,0.9676840262276637,0.0013032267181128983,0.8393998570887642
P13,affected,7.494080308085188,0.963739570900587,0.0014641196140843735,0.8306289029202594
P13,affected,7.4482199970889384,0.9003813741694806,0.002226099007595575,0.7746999618647856
P13,affected,10.956410184210801,0.8927900926886073,0.0015456230907755397,0.8305231308330767
P13,affected,7.426661869948475,0.9301756483395895,0.0020062178175667337,0.7996863515411976
P13,affected,9.028953593917926,0.944642078479459,0.0014431607813166682,0.8507226066996574
P14,unaffected,7.503331164914618,0.9404342889640466,0.00204188929286877,0.8108184945031925
P14,unaffected,7.494941416345037,0.9625423501983054,0.0017955204185184184,0.8296233697045482
P14,unaffected,8.275405229317185,0.9477137834997832,0.002043763191386339,0.8376316026551642
P14,unaffected,6.835035354083578,0.9616959047007267,0.0018304671230123866,0.8063545705415167
P14,unaffected,7.404811245207601,0.9540065149528094,0.0021774368351441245,0.8194946358702156
P14,unaffected,7.818857507248988,0.9345622602361621,0.002687215681701873,0.8146347435609544
P14,unaffected,7.864092167671191,0.956961852152544,0.0018973887052505846,0.8353896190731994
P14,unaffected,7.686950802323123,0.9485903131096812,0.002114126951598306,0.8232060930943983
P14,unaffected,6.851074418793609,0.9608788502063839,0.001728246357149149,0.8062785760973463
P14,unaffected,8.181272740833199,0.9240402488478127,0.0019893858526598787,0.8145181998843876
P14,unaffected,6.743914868709137,0.9806980758264486,0.0013692936724983857,0.8186896348824539
P14,unaffected,7.29696879616417,0.9539607419702558,0.0015157296811762289,0.8160292979841648
P14,unaffected,7.749569105702351,0.9512256734366009,0.0018141845022161176,0.8272530539414928
P14,unaffected,7.715164655721138,0.963973774691342,0.0016014183881787507,0.8373642124753603
P14,unaffected,7.805630336790948,0.9712858454132403,0.0016176994554597001,0.8462774154491531
P14,unaffected,7.5674099192213085,0.9583830162646273,0.001650349039975518,0.8282184202151797
P14,unaffected,6.357148229973198,0.9715240772303612,0.0015173343230335341,0.7945735245173088
P14,unaffected,7.840042132246119,0.9694642937503151,0.0014786900749847727,0.8456436373811832
P14,unaffected,7.494213620824042,0.9678364835924269,0.001516139429694412,0.834164053444073
P14,unaffected,7.039462289850027,0.9616470206957782,0.0018850115265459958,0.8138378385564524
P14,unaffected,7.3492751771574385,0.9780896500637043,0.0015116574843682376,0.8383888245662102
P14,unaffected,7.2450007915095,0.9773012691464794,0.001435001248473926,0.8342583970422083
P14,unaffected,8.352026115024234,0.9442447013994,0.00178306725677351,0.8363397087574994
P14,unaffected,7.935522109911055,0.9704355753730709,0.0014431217186073957,0.8490847980003144
P14,unaffected,7.5559920798126825,0.9617749841659267,0.0018529937295531985,0.8308084261128252
P14,unaffected,7.33193600310125,0.9421950200063052,0.0025138157540938143,0.8070751673030193
P14,unaffected,7.414382113455308,0.9754345672344527,0.0014392742384575223,0.8382063212572781
P14,unaffected,6.913797128248401,0.9513457004952636,0.0019593857588232743,0.8006058720123113
P14,unaffected,6.09418232547907,0.981772564282612,0.0007346331121844049,0.7902655543834667
P14,unaffected,7.389730449864488,0.9866255066018239,0.0010275343856739822,0.8470265041343781
P14,unaffected,8.074975772910793,0.9410288237133022,0.0022431541385345014,0.8268959116887648
P14,unaffected,8.057820518717442,0.9416150217306382,0.002286045229307851,0.8269834728528046
P14,unaffected,7.23688445185147,0.9507847632950774,0.0023441857514928492,0.8113564631937045
P14,unaffected,8.093587282627633,0.9506981560602312,0.0018627055826259849,0.8358582023291001
P14,unaffected,7.98342813830994,0.9763970264501379,0.0015584763180653835,0.8555809385223987
P14,unaffected,7.038365049659358,0.9100184199170246,0.0027141324677473406,0.770107861455135
P14,unaffected,7.755065925937196,0.9332054009015667,0.002146842702844017,0.8117312707010486
P14,unaffected,7.672017513164977,0.941410045595081,0.0023008396370593634,0.8165543309057653
P14,unaffected,7.996522640309902,0.9574784087900751,0.001900542240939783,0.8393431069599381
P14,unaffected,6.975145935333338,0.9588354170089879,0.0020341000779421047,0.8091542291771952
P14,unaffected,8.003192936266041,0.9310649765123852,0.002174217100519699,0.8163564353315983
P14,unaffected,7.344026279994511,0.977278277964152,0.001569441537314077,0.8375222860094617
P14,unaffected,6.785809220008533,0.9836451231266269,0.0010985316593907267,0.8228230464484771
P14,unaffected,6.8415974039314085,0.9312914576061954,0.0025839044377445573,0.7811032235642281
P14,unaffected,6.689275911306142,0.9229925065544978,0.0029513697490058796,0.7684346074083804
P14,unaffected,6.627258793284341,0.9302809205345121,0.0032630901249989974,0.7720715511492245
P14,affected,7.597084570268009,0.8097674096709803,0.00325413915078654,0.7005291442254341
P14,affected,6.430893973260285,0.7719202825793249,0.003804447357773532,0.6339580192650625
P14,affected,7.625037817506688,0.9034725301904708,0.0031110265731219087,0.7823657795872118
P14,affected,7.351149705084584,0.9080643155304722,0.0026016983223973496,0.7784219239114023
P14,affected,7.264697680742258,0.9453885078022043,0.0018697921132886396,0.8076567081536165
P14,affected,7.524289781184069,0.9354045122571563,0.0019309224249756322,0.8071007900823634
P14,affected,6.4867070390428125,0.8998458222854172,0.0028116698321593407,0.74129003360003
P14,affected,8.82888738009374,0.8554459735808199,0.002178261154412496,0.7668999130646026
P14,affected,9.243931674309232,0.9427944150661104,0.0014461795825112846,0.8529571971935316
P14,affected,8.111881659390784,0.9673545334745224,0.001384453606245494,0.8509656913563967
P14,affected,8.644648662962302,0.8931297898879786,0.0022953029732881132,0.7971286808414562
P14,affected,7.516930673056322,0.9011784621124714,0.002736265983147464,0.7773604417211031
P14,affected,8.879175629637466,0.9553599059136733,0.00165565929023796,0.8574744020514545
P14,affected,8.693099269378218,0.9466454545477315,0.0021886306777326825,0.845902737049328
P14,affected,8.462229013596247,0.8803277250086843,0.002228935275446055,0.782039468303191
P14,affected,7.910000366707613,0.8982710865214272,0.0023314208366325365,0.7853095977664132
P14,affected,7.85498934676982,0.9491436635045228,0.0017500800859693638,0.8283206175480696
P14,affected,8.842494807888862,0.9074961744926006,0.0018439418148527573,0.8138215292198381
P14,affected,6.17850918384069,0.7654109202908821,0.005014168442246227,0.6193834088226122
P14,affected,8.352682366273074,0.8490238089498151,0.0032695501282140895,0.7520138312373391
P14,affected,7.397357304938181,0.8264243773867799,0.004113494046046876,0.7096994100873129
P14,affected,8.296153780193192,0.9303654153446215,0.002009177066773759,0.8227757831903514
P14,affected,9.263931673257874,0.8854270242362767,0.001892689113259703,0.8013856081174703
P14,affected,8.29100453786538,0.9105400099246126,0.0020113615481838665,0.8051273475716163
P14,affected,7.403887650313244,0.9193090928893075,0.0022988062089157905,0.7896616599679825
P14,affected,7.910335449830011,0.8965433565696177,0.0028755064412740216,0.7838074878251113
P14,affected,7.573504298983318,0.8584569811395334,0.0027240375641301297,0.7420261569770266
P14,affected,7.13421326544069,0.8260003797698583,0.0031619180176248552,0.7018872597075962
P14,affected,8.490347619416395,0.9000612726189147,0.0021809813743116128,0.800160535327827
P14,affected,6.626368769263767,0.898681019487942,0.003093157025695825,0.7458116514163395
P14,affected,7.722858034749381,0.8542612384061465,0.003426767272034256,0.7422555992137655
P14,affected,8.880479905817781,0.8950805693355733,0.002125561444844116,0.8033954214236322
P14,affected,7.741159708150632,0.8096512752484333,0.0036518501270500054,0.7039305215688949
P14,affected,7.605718881411176,0.8557596972345289,0.003523421069031096,0.7405437276627843
P14,affected,6.233536675251249,0.8290184435165157,0.004058030574886631,0.6731129502644532
P14,affected,8.480717283609183,0.923649401344473,0.0024180364467959103,0.8209234861946921
P14,affected,7.008855536337111,0.85797197793209,0.0032407718030585593,0.725122546178931
P14,affected,6.742434421906726,0.9006729410748385,0.0022242984017923906,0.7518298696873279
P15,unaffected,11.174402161946615,0.9401539745487877,0.0013528392214692845,0.8769466934067733
P15,unaffected,10.60555447821464,0.9760945621724492,0.001039432136108276,0.9037780394239103
P15,unaffected,9.533691517314274,0.9817711951523312,0.0011095901401359189,0.893315613326118
P15,unaffected,9.683827749910028,0.9896083142091182,0.0006535524263446596,0.9029496606818262
P15,unaffected,9.87198457361032,0.9906043562779876,0.0007044562896381455,0.9068567745997831
P15,unaffected,9.133919375168192,0.9810297853145751,0.0011006384790552218,0.8855043826818785
P15,unaffected,10.02643745755731,0.9876266836607657,0.0008929196894314314,0.9064737124012182
P15,unaffected,10.091590175478489,0.9871062948968089,0.0007384807758120569,0.9069552551688607
P15,unaffected,10.09451664643202,0.991248016435131,0.000574782306518386,0.9108035514396258
P15,unaffected,10.994366530485948,0.988842324610011,0.000776132535941263,0.9203186991220133
P15,unaffected,9.30347313073009,0.983691509938344,0.0010578405019065742,0.8910405810414149
P15,unaffected,9.374468953416837,0.986195987519946,0.0007804502666066652,0.8945805594228617
P15,unaffected,9.908158840409568,0.9919823063801905,0.0006471233572171175,0.9086781493971076
P15,affected,5.258151301529863,0.9923009561670973,0.001370536762155321,0.7486131476334404
P15,affected,8.032807787244975,0.9949595863410111,0.0007261711996576023,0.8731708835453104
P15,affected,9.672694653547705,0.9938993030307429,0.0005533658574574258,0.9066820194566779
P15,affected,8.868459683337104,0.9979839369103695,0.00045140480442174534,0.895509336076731
P15,affected,9.355409170689569,0.9988711844033262,0.0002984751571482984,0.9057350691030951
P15,affected,9.055354248524708,0.9954476218960532,0.0005545281678115674,0.8969961529494979
P15,affected,8.384521921712276,0.993922054227258,0.0007176215255139383,0.8811190902763216
P15,affected,9.285363519251758,0.9990169012713362,0.000280322080446738,0.9045898558863402
P15,affected,8.909712781372573,0.9659169088826528,0.001528653620557395,0.867558016725827
P15,affected,9.695316769319797,0.9988915706926933,0.0003262815606044916,0.9116090772938579
P15,affected,9.192648908569096,0.9983426151208356,0.0003692981474093914,0.9022503918676111
P15,affected,9.478251340773086,0.9994516744123244,0.00028318556090588585,0.9084428168394203
P15,affected,9.251209115617558,0.9973825040620858,0.0004312317347757811,0.9024789267036311
P15,affected,9.720613921296072,0.9972728729452522,0.0004133434707301493,0.9105453939404806
P15,affected,8.679085177018747,0.9983329456432433,0.00048672033190911033,0.8917828761869866
P15,affected,8.541409048005146,0.9982729311824522,0.00044944801151029556,0.8886471232023282
P15,affected,8.398619879107189,0.995498514100745,0.0005622728307723339,0.8828527345521899
P15,affected,9.08430127539072,0.9958839800261824,0.00061228654195736,0.89795443203146
P15,affected,9.050207471625493,0.996935356869546,0.0004653897330802429,0.8982356779063909
P15,affected,8.961220560639003,0.9985935005923484,0.00043402621893559004,0.8979552934859845
P15,affected,8.685449853248064,0.9951726236387292,0.0006608180434127299,0.8890988709045902
P15,affected,9.078770675839866,0.9969434197487986,0.0005487069239756383,0.8988019774320075
P15,affected,9.812581563407909,0.9974598784991514,0.0003641822332201422,0.9121961742354396
P15,affected,9.617581357574677,0.9983152956056774,0.0004262552841799464,0.9097928708797388
P15,affected,8.994855514104511,0.9986795617533814,0.00038939365080973616,0.8987087753156671
P15,affected,7.518493761387375,0.9954195945623743,0.0007390967416496503,0.8587023020513772
P15,affected,9.11621709378364,0.9978558541554837,0.0004332613899219406,0.900351241912472
P15,affected,8.732264344063493,0.9989582216509177,0.0003034645050553305,0.8934993757309496
P15,affected,8.671725515313184,0.9983631454552093,0.0003898338228157739,0.8916482539058262
P15,affected,7.736519564947641,0.9946547145543362,0.0006479102375643593,0.8646415433916822
P15,affected,8.789092619403897,0.9992126573830148,0.00032173122427293823,0.8949447511941889
P15,affected,9.334742230790651,0.9988114360710562,0.0004305470239712061,0.9053067047760643
P15,affected,8.9218704640523,0.9990166848228458,0.00035082636059265924,0.8975361741865657
P15,affected,8.949332211075015,0.998054352965859,0.0004259437993013752,0.8972300851088628
P15,affected,9.070336602452572,0.9986837162588713,0.0003218264886800904,0.9002060744294904
P15,affected,9.085591566025585,0.9975322151524467,0.0005089948338291319,0.8994657093211892
P15,affected,9.051789853909911,0.9985604385931476,0.0003480558481066193,0.8997310123674864
P15,affected,9.002404281547781,0.9985295577363141,0.00034601384459649094,0.8987246002165591
P15,affected,8.458665720713531,0.99935440728182,0.0003295735248503677,0.8876933464679334
P15,affected,8.762180127417073,0.9980954534924248,0.0004281110402096854,0.8933705891351575
P15,affected,8.766475353221267,0.9989402247097722,0.000368988195904954,0.894218642142047
P15,affected,9.129222555708814,0.9958237557682071,0.0004665397398895629,0.8987677527716285
P15,affected,8.400566601813011,0.9996626071368773,0.0003162899335950732,0.8865921305130773
P17,unaffected,4.976290109395224,0.9742035075318518,0.0020007791215353,0.7145194963828254
P17,unaffected,5.987142516815463,0.9640426139795584,0.002085655249350428,0.7705714546843649
P17,unaffected,6.059024526555976,0.956023596894546,0.002251844866434021,0.767796126681467
P17,unaffected,6.7951991485301555,0.9862211516094723,0.0013435831639607028,0.8253505840815931
P17,unaffected,7.247050918429888,0.9722414571970321,0.001667170432916283,0.8300078892869244
P17,unaffected,6.114147587423064,0.9793979137191133,0.0019801156100252696,0.789358047939278
P17,unaffected,6.481915415455341,0.9832234808050596,0.0015915522418970482,0.8097652455089869
P17,unaffected,5.487578653079914,0.9634333908754954,0.0026278320954887364,0.741747880736187
P17,unaffected,6.28843610244639,0.9697200207557116,0.002089694448673513,0.7899366669109544
P17,unaffected,6.266349005957127,0.9810388531615817,0.0015429481869070672,0.798112093206139
P17,unaffected,6.760290248604742,0.9952574569624983,0.0008529297888506761,0.8315085078019282
P17,unaffected,5.881475701515659,0.9887588941270155,0.0012309227237888819,0.7846186901886997
P17,unaffected,5.2676122209430645,0.9810422163317343,0.002118762062230677,0.7407721941498806
P17,unaffected,5.906347654954851,0.9957148299496946,0.0007118833925264058,0.7915119089865473
P17,unaffected,6.1584648341800445,0.9960658997371257,0.0008250270969585049,0.805031900387879
P17,unaffected,8.382079085190238,0.9954738372723642,0.0006408841693576558,0.8824363740217558
P17,unaffected,6.104379773368645,0.9963480828109753,0.0008769821529911469,0.802520508846685
P17,unaffected,4.67305335458701,0.9833281932840109,0.0020180410308906003,0.6963407753119509
P17,unaffected,5.7512480648467745,0.9981224322096935,0.0008130420256496154,0.7846297165919159
P17,affected,6.102648406117151,0.9865409548411734,0.00158404247000916,0.7945335239769508
P17,affected,7.043642677266757,0.9836921398434371,0.0011089359933521956,0.8326463985207104
P17,affected,7.0436959997896675,0.993400257686535,0.0007444527339048699,0.8408657915664042
P17,affected,6.055162134326164,0.9860569447547625,0.0012784029551429707,0.79171741244448
P17,affected,6.084405528825377,0.9830283265595305,0.0017186544221180192,0.7907802444510675
P17,affected,6.664418020406616,0.9936286412088583,0.0008259125711253177,0.8262084986718555
P17,affected,6.228471557681862,0.987390386754464,0.0012762262651420692,0.8014561712943082
P17,affected,6.569878551079959,0.9924837063425409,0.0009452624177116746,0.8212454479884473
P17,affected,6.311849033024973,0.9961798349389381,0.0008557048525357175,0.8126065007237904
P17,affected,6.502087111472733,0.9971069748246029,0.0006362428265725522,0.8220979292237005
P17,affected,6.277132029328284,0.9838092276637064,0.0014608756911326296,0.8008785152187318
P17,affected,6.139689750017665,0.9937618645486811,0.0009314902279298348,0.8022273228360144
P17,affected,6.304985365532948,0.9904318057666496,0.0010634472085985574,0.8075935102361703
P17,affected,5.790714052110352,0.9919454242792524,0.0011253214889786424,0.7820462585510971
P17,affected,6.227398985663574,0.9977815044142927,0.0006728979661066271,0.8098380150867689
P17,affected,6.520387624416116,0.9978754185399298,0.0006211567820516013,0.8235417393266514
P17,affected,6.209471494668277,0.9956455463780272,0.000788662173899029,0.8072251481555952
P17,affected,5.743123462570524,0.9933280762507981,0.0009697644898256984,0.7803882382041759
P17,affected,6.584487321209365,0.9912559799575268,0.0010285407512380077,0.8208572945829056
P17,affected,5.770539515674679,0.9886559903962816,0.0014684356707237907,0.7782993071388874
P17,affected,5.683727731666657,0.9966887826450603,0.000761613449026666,0.7795177146535665
P17,affected,6.09984570845581,0.9958665248901869,0.0008821169571363417,0.8019006336888016
P17,affected,6.092973981648026,0.9975821372031713,0.0007656038121005169,0.8029291448019953
P17,affected,5.996720225387752,0.9986526219314625,0.0004920777116503201,0.7987473068304572
P17,affected,6.482351646355369,0.9972385496283915,0.0005780494646847418,0.8213273061861596
P17,affected,6.095349347691858,0.9984088116127489,0.0006685791520144766,0.8037167206082652
P17,affected,6.024330320111405,0.9973955311424981,0.0006497212305061126,0.7992049097351215
P17,affected,6.15270259628952,0.9955669952613959,0.0009439139180841829,0.804339598346531
P17,affected,5.4794366717932546,0.998831679469842,0.0006595072699451003,0.7684751552969189
P17,affected,5.531906045536207,0.9987110659114844,0.0007049216779470923,0.771742652397612
P17,affected,5.963623304561282,0.9940100226851966,0.001006150856367649,0.793266619410511
P17,affected,5.6286229786377096,0.998602132721095,0.0007513285992455746,0.7776800420912388
P17,affected,5.989408253736878,0.9907630940122187,0.0012916885054069258,0.7920497114754526
P17,affected,5.895377506492615,0.9957137273739336,0.0007323534815176974,0.7909068237118071
P17,affected,5.3259028944286015,0.9943389682124087,0.0012869846574161492,0.7548369518753826
P17,affected,5.8058317824193315,0.9970154573342933,0.0007402103969050372,0.7869094868925265
P17,affected,6.261673920227061,0.9969997230629373,0.00080402365469027,0.8108710053653924
P19,unaffected,3.452791385262094,0.9723735023786377,0.00254176964541508,0.5540837395370027
P19,unaffected,3.333354413261465,0.9639250149323,0.003972288370648653,0.532558271192003
P19,unaffected,2.0286720556117515,0.9653618716656232,0.007181811036305813,0.3029204843196125
P19,unaffected,3.042493499099927,0.9703203806761845,0.0035371951717373417,0.4919835769374857
P19,unaffected,3.1696073523373447,0.9730678175403821,0.003518553170561369,0.5132641062510447
P19,unaffected,0.673062221691653,0.39827402345812135,0.042162904819849134,0.019086318511407088
P19,unaffected,0.7965238719616629,0.8260206988235104,0.02584459693437581,0.054395325871960366
P19,unaffected,1.2729122111049949,0.9446290271205895,0.012374445342295006,0.1441189809319391
P19,unaffected,1.9519462866035464,0.985513046240344,0.005707507413404964,0.2931202187997728
P19,unaffected,2.0222787317993887,0.9882731435734465,0.0056338087571254185,0.30876799179206516
P19,unaffected,2.7215809674429523,0.9558014661878345,0.004792061645517606,0.4315001531795018
P19,unaffected,1.0799745303452293,0.9591323932791174,0.013742893736275274,0.11003750704081619
P19,unaffected,1.4196659258280915,0.9177840985038505,0.012167985494300341,0.16792314130254635
P19,unaffected,1.0443486788749852,0.7970113426022051,0.01838419108466886,0.086146134177811
P19,unaffected,1.0496832256224293,0.4179318693429146,0.017484104663837173,0.04558497682834368
P19,unaffected,0.897795683696905,0.43456067119755176,0.03209726818765041,0.035720038124680116
P19,unaffected,1.53580989166627,0.44005230015568847,0.024238887332575388,0.09137978400568893
P19,unaffected,1.978554183340097,0.7513944692645422,0.013058653648599202,0.22776152023340773
P19,unaffected,2.327997381281216,0.9333089245856706,0.007639890392461342,0.3507825892997339
P19,unaffected,2.110374056675297,0.6938520397839057,0.010440517111115486,0.22969138036182346
P19,unaffected,2.692664392930797,0.887788054186481,0.007026260747935019,0.3961034146353837
P19,unaffected,5.120752396354282,0.904615108993777,0.0037436994159581296,0.6734666311635337
P19,unaffected,4.126502987924265,0.9798883959825422,0.002272109529812345,0.6410615000922677
P19,unaffected,6.941614155898572,0.9604780086704127,0.0012465830140773815,0.8093168677198962
P19,unaffected,6.075626712179962,0.8698290779844793,0.0031908337164747633,0.6993235394707643
P19,unaffected,4.572187873476573,0.9111261765781788,0.003000435422694774,0.636919105014676
P19,unaffected,6.313331544297449,0.871788255314148,0.0032199092586903794,0.7111990094123937
P19,unaffected,3.399199106768954,0.634497324709265,0.005738985134891932,0.3566768589997341
P19,unaffected,6.632137436968906,0.941375013317966,0.002080463662545439,0.7814743692272653
P19,unaffected,6.178583392202267,0.8391243092749944,0.00398276684755711,0.6790366366650192
P19,unaffected,4.872611998803196,0.8729561359116939,0.0036105562924313396,0.6330037263478127
P19,unaffected,6.694643868841542,0.9580337147114485,0.0013701490371450934,0.7978222179399442
P19,unaffected,8.2253844911446,0.9369142534274452,0.0016035938121305923,0.8269147259500386
P19,unaffected,6.833582439573537,0.9920095827335959,0.0006593585336767581,0.8317145908881662
P19,unaffected,7.664047122896237,0.9354910462809518,0.0017048368240688365,0.8111964574308564
P19,affected,1.21471491387641,0.8945443225513247,0.01176459822849409,0.12600114445824037
P19,affected,0.871986694896851,-0.8517133519127819,0.022930500579403726,-0.0663509736802161
P19,affected,0.7017567976223019,-0.08659349307655649,0.04307986065739483,-0.0044924124315869375
P19,affected,1.1514826204133652,-0.31894235969390206,0.028225463912649178,-0.04095420962385636
P19,affected,1.265650728361419,-0.13710091180544776,0.025953486246713234,-0.020715028872712773
P19,affected,1.313277513786874,-0.31231351435559707,0.027803986006354663,-0.05022485934429271
P19,affected,1.4509679020800141,0.40514369372335013,0.025458525789517406,0.07680581315131556
P19,affected,1.438503425111546,0.40898423755978003,0.028312299657238665,0.07645546305136001
P19,affected,0.6096751460485909,-0.24674257460626386,0.0675829230834954,-0.009786390041773022
P19,affected,1.0417582479357563,0.8480877231196277,0.018321540165547986,0.09126149146739791
P19,affected,0.9794817255820774,0.9603534394067149,0.01383281272249916,0.0925105523887117
P19,affected,0.2750805569614525,0.005579923888054627,0.06842162971436391,4.652318100558554e-05
P19,affected,0.6707030762375282,0.20248519511511778,0.040312030028937136,0.009638940420990116
P19,affected,0.7477974093765355,0.635048873898343,0.03937788964053513,0.0371495425912184
P19,affected,0.7919587245987041,0.2916950780301693,0.040833989960137394,0.019003529273983893
P19,affected,0.7532051338935367,0.740219241915235,0.028339665939679914,0.043893145559488124
P19,affected,0.8487931861345289,0.8642726419511124,0.02076258874162525,0.064057232240175
P19,affected,2.2790745869500246,0.4038497133474821,0.012388596818115985,0.14778369396450505
P19,affected,0.49593790734129806,0.1791585235671149,0.047144254157533996,0.004765849651300048
P19,affected,1.2107544078162507,0.12102758762897962,0.03552856019226848,0.016951917297073876
P19,affected,0.9194744459790697,-0.6112923514260574,0.03387350500825359,-0.052492040730749485
P19,affected,1.0115148274163694,0.26164630515406945,0.034527823733146876,0.026708798549620754
P19,affected,1.2142962978065854,-0.3411615906530917,0.028967897441843055,-0.048025901827196835
P19,affected,2.3366704009222854,0.6169514869736958,0.013747647767139902,0.23295754403327518
P19,affected,1.8768901861415395,0.5157961060992712,0.017521447109931688,0.14509659737085323
P19,affected,1.864538926719474,0.7245084314855587,0.016758359429130978,0.20188004561281572
P19,affected,0.9310961249791053,0.5596426731592062,0.03172345991750875,0.049171943478004194
P19,affected,2.149840373440589,0.4062239621829223,0.020211360662615585,0.13782977043945088
P19,affected,2.4634777995310086,0.037029134933981564,0.008569184362914204,0.014912979682612976
P19,affected,0.6113357081082805,0.06850175826370314,0.036707690646538775,0.0027311700651917064
P25,unaffected,4.893836937217651,0.9808200489370686,0.0014191467284749867,0.7129148320974836
P25,unaffected,5.994237160771834,0.9940559415427527,0.0007916492508615631,0.7949389056598709
P25,unaffected,5.59668962896568,0.9910593083252076,0.0010171663313922887,0.7698568135536848
P25,unaffected,6.292726378972555,0.9889635936624162,0.0008274814674344549,0.805816177783902
P25,unaffected,6.204690557478002,0.9875038783981298,0.001175630214618328,0.8003907303554353
P25,unaffected,6.192583736629009,0.9880194978276082,0.0008976803384762986,0.8002151987716021
P25,unaffected,6.292954720633985,0.9934567509758239,0.0008232973878733548,0.8094881204907839
P25,unaffected,6.193758439327622,0.9959673347445953,0.0007879391840696559,0.806710457795187
P25,unaffected,6.0403314884103905,0.9880571290214852,0.0011641824777185263,0.7925554035652161
P25,unaffected,3.7052524945711363,0.9893238930193894,0.0020097352529160266,0.5975796121636512
P25,unaffected,2.6443774356870122,0.974595433087155,0.004701417807009072,0.4261363652108831
P25,unaffected,3.8096937045129047,0.9944113218534227,0.0014448635017949598,0.6137959049028755
P25,unaffected,4.132957814510073,0.9973674488817871,0.0013104897439271742,0.6532015840188596
P25,unaffected,4.2208132499252695,0.9916501928398662,0.0015682707374099498,0.6588229056565081
P25,unaffected,3.7499891253475086,0.9904781854984311,0.0016184822017827646,0.6039487461601049
P25,unaffected,4.247183907708965,0.9901535878008338,0.001764397412126433,0.6605732175171724
P25,unaffected,4.229014926974104,0.9950285762202236,0.0012991129244535491,0.6619282848206655
P25,unaffected,4.380330910122324,0.9968526003991334,0.0011384690104629704,0.678564798467665
P25,unaffected,4.025123816692353,0.9925659884166034,0.0016482017665751278,0.6381009469198593
P25,unaffected,4.391175330948149,0.9963842951195455,0.0012788215837862735,0.6793160100681703
P25,unaffected,4.7183053292072845,0.9874058585166189,0.0017994178916197802,0.7031458127655286
P25,unaffected,4.443046945600789,0.9924500290104653,0.001237456847887301,0.6816691232681721
P25,affected,2.547746630365935,0.9241069855438631,0.007303977587855318,0.3872174401288283
P25,affected,3.333814982747926,0.9642606893971909,0.002919326130645121,0.5328096040347879
P25,affected,4.053124899406797,0.9403905643008571,0.003443735297051304,0.6075458848899113
P25,affected,3.7650868305013288,0.9513694216664381,0.0035585695082964493,0.5819195788509313
P25,affected,4.123062982151972,0.9547186015765615,0.0033807643769946357,0.6242346159112169
P25,affected,4.138592400522062,0.9659413664082365,0.002822051482097602,0.6332144101537156
P25,affected,4.0824355370200065,0.9291721535867785,0.004215401486239762,0.6033536317625712
P25,affected,3.67181700185655,0.9587695860806059,0.0032699271446898458,0.5749587986227597
P25,affected,4.181957766676817,0.9662781621509005,0.0026667046958144757,0.6379691010243012
P25,affected,4.177875707189876,0.9528806492432691,0.0034253738212833514,0.6287059833007251
P25,affected,3.885108464494603,0.9490613994163142,0.00405790485243529,0.5945528675891425
P25,affected,3.8213052254732176,0.9610089688713174,0.0036904976071134303,0.5945593542346658
P25,affected,3.6120717663620234,0.9440435271590353,0.0038730937302511857,0.5586682978969874
P25,affected,3.8411313255052084,0.9374492545710762,0.004044279436393262,0.5822694811093596
P25,affected,4.031216142392934,0.9574931918508334,0.0035388254954057483,0.6162179993765893
P25,affected,3.936487387275151,0.9485188996723274,0.004406226415860758,0.6000255348997279
P25,affected,3.5596500757389813,0.9284197869884007,0.005173087808030142,0.5428475390092405
P25,affected,3.86597348284927,0.961324404319868,0.0034902859273436134,0.6000110485731909
P25,affected,4.010535385240755,0.9414037251666958,0.004005348675881225,0.6036385991389543
P25,affected,4.108479533743992,0.9701141062806518,0.002843831584594245,0.6327431430383872
P25,unaffected,5.094177116977725,0.9926744709741184,0.0012951784316114804,0.7370548282100028
P25,unaffected,3.5937943595588804,0.991032715939819,0.0020459952846132693,0.5840444073460593
P25,unaffected,4.7530730448164995,0.9899919348210126,0.001730947971483861,0.7079581581291774
P25,unaffected,5.128236966748787,0.9966869118521701,0.0009623646402147761,0.7425655663505382
P25,unaffected,5.359750644006034,0.9931628065608271,0.001038192615397051,0.7562374596561845
P25,unaffected,5.050266755983219,0.9967124043322546,0.0009728028080721407,0.7367396141695497
P25,unaffected,5.204932426437833,0.9916239053188455,0.0010971503761030505,0.7443452033711438
P25,unaffected,5.416341108321224,0.9887551206903734,0.001559972982824234,0.7566333092770643
P25,unaffected,5.46165691438133,0.9936318525265954,0.001134653772585649,0.763326505426563
P25,unaffected,4.994151781350009,0.9937666163750893,0.0012416282219157731,0.7302577602278919
P25,unaffected,5.196205612853237,0.993200703756914,0.0008974047764163016,0.7449043403465991
P25,unaffected,5.115012814674268,0.9936852759977622,0.0012548896879108205,0.7393532531953614
P25,unaffected,5.378265206926189,0.9939605065885777,0.0010353730084340013,0.7580878419348331
P25,unaffected,5.200703905496167,0.9930792032018221,0.0012910889239326328,0.7451353185262526
P25,unaffected,4.719400129658126,0.9956655967150866,0.0012235576096513744,0.7091223944636512
P25,unaffected,5.305249840515288,0.9953121377824155,0.0009024423455637101,0.7541586514029414
P25,unaffected,4.907376735655668,0.9941794422904878,0.001164262353779622,0.7237144980725121
P25,unaffected,5.206143661477985,0.9932688894426538,0.0013122113723550459,0.745666493986809
P25,unaffected,5.0264798866968725,0.994130000991458,0.0013127349794709979,0.7330169282065806
P25,unaffected,4.981262061965745,0.9956216044088242,0.0011727960807810848,0.7306169632540573
P25,affected,5.009974544845937,0.9721241050382466,0.0019411377458946847,0.7155505939053504
P25,affected,4.792874960259795,0.965811271169577,0.002461592818435382,0.6939359899144725
P25,affected,5.224701691458744,0.9847261845492895,0.0017342495884081835,0.7405624331868665
P25,affected,5.214768660410431,0.9843625852184076,0.001512270775315666,0.7395897156871405
P25,affected,5.960129357996833,0.9813648438504159,0.0013956975569900376,0.7829897246419784
P25,affected,5.551279681727034,0.9803501406046905,0.0017187668558661818,0.7587559373516886
P25,affected,5.81990509019499,0.9844686135633847,0.0013798493626855806,0.7777984518953455
P25,affected,5.339330980905207,0.9850689115719087,0.0016418436104055955,0.7487056668675552
P25,affected,5.610000088596444,0.982538282210076,0.0015238046217104317,0.7640459301280763
P25,affected,5.787294464394412,0.9872040094894069,0.0013436510718111982,0.7781135082989473
P25,affected,5.827317142458767,0.9845026998609632,0.0014855157280638112,0.778240731642364
P25,affected,5.942538552799396,0.988850198957085,0.001232815951783394,0.7880175253901008
P25,affected,5.738962852005857,0.988225651774061,0.0015066911626782655,0.7761382892715687
P25,affected,5.469980465745423,0.9843344115430496,0.0015631781394036418,0.756717415362778
P25,affected,6.151462448349737,0.9885851655872114,0.0011835887091499258,0.7986369724290866
P25,affected,5.658413375505151,0.9878037103712688,0.0013849657633779686,0.7710620115450393
P25,affected,5.481737066189651,0.9865778420337337,0.0015362448797867306,0.7591942920736031
P25,affected,5.262058518353947,0.9856301434119411,0.0015660921040694998,0.7438517230558566
P25,affected,5.450070143807558,0.9880387621362485,0.0014709334552329575,0.7582816871849444
P25,affected,5.685422973832472,0.9873835742788342,0.0014214030140909067,0.7723403845373521
P25,affected,5.333403987122998,0.9752777515572191,0.0019597121531657554,0.7408685292331423
