part,trial,side,mmc_abd,omc_world,omc_body
P07,10,L,16.774395233375458,28.134926350766683,22.880169206957476
P07,13,L,17.996244639043596,32.74390823121498,23.912239226608033
P07,14,L,17.61171523235151,30.598710320798837,23.548400362079914
P07,15,L,16.447823876615526,28.33744071293766,22.243036935822886
P07,17,L,17.699559323852537,36.15829201952759,23.8600013546113
P07,18,L,17.933617863859613,26.532488972246732,24.42135280590635
P07,19,L,18.24953782022049,29.351497201590593,24.22059678296963
P07,20,L,17.199508417398672,25.344463838947,22.391492036345912
P07,21,L,17.195910450221817,25.422539063472726,23.305951822459367
P07,22,L,18.639545795296005,25.969062491810636,23.96330312863616
P07,23,L,17.92623572653752,26.816899564056104,23.53141475572215
P07,24,L,18.650252533789367,31.98988361044902,23.86150859758041
P07,26,L,18.023191948539836,27.6252294559334,24.43926215968362
P07,27,L,18.812420869005305,29.780070144043087,24.50922034510767
P07,28,L,18.494524118009693,26.09350770363812,24.75777756462684
P07,2,L,17.812598672848218,24.03213026520748,22.22911933516207
P07,30,L,17.888432198792835,27.72931155454392,23.909189612494828
P07,31,L,17.584293752102926,25.556343580486516,23.955207596222063
P07,32,L,18.752644776254726,25.673260265401055,24.43006311925823
P07,33,L,18.644632840061924,36.77228741438206,24.821197339357013
P07,34,L,18.471417195080083,38.725241080132996,24.6296113962257
P07,35,L,17.40725486784013,33.687108365183946,23.775785942186804
P07,36,L,22.742984598530363,31.69165940652059,26.95244001433787
P07,37,L,20.21956643471915,29.130437048108714,24.8523793317975
P07,38,L,21.45799661685002,32.26272361486042,26.181835205191994
P07,41,L,22.70924722487517,50.332180006679785,25.606650268380587
P07,42,L,18.815315979277525,37.02781335811766,24.25195090259969
P07,43,R,23.984286903228444,47.88654218593431,31.969637198079685
P07,44,R,33.88527425083791,58.81262024397101,34.603894019620036
P07,46,R,41.32473648651596,68.04079216294568,39.12860558584233
P07,48,R,27.099889333867456,53.045628658502054,30.897514940966566
P07,49,R,42.87748194819145,71.39657515161696,38.84359304078295
P07,52,R,50.62088015940771,80.39784026452176,45.1115352534166
P07,53,R,40.77616201081666,68.75032636768142,36.441548006699364
P07,54,R,42.728159441339805,72.78081809571204,39.58669183583162
P07,55,R,40.640343969306485,69.22579917720668,38.14261976063816
P07,56,R,37.852100177479436,68.25813955411293,36.51262349493685
P07,57,R,32.0487303900952,61.947266914210886,33.95339781656166
P07,59,R,29.73756289455658,69.69426522812427,37.36304990216578
P07,60,R,36.870064442064304,64.31478868495799,35.30165570124983
P07,61,R,30.2198054676318,60.2969656661481,31.279262445338635
P07,62,R,40.60672054554649,72.37890046122321,38.76306999671514
P07,63,R,20.697176288711553,42.55828830361123,25.667852819643702
P07,64,R,23.976892630053584,47.51049521347304,29.291099380373
P07,65,R,43.090689204140205,73.66016710560363,39.41029406336426
P07,66,R,42.021931116953716,71.4191997261677,39.05150812040948
P07,67,R,44.61987118259543,71.69136327257017,40.72730046934515
P07,68,R,42.037010586431734,82.63954851010168,49.082719538248426
P07,69,R,47.718855669230805,84.06591890067985,49.792261272009455
P07,72,R,34.96051114839321,60.634921916718696,35.116788554332395
P07,73,R,40.88109219233295,69.85439880054226,38.91362635866863
P07,74,R,48.154553466134004,75.64822470240277,44.53866053093689
P07,75,R,43.27255861486066,72.84887344524529,39.857151039843956
P07,76,R,41.5831427043269,71.65080283971811,37.271343583393254
P07,77,R,19.80009394068766,40.152931769671724,27.810115452626167
P07,78,R,41.515206208090405,69.70330551367782,38.716553749842475
P07,79,R,40.40794412929163,67.26415823306598,38.926795990091804
P07,7,L,17.550260896327178,24.923341955116587,23.339850812547905
P07,80,R,38.51186876272254,66.05098960790315,37.404162100698166
P07,81,R,50.872974397334744,78.15379726172019,42.255985172744154
P07,82,R,40.62585631241713,72.77742582965648,36.30595323438285
P07,83,R,47.7458655981574,74.12296152318262,41.379037032129034
P07,8,L,16.67205430307086,24.89022733654757,23.033009796325274
P07,9,L,16.215398766601346,24.280907289196474,21.963216011491383
P08,10,R,24.825392099028544,35.6204193301404,30.43015861584769
P08,13,R,24.383828106302055,35.092701466642595,28.48244007175955
P08,14,R,24.80414897577635,35.33892778185988,29.21491244859625
P08,15,R,25.134184272699187,36.045908344147286,30.211873875577346
P08,16,R,26.483619271547713,34.95070651250887,29.3067468786717
P08,19,R,24.365413938760273,35.348558648544554,29.165433548549256
P08,20,R,22.66963144353893,32.28389444637065,26.906511481103028
P08,21,R,22.395374755500658,33.88825256597356,27.23802483934013
P08,22,R,24.900753272218733,35.8020334630398,29.282145168368903
P08,23,R,26.32455058942328,36.99288800454581,29.81130631512855
P08,24,R,24.700002946053534,36.70050637234887,29.39875223508251
P08,25,R,21.382626203370805,35.151999921474655,27.496378343330072
P08,26,R,19.974686588351485,32.96142778178629,26.282611778937387
P08,27,R,25.861927609268534,37.548869152139076,30.650191322805036
P08,29,R,25.258592344322572,35.755127567235114,28.180528912584588
P08,2,R,24.856605417043816,36.742885749303625,31.024920109845386
P08,30,R,22.10261160674165,35.55401520506249,27.920286357802308
P08,32,R,22.03483214153435,35.30446492247698,28.058642594242805
P08,33,R,24.76256164389532,35.25988479907675,28.471408311417353
P08,34,R,25.88810933522921,36.69176262996702,30.299723071652785
P08,35,R,25.522151765763464,35.52558138034152,29.38666291624197
P08,37,R,26.69883847768523,37.58794411297386,30.98218117188963
P08,38,R,24.82684647436209,35.11716073160087,28.64245187543271
P08,39,R,22.544266003800033,35.58709115092562,28.687747452377454
P08,3,R,23.75790337903219,34.494871086710425,30.164937729288326
P08,40,R,23.640868188650515,35.33481401657566,28.234136818151214
P08,42,R,25.99157749054267,37.32066772959963,30.405510342740488
P08,44,R,25.648191965969698,37.05345242647338,29.646530215079803
P08,46,R,27.728232028653334,39.21019080218464,32.117035891591016
P08,47,R,26.570088005905998,39.184556964920446,31.92001404878928
P08,48,R,26.550000811947058,37.1113562611958,30.18291543969517
P08,4,R,24.895253781802623,36.408499381426694,31.983236702450803
P08,50,L,40.81025399480398,44.530680472050264,43.11901783464953
P08,51,L,34.189912981355896,40.17089929690443,40.36556199563924
P08,52,L,38.00181189432179,42.980871599531,43.65556363708439
P08,53,L,40.99641799281627,43.76962982550384,44.37290663451941
P08,54,L,38.32139677846554,43.15948348057344,44.14135552867038
P08,55,L,39.769591905671774,42.509297019937556,44.21716803669246
P08,56,L,38.83950348942067,43.53698110821459,44.53202968153592
P08,57,L,40.667333503604425,44.25583545862727,44.99448440129614
P08,58,L,38.494150392529356,42.84613138327945,45.17656369234168
P08,59,L,38.7920976764876,42.43932087337675,44.55318209181272
P08,60,L,37.8283123238933,41.86447244843036,43.45791606368663
P08,61,L,37.72091688524767,43.264524170479156,44.798841922512345
P08,62,L,37.40446881138051,40.901487442849785,43.02712102637571
P08,63,L,36.16970422411577,41.08243799592265,42.854943525401914
P08,64,L,38.98601734907958,42.70779241825738,44.54150963964013
P08,65,L,36.08263151858811,39.36165471511697,41.56689706145714
P08,67,L,38.52273852860417,42.34067047203357,44.37982561093094
P08,68,L,38.27778490505862,41.674410741437356,43.609955183797105
P08,69,L,36.448385233860094,39.655318736005654,43.07192912866155
P08,6,R,23.504056928352124,35.091314622782974,29.922302996260107
P08,72,L,30.98496923998856,35.044299061531355,38.45733892789106
P08,73,L,29.532327336341396,35.44122613203946,38.82674366067851
P08,74,L,33.398431578787324,37.75108348467764,41.666684471397076
P08,75,L,33.34442186981468,38.5399872836681,42.91314197893114
P08,76,L,34.45649000403019,39.91913091823115,44.07714987901042
P08,77,L,33.94302802131824,39.16983512694124,43.903322890944374
P08,78,L,34.335976223508084,39.894610879632864,44.19114638765529
P08,79,L,37.33849848464563,40.611305147098825,44.79016844947658
P08,7,R,25.41707846815989,38.501233608696936,32.81918983412362
P08,80,L,33.746681056763165,38.59039599123808,42.90519985952632
P08,81,L,33.320900374701054,36.55800284571707,40.82321426458065
P08,82,L,32.182777407179834,36.79927906633013,41.157039035944386
P08,83,L,33.60152505437958,37.72668625251344,42.5717787860117
P08,84,L,33.35343427929201,38.86516389672139,43.003059879925644
P08,85,L,33.61840632358092,39.79706540349245,43.85815245998541
P08,86,L,31.76044862287224,37.99457762915447,42.008172688156286
P08,87,L,35.127792030651705,38.25937497179872,42.82518434280141
P08,88,L,32.6519705404851,36.00973500769775,40.45046288884524
P08,89,L,35.77972046634547,40.295447085209624,43.144204335090265
P08,9,R,25.779693571361836,37.33242656765735,31.935405870052474
P10,10,R,32.892749149647,47.91459357908406,32.06918677000747
P10,11,R,35.52945909465524,49.38668908763514,31.40473473940383
P10,12,R,29.9441173048435,42.3446635072422,31.012547312998628
P10,13,R,30.871231495770104,42.283603951943526,31.35066265316713
P10,14,R,29.417118550757483,40.39292627217009,30.091399475148588
P10,15,R,31.802932019810417,42.09489069319713,30.896101702461063
P10,16,R,31.542730561216423,44.59617029931975,31.960559724973457
P10,17,R,32.56718772213374,47.52266672909696,32.881246259229954
P10,18,R,31.119314460701503,44.653344520856734,32.14977321534111
P10,19,R,32.80299083481506,47.02300214116637,33.309015582017985
P10,1,R,32.16802574637618,42.990625909127026,30.65420368716336
P10,23,R,39.84490124455154,43.267763979304206,31.28082890373325
P10,24,R,31.835289672275422,42.839517132594786,29.82495816803403
P10,25,R,30.212749156640708,41.83035029602872,30.132228671914607
P10,26,R,30.232646923565618,46.40435056921499,31.124152338999664
P10,27,R,32.406642635060905,45.96897243688073,31.513810379571876
P10,28,R,32.677593411446054,49.45076348029546,32.579371139148805
P10,2,R,39.16546684818842,53.606828154699095,36.64761090815902
P10,31,R,30.923690887735503,39.9285184612501,31.957970001836436
P10,32,R,32.988734601085774,40.911183585568615,32.236907085236716
P10,33,R,30.717142828525922,41.34957028195807,31.8195378230845
P10,34,R,32.165376965848715,42.14296153979763,33.158911365714594
P10,35,R,33.752517551251756,39.63169342994213,30.303486734823615
P10,36,R,31.37092944451408,39.62008598867652,29.937855415391656
P10,37,R,28.019046747021992,37.000977906551114,28.10256089612305
P10,38,R,27.693831574408517,41.82395518655249,30.055832764353156
P10,39,R,29.676086335926087,42.03801465230812,29.559549236679263
P10,3,R,32.506008863754325,46.11569383680043,33.25955723091813
P10,44,L,28.798240066563565,39.119584904545746,36.64060189723683
P10,45,L,28.389310362123112,40.66539906558462,37.47192315822306
P10,46,L,29.970407008179784,39.96807630276603,37.87873795679023
P10,47,L,29.845593750900807,42.08275453460853,39.161665962991435
P10,48,L,30.274271727601796,42.12746087348167,39.22541781367169
P10,49,L,34.06021993881727,46.08481536366871,41.814008611395664
P10,4,R,36.601483690351195,51.192023873413234,33.76523420053629
P10,50,L,31.64469695758518,44.64049660184548,40.94849320341691
P10,51,L,30.75455034380164,45.31016167044966,41.15079763629176
P10,52,L,32.913346411199505,44.43123317413792,41.34923180266014
P10,53,L,30.856243956598753,45.51267875127369,41.06547028089899
P10,54,L,31.722566313243107,46.066120294557265,41.44224280356131
P10,55,L,34.19758626019006,45.169060761153105,40.85166937351257
P10,56,L,32.41032850336579,45.67338364103285,40.51595674422455
P10,57,L,32.89569032282136,45.50012923784995,39.607236479886595
P10,58,L,31.447462237032838,47.52969833795768,41.987202789183584
P10,59,L,30.521116255230726,45.63891203250435,40.55857573305345
P10,5,R,41.81574719146027,58.58562722316365,34.93878194684895
P10,60,L,33.2119355462701,44.368233005652975,43.00168629469666
P10,61,L,32.59000286548826,41.402795331150436,40.81832392201358
P10,62,L,31.128761916019464,41.94078595886114,40.98467084807878
P10,63,L,31.255829663765553,41.064256278943866,41.176772645126306
P10,64,L,31.369534405261124,43.81983414565921,43.804319581752125
P10,65,L,30.72570601225069,41.78208222325871,41.61564480877572
P10,66,L,30.41277485626698,43.41138154078952,43.06881476604015
P10,67,L,31.571239341140085,41.28514026557576,40.82664322978498
P10,68,L,30.34716101302576,43.17102476892654,42.28103694637714
P10,69,L,33.884753441796896,43.243191644545654,42.00198018846092
P10,6,R,30.958781545881216,43.311151684391945,30.892175680342394
P10,70,L,31.981751362110277,44.50872306694091,43.70357555452813
P10,71,L,31.329863198641267,43.86396820902999,43.313157925469625
P10,72,L,30.40697971760144,43.15555213409051,41.6843017173565
P10,73,L,30.111636453146033,43.02020619025941,40.175880917499455
P10,74,L,29.9967099819525,45.180282171703254,42.53880536942101
P10,75,L,31.688589832984025,45.93049245844723,44.69306109826957
P10,77,L,30.69114035638915,42.3845554860356,40.43954932638184
P10,78,L,29.437926862138386,42.89917416273698,41.280187994925534
P10,79,L,30.432590676895646,43.35613553067125,41.46419812309422
P10,7,R,31.979022074213447,44.13869629896982,32.45551914539138
P10,80,L,34.34553111700693,43.25282023238187,41.57329739522491
P10,81,L,29.85398726105507,42.8748332214189,41.66166430791124
P10,82,L,32.99462404682246,44.3540841478577,42.071606141860286
P10,83,L,31.621039759140622,42.6650331861126,41.10729530605613
P10,8,R,31.755773966762135,44.243089607358556,31.84841991386162
P10,9,R,30.55433306947915,44.80555155093492,31.624640872617103
P12,10,L,30.327356604301436,43.54709144590477,32.99449352887373
P12,11,L,29.916535513856086,43.51040819834858,33.834624689657964
P12,12,L,29.98524276462998,39.082890329160605,31.540248772945937
P12,13,L,29.199962784963102,39.38121397506364,30.70673432526541
P12,14,L,30.151365239133433,41.01400488934884,31.51980350329867
P12,15,L,28.28036218902485,38.6051287688958,31.05764447467835
P12,16,L,28.76268175546741,38.094979465810006,31.201874973212245
P12,17,L,29.1992164251732,41.41606226548211,31.74855288282066
P12,18,L,28.53846613363158,44.024390407183766,34.66676870588743
P12,19,L,31.414772189542433,40.79468422374769,32.802163678043456
P12,1,L,29.776486373782433,36.137512517259616,31.037183568422286
P12,20,L,29.904781092032053,39.8484506718497,32.361894439336815
P12,21,L,29.37879535018954,38.48543015426818,30.782303503974514
P12,22,L,30.857896610453516,38.499603163855646,31.921861279972948
P12,23,L,31.347491045907127,38.22219166015623,31.518402280359968
P12,24,L,29.510198619420983,44.44991953148301,34.4538759901932
P12,25,L,30.776680579915176,41.99891983763499,32.277944539500425
P12,26,L,29.595640927849438,45.90742106359921,34.19715275564081
P12,27,L,32.96105247515873,52.54880623828243,37.79927270675905
P12,28,L,33.15369823677297,50.92794336646148,36.672201860662724
P12,29,L,33.019584907584964,49.83540033580545,34.69310125593522
P12,2,L,30.723653812532678,38.54248276667731,31.41921610712896
P12,30,L,31.0263028298489,45.66706937928066,32.353059580281034
P12,31,L,29.91739489156227,50.802539993234234,34.79304903114228
P12,32,L,30.842784847252446,50.919146459424596,34.67338467074851
P12,33,L,30.012026205676705,46.92781474527452,32.79389298137716
P12,34,L,27.994660085850583,36.53313664740753,31.190020195774448
P12,35,L,30.94104716248146,37.65500278028619,33.02055758717418
P12,36,L,29.090732113037372,43.072271217800555,33.09195935826381
P12,37,L,28.393624401183512,39.01889209258286,31.667869187054308
P12,38,L,27.324747008086362,36.65415260117981,30.649910997007385
P12,39,L,29.776880279749015,39.13216805625601,31.563212590571393
P12,40,L,27.40595944667166,38.8741313400212,31.42558416000769
P12,41,R,36.0868031352501,47.22459981671023,25.395521363310042
P12,42,R,36.9946872254908,51.47110088434104,27.71590568247014
P12,43,R,38.00092574479382,52.3707712442991,27.82556714505953
P12,44,R,34.605963506837824,48.52839113846599,27.658533754717517
P12,45,R,34.39744984787046,47.704092467605854,27.81794588713942
P12,46,R,30.225821472002693,42.179352079377615,26.95133305438391
P12,47,R,29.611741888821275,39.861643304607824,27.577569453324287
P12,48,R,31.284859703734465,42.963283372920266,27.054408885290766
P12,49,R,30.880964632437884,39.76134279937573,27.45466239790676
P12,4,L,30.518410840110747,39.842270035559,31.77994232304675
P12,50,R,31.700700681605458,42.82032344360337,27.853561558631228
P12,51,R,34.79910729715187,46.724198540687766,30.777797433442007
P12,52,R,35.25449919888947,49.338018370525745,28.224280979592805
P12,53,R,31.245561393857674,42.1034617099635,27.634722267250034
P12,54,R,31.953220877680884,44.082518064738586,27.701482521855617
P12,56,R,33.87380241520426,49.123568592635706,26.811968097834985
P12,57,R,32.82690165852051,47.875668101222224,26.813710161694203
P12,58,R,33.26729316065886,50.018848425682826,27.583239902449915
P12,59,R,33.34362508685346,49.6482485764804,28.723880420724555
P12,5,L,34.51052066327985,43.66413713638626,34.13492292570053
P12,61,R,29.775125964768886,44.277813116451945,27.325745190095272
P12,62,R,30.07273369268227,47.563766703297006,25.81740403289474
P12,63,R,29.397660428125835,45.381698393323845,26.666608891222047
P12,64,R,30.159454214927933,47.129205104951744,26.24917321567588
P12,65,R,28.02627835717691,38.84189310181536,24.109745447439398
P12,66,R,26.872237253203945,38.49204379834644,26.10563572837047
P12,67,R,30.477637227892494,42.04202845987381,25.971792520951322
P12,68,R,28.135753062222978,42.264025088384095,25.87168986006806
P12,69,R,30.07501994621165,43.293924714101685,26.671127638940774
P12,6,L,31.54262543855645,36.900087000185145,32.26547306391279
P12,70,R,27.701714153909204,39.80664396690693,25.721094827097915
P12,71,R,30.05539920771766,41.66718719096444,26.414538899176364
P12,72,R,27.87966815069219,40.03383218053156,26.489054774336676
P12,73,R,29.265968597199343,43.14033365041335,26.841551262268688
P12,74,R,30.269241466686115,40.7075309992458,27.08954748826806
P12,75,R,30.879937719559695,43.377668347582,26.012640609461823
P12,77,R,29.177646069557532,41.025604831035544,26.198607596794055
P12,78,R,25.680079689148073,37.28220001349699,25.38336511724782
P12,7,L,29.644740881543637,33.749667590763714,30.08689902195925
P12,80,R,28.553601161200536,40.06212034816965,25.258801618047872
P12,81,R,31.192112452881158,45.71659873761806,25.305425853924934
P12,82,R,28.343630443123995,42.71926679120441,26.14119009309128
P12,8,L,30.799069117737407,40.531016585248445,32.40855325987742
P12,9,L,31.92472373593351,36.94963417635026,31.33394363984108
P13,11,L,28.741959938859623,39.196714638905604,32.5994058090923
P13,13,L,27.652315810784096,43.92133210894568,31.916273160547597
P13,15,L,25.363298992286822,39.816862452159704,31.58449357968233
P13,16,L,23.393469125295113,37.75649867606638,31.02543670809613
P13,17,L,30.563562377928033,46.5878251801867,36.01312073458192
P13,18,L,27.915802711014134,43.01755113736151,33.30803870063823
P13,19,L,28.41918553355999,38.019732810849376,32.3591285218101
P13,1,L,33.19052754002053,45.550839838870914,36.327632217848354
P13,20,L,28.217670197300414,41.9715802696742,32.94355093504995
P13,21,L,28.498574394012426,41.89882463791152,33.674548789170075
P13,22,L,22.920256499123923,38.99279464277995,32.18892336073448
P13,23,L,31.11263770274605,41.366714132226576,33.92351207887979
P13,24,L,36.19610712590634,49.404601247104345,38.68024228621335
P13,25,L,23.21217898500021,42.360165280652936,34.80795664513779
P13,26,L,29.78293014806917,40.47891815413258,32.20591742480464
P13,27,L,27.36162388717241,44.49186135134388,35.042412796625
P13,28,L,28.562875750002917,35.06219025338419,32.104365311604255
P13,29,L,30.30879080618664,39.272530865166495,33.81080949448277
P13,2,L,27.39985091680605,40.08736740696279,32.07354454630367
P13,30,L,30.528649352674524,38.48989830022146,32.125654579423426
P13,32,L,28.85208582166899,34.12246303872676,31.617681126735814
P13,33,L,29.944442788817266,35.11955383482268,31.488703363713544
P13,34,L,31.568566808483002,32.69929370986371,31.651131260079264
P13,35,L,33.09680509729891,35.47836835524244,32.53793636430235
P13,37,L,29.52525971763299,34.9951185383683,31.682631068861692
P13,38,L,30.632854464713148,36.76327504062871,32.86089894789703
P13,39,L,25.881603762006385,39.13671119277359,33.04752532492449
P13,3,L,28.674071882472155,40.053538966795074,31.001807654760132
P13,40,L,29.40840947684124,34.829612818122285,31.86743666180003
P13,41,R,30.41648314146786,47.648066562421775,30.978211895358914
P13,42,R,31.136200599989117,46.90435325771425,31.616223588308166
P13,43,R,30.175242534402493,48.466607080010355,30.78101513159412
P13,44,R,31.907203611337092,49.58465900070099,31.4500861110248
P13,45,R,27.92114087670729,40.988585868478346,28.37338443159674
P13,46,R,29.73221546471299,40.25084774423045,29.289858539930673
P13,47,R,27.527918404927593,37.43416822028934,29.20788966292286
P13,48,R,30.80955426838495,40.41314765746427,29.40371543704592
P13,49,R,29.239401391892052,44.01346911773497,28.43861951185865
P13,4,L,27.76106237521654,39.74208682702631,32.432340114577734
P13,50,R,27.425003420671263,40.05709692257617,26.946468605658247
P13,51,R,27.9418857887356,40.82024390279668,30.73383224898979
P13,53,R,28.835835089841275,38.3103659910929,27.912460195072565
P13,54,R,29.817380734258393,37.97240006661537,28.751123051751932
P13,56,R,27.894138572851652,35.14773124929267,27.535616782197533
P13,57,R,26.839137947538372,40.759125211239265,28.61936279810779
P13,58,R,29.848198191027933,38.40895333650853,29.398059002291188
P13,59,R,25.797215735147887,41.12077139205226,27.14067706576853
P13,5,L,27.037728965569674,35.489869543930375,30.95771807191826
P13,60,R,26.123289847746285,40.00586588245658,29.04786857328407
P13,61,R,25.40783144203124,41.582051659302834,28.113575759631903
P13,62,R,28.137778554909154,41.81272720999588,26.668276750743043
P13,63,R,27.684359777138667,44.808975612801675,28.551762554603624
P13,64,R,28.283171889705816,42.224637751099436,28.759603796694897
P13,66,R,26.49840536468528,44.25962549328654,27.958657163880783
P13,67,R,29.069426577323444,49.113770602865735,30.134427881367287
P13,68,R,35.26712745572515,46.6796211546126,33.30289019071131
P13,69,R,30.38054802877275,39.94114293371777,28.25313808672172
P13,6,L,28.375384703246873,43.003280521377036,32.555178788751434
P13,70,R,29.509607917776464,41.36418178917614,28.804944594481192
P13,71,R,28.80121839875361,39.14622243202103,27.9665654456775
P13,73,R,26.969623579105505,37.5923135698446,27.589543569736357
P13,74,R,27.986618472841165,42.09063634680819,28.257500450573723
P13,75,R,28.057883361210607,41.850683573059996,27.941256763746505
P13,76,R,28.906597048364112,45.41467969434189,28.770778790977687
P13,77,R,32.17132714728648,41.58495723248685,30.854645363525915
P13,78,R,30.7192574837082,44.457213960200676,28.924677238486886
P13,79,R,28.122801189611014,41.94192643382054,27.50108593671517
P13,7,L,31.76213705289772,41.532274181681444,31.874857830215102
P13,80,R,26.887687407445796,41.375281436118364,26.656299382006285
P13,8,L,26.248826420097636,35.84681890689171,29.928109694578595
P13,9,L,28.48248513252651,47.869876802489664,37.12695475599754
P14,10,R,34.020411319483465,38.23428542452671,34.228582378433735
P14,11,R,30.47028781926654,35.80108796690285,31.01869556580958
P14,12,R,30.837369921152202,37.494961524244715,32.680360907254695
P14,13,R,31.7826056372905,39.459348479439,33.84355606556429
P14,15,R,32.13157593287272,38.34608787767885,33.46150361668959
P14,16,R,31.82664036606778,38.17474210001219,34.15987509902948
P14,17,R,27.39100119710107,32.69866368755413,28.48999876998702
P14,18,R,32.090948297546845,38.19995638710088,32.3044492091319
P14,19,R,28.33859015048738,38.187649319719355,31.211514539435456
P14,1,R,36.872324844849025,40.86514882675797,34.70031901494292
P14,20,R,29.298587462492844,34.45216750611587,30.171853973968847
P14,21,R,30.92857642785337,37.805794258737436,31.634706820618653
P14,22,R,30.75054636121785,37.75126217302674,32.60563391194365
P14,23,R,32.10825129239479,38.673261249570054,33.52674675617286
P14,24,R,29.449763872738373,35.42052288020915,29.589587888054034
P14,25,R,28.50024309691159,36.168127529077466,29.71691718137662
P14,26,R,32.46389324690377,39.1063246258719,31.772771492904862
P14,27,R,30.90042491003907,36.95363646076366,31.327937739908894
P14,28,R,29.805283374352282,36.118550278760665,31.08388070596706
P14,29,R,30.871937507581148,36.31588231752312,30.613095469576525
P14,2,R,25.507647362812754,31.46977924038399,26.168553046700264
P14,30,R,27.722538390315286,34.83030136686127,27.46635406104141
P14,31,R,33.41307012061256,40.325648523805754,32.74436937836799
P14,32,R,32.09721727404156,39.652345927830474,32.88799103155779
P14,33,R,30.94567666317636,38.20208972965071,31.50900415229782
P14,34,R,31.44115599770394,37.834226250058784,32.75938873102464
P14,35,R,31.618615250059428,42.22280132275982,31.232250157842177
P14,36,R,32.01902262954325,41.47654630330518,33.41958689583493
P14,37,R,31.438040508694527,40.03786630035329,31.884957581015787
P14,38,R,31.130737865314043,38.07092101118391,31.554894093903354
P14,39,R,29.133563332480264,40.04960861297011,29.932971299685935
P14,3,R,30.822156623860522,35.77108103207591,30.333981914550986
P14,40,R,31.80089266241788,40.03931405912792,32.491204433107576
P14,41,R,31.05683079216008,42.71963601726124,30.60708681826297
P14,42,R,31.09294999656604,38.53434887532015,31.002676009824835
P14,43,R,28.49253380438237,40.36272181448482,28.88341699626397
P14,44,R,31.32395107958409,41.02478957034248,31.738378209557602
P14,46,R,32.15367055902159,44.669815434575796,30.019860265122535
P14,47,R,33.017178093853914,52.943853855453895,29.93354421174258
P14,48,L,40.12802357756244,43.53912021690576,39.34929188014032
P14,49,L,38.85515830721724,41.798905413075005,39.42565891053197
P14,4,R,31.48292906986394,35.83835152536898,31.142056169613998
P14,50,L,34.03216501473866,41.35382779762541,37.20544698803934
P14,51,L,34.772364392547324,38.711505366137196,34.249534725958206
P14,52,L,36.13158623381387,38.61088096265495,34.45735905804006
P14,53,L,35.8044889565896,38.9581496281894,33.92379816554947
P14,55,L,31.6484746172825,39.614756312894436,34.09420748899899
P14,56,L,34.166389547861684,39.87079036087907,35.69845616899203
P14,58,L,35.54030331752477,41.646626505101956,37.2176627512698
P14,59,L,35.95638598001395,38.63801806771993,32.64739454954365
P14,5,R,30.35713242261805,35.52899373032439,30.262808822375174
P14,60,L,37.35754192004956,40.48165791415151,36.180832423745834
P14,61,L,35.79136774711299,38.37836596296734,34.31281285579342
P14,62,L,33.73258569129204,40.13430199106935,35.03580604553695
P14,63,L,39.07671342895504,40.697670699211514,35.91781392513924
P14,64,L,45.19536536350235,45.94889009677007,41.86727218060729
P14,65,L,37.582143478919406,43.13217640837336,37.82501529919151
P14,66,L,37.34035976891143,40.14550517614107,35.463581232153466
P14,67,L,35.44215896367941,42.18471522084456,37.173386727027186
P14,68,L,43.71569819671946,46.92876536583455,41.56259382526501
P14,6,R,30.798798994270257,35.548387519061635,30.565084463223492
P14,70,L,34.52471734425135,42.87129134940208,37.541361118452514
P14,71,L,37.742795186464335,39.51990051622939,34.05676348852119
P14,72,L,35.778818155085034,40.88305123778346,36.02056465191809
P14,73,L,38.64940030992353,41.76494452852051,36.43160046528351
P14,74,L,35.416618326872765,40.686094239699976,35.687764128571644
P14,75,L,38.20954332746532,40.74744780146819,35.46027550602204
P14,76,L,39.83125807803201,43.4205285071537,38.37599025201393
P14,77,L,40.30544614692642,44.02727522097509,39.2700522861512
P14,78,L,41.869086322513795,45.363706701187034,39.06198121129721
P14,79,L,39.55332042160198,41.96134629909424,37.56688120241984
P14,7,R,30.326377286157694,34.86550786451121,31.520058921219025
P14,80,L,35.525492966622,39.490611396416405,33.605948019165
P14,81,L,36.78967067959631,42.144206727331124,36.997059461309156
P14,82,L,39.94737529765153,42.97297874684573,38.13157330412508
P14,83,L,40.978725018763505,45.62597435804923,39.45135349565484
P14,85,L,42.22740802090168,43.58693156660721,39.46397223303913
P14,86,L,40.39376815733306,42.810446429889566,38.17585660143768
P14,87,L,39.593629028974426,43.97006189038609,38.602101978126186
P14,88,L,39.667654931169054,42.314926184959496,38.414006453995626
P14,8,R,32.86406121397615,35.151152073002805,32.459881705814176
P14,90,L,39.91065639436129,42.97291796710368,38.277554539384205
P14,9,R,32.511513471222614,35.951649922773704,32.41723205281683
P15,14,R,21.6448426162909,32.99467328476233,26.32726875426868
P15,20,R,19.703469233123453,33.40852257454606,25.921819784143487
P15,21,R,17.66600868570163,36.193256332741505,26.44482628364712
P15,25,R,19.40852011152259,34.262010275280716,22.903307477392467
P15,26,R,19.781533858529873,33.93126042033279,23.239469720442784
P15,27,R,15.766009666057032,34.21554151663388,22.61095096638292
P15,28,R,17.362547746426994,35.24184626460853,23.185711898069197
P15,31,R,16.452333680175332,33.33771880401459,24.643077778408426
P15,36,R,14.95202615139118,31.636140872502498,21.239195163075838
P15,40,R,18.889841115124156,36.02091996280378,25.597760047017285
P15,41,R,22.270502519606904,33.56665599279793,24.843758974972125
P15,43,R,15.514168016673688,32.53928969580159,22.436649860519758
P15,46,L,31.49514259800468,39.95540248952196,28.799953474992407
P15,48,L,25.812721231063147,42.609555775484885,25.883269897757888
P15,49,L,26.74091650111939,44.42329760295515,27.099869974823534
P15,4,R,25.699070285234246,37.28725447000702,31.529754842441562
P15,50,L,21.812289397584525,37.35219667215434,22.545487040214805
P15,51,L,28.00934988113049,43.974961126427026,26.539644489693742
P15,52,L,25.45195612578785,41.51976390411494,25.274633468995503
P15,53,L,20.732432673532145,36.11406562843254,20.431647237638337
P15,54,L,21.7597412370405,37.56221310819653,21.16276453987902
P15,55,L,23.680957767032847,37.084666095416495,23.39062615419808
P15,56,L,29.031301967457424,41.12717572119514,25.897615273340868
P15,57,L,23.92563198527212,37.250691667899666,23.127277890912048
P15,58,L,28.348354556204097,41.054468779674636,25.977200885702675
P15,59,L,27.775391001764422,42.1604778206801,25.90414265277422
P15,60,L,30.181010154729957,45.11866774061987,27.644390079605603
P15,61,L,29.50510404570884,43.49323419867826,26.987939297045816
P15,62,L,29.20774973698223,42.24309804655676,26.421066206108836
P15,63,L,25.926067095556572,40.512347361699604,25.189395783115128
P15,64,L,32.23286562580444,49.65512317902675,28.673191317374684
P15,65,L,30.246557053384443,46.65289966132252,27.41841981677585
P15,66,L,26.54554399530161,41.37988430392385,23.867994610627683
P15,67,L,24.767068473934145,40.4542202875917,23.15518892495767
P15,68,L,26.434597965551276,40.045650375796434,23.205695973837667
P15,69,L,26.591453576237313,42.53107655307992,23.766411807337473
P15,70,L,26.148169862458328,43.62708053185599,23.584319698463915
P15,71,L,27.94292043526578,43.21885605046549,24.605721138973273
P15,72,L,18.67271762048497,36.51362476006959,19.777614922361952
P15,73,L,21.675578827596063,40.045071038190905,22.826885898286044
P15,74,L,21.30058941730769,38.53147202845954,22.04005774688626
P15,75,L,25.34347893917298,41.716003103960475,23.908317372479473
P15,77,L,20.7430147011008,39.71438383553549,21.29284214731469
P15,78,L,23.27293094651157,41.63242434715823,22.398427911254096
P15,79,L,31.11263548682262,53.672711318208904,28.624848855477993
P15,80,L,22.370528432858073,40.241514811903976,22.28061654303578
P15,81,L,19.914460603257094,40.09746952103172,21.08011578026984
P15,82,L,23.59420494622971,42.93373249155136,23.20523242918982
P15,83,L,24.57099210598631,41.858776414505535,23.149320879720037
P15,84,L,25.04576329971442,43.201493805903986,23.813344673740357
P15,85,L,25.69714702461003,44.88468854398666,24.729092933684512
P15,86,L,26.22463794845635,44.96350461965487,24.909024572017422
P15,87,L,25.188754314103086,43.56651546383102,23.95443802947019
P15,88,L,26.168505483192966,47.672702404741024,24.195707612440437
P15,89,L,24.220592235347894,42.43200914943332,22.892228083413727
P15,90,L,24.998062736443824,42.82070965745714,23.206478935088278
P17,10,L,31.232352831190124,59.802034161159824,38.433520520430214
P17,11,L,32.02136253121213,71.20994055372776,40.74479905077441
P17,12,L,26.063075104337916,41.79049576728517,32.419509769222095
P17,13,L,21.601976902196476,38.500097970224076,29.370848784580296
P17,14,L,24.243476689937342,40.83138229789701,31.56962287530692
P17,18,L,21.303765060874042,40.714723151064746,29.614084763866636
P17,1,L,19.90205745228735,36.6736166979107,29.284580384881934
P17,20,L,19.94013636316608,36.87789929420347,29.857250144909553
P17,23,L,26.150504240789452,44.19187332335838,34.32130669664532
P17,30,L,28.327614877956066,48.71389835636428,35.800233408076096
P17,33,L,22.572933724662416,44.51754008168139,30.178173801056634
P17,3,L,18.689689369185277,37.784455332521425,29.795603160356638
P17,43,R,22.538870450236566,68.41533301705175,26.409108710140856
P17,44,R,20.832841221416352,64.49162268923287,27.021036541539864
P17,45,R,22.61411120023621,43.1940342821857,27.016942236053925
P17,46,R,26.816767277791104,47.9923171024811,30.18742578338415
P17,47,R,24.20037659904452,42.7310136812693,27.775673186290074
P17,48,R,19.46574479136847,37.73032871517623,26.2808817591658
P17,49,R,20.207774587882817,38.36008576727786,25.85454917384187
P17,4,L,20.84667740336539,38.681511506056665,30.398497760338884
P17,50,R,19.29909765129714,34.508533687755836,25.392794586302713
P17,51,R,20.410634911328472,40.28736501176558,25.169070451763965
P17,52,R,22.01113557029496,43.03546279073906,25.89701501397152
P17,55,R,19.92576279932231,32.845520494327836,26.88293088627739
P17,56,R,20.406071954366997,34.85308647351518,27.047859368003806
P17,57,R,19.65335881855295,31.187772036739897,26.15465217583582
P17,58,R,17.623372994113595,32.54342829094829,25.28506597702467
P17,59,R,19.38366555793938,35.29432549304104,24.619648196940776
P17,5,L,19.244114882719114,38.255008985129514,30.34242671873115
P17,60,R,20.332722347407213,36.90627744179584,25.57382090118267
P17,61,R,22.122125421034873,39.9963984544849,27.312690585867134
P17,62,R,20.39426054120814,39.07455736216292,26.177957928945656
P17,63,R,24.54975159172506,41.40931354125629,28.626999064396788
P17,64,R,19.809119418564325,36.3147708739801,24.772236792884865
P17,65,R,19.198714417240208,34.193118372341445,24.989899480718208
P17,66,R,22.0768260945908,38.886015137490915,26.398979247441314
P17,67,R,21.021075907051006,34.295797792268665,25.72243736803218
P17,68,R,19.780237430930857,37.28162266404431,26.120169366222658
P17,69,R,22.52709874479865,38.574570639341616,26.911725162778385
P17,6,L,23.11655475068011,43.608105766681746,31.843818096584304
P17,70,R,20.836259524913686,39.25771897441813,26.169954800153114
P17,71,R,22.523127744344904,40.09261622568649,26.211767265546758
P17,72,R,23.791877848363765,42.55147417974977,27.455837521044916
P17,73,R,18.578256477171333,34.65243891875574,25.45992832820356
P17,74,R,17.996427765592586,35.37811553337416,25.0439810177604
P17,75,R,20.146837899607227,37.53653421037649,24.81319624054878
P17,76,R,20.410429957049566,36.76338991297564,25.808469802432523
P17,77,R,23.562778798885013,43.42373007009207,26.85258241509075
P17,79,R,25.270376420432648,46.74861021896115,29.445153502941945
P17,7,L,30.47357937432899,49.84710168222423,36.4175572237232
P17,80,R,22.716628660960744,42.62002453515587,27.583422830808324
P17,82,R,24.07076367375777,45.059201917828425,29.690960320853772
P17,83,R,21.90300866088609,43.361717592890095,26.751365883006706
P17,8,L,31.073959267303966,51.57758316971894,36.68785315289043
P17,9,L,29.322839956300207,51.66712968280033,35.737917381102314
P19,17,L,23.225632410229604,22.291658333794498,25.32998582369398
P251,10,R,23.672385909337684,34.420721282702445,28.88464695950719
P251,11,R,30.059373159818726,36.77839427729437,32.53858526772589
P251,12,R,22.347833152230706,36.46498351074936,28.3859550233415
P251,13,R,22.870522872730803,35.86514587730009,27.18140612012145
P251,14,R,20.634902040892634,37.299746989980086,26.942567936639197
P251,15,R,20.46372997456712,35.17386363607665,26.15069667111138
P251,16,R,21.486124898855998,34.75479821546999,25.55234560133157
P251,17,R,19.215294781380145,32.86586900112241,25.635104389897666
P251,18,R,18.657212054997625,34.53388513893834,25.028861207424804
P251,19,R,20.27040384397724,33.330132991483,25.0730312414608
P251,20,R,19.90723586188242,33.53482031953716,25.661376251417323
P251,21,R,21.23049639383987,32.50496473050479,24.999092756857156
P251,23,L,26.298052063509612,35.8386299528583,27.981609828919886
P251,24,L,30.436873021873218,35.79320454968916,28.52805324107481
P251,25,L,30.409107236531426,36.417972695081,28.476269610141312
P251,26,L,32.2011968962602,36.00641629671305,28.148528421350544
P251,27,L,26.384098647197888,36.204004105627234,28.637762946970124
P251,28,L,30.50240053433268,34.2534529414554,28.226428724789642
P251,29,L,26.27821295177224,34.91664339622121,28.30055238580068
P251,2,R,20.78826233965205,34.266169894937896,26.80124986377898
P251,30,L,30.80068752703656,35.000558097270044,28.4617840334275
P251,31,L,30.866193916989175,33.537262928026706,27.57624279744262
P251,32,L,31.77198247705519,34.572036469524804,28.373922403285725
P251,33,L,31.47552396309189,34.5108065300398,28.964696433348813
P251,34,L,32.70920169042401,33.619733673576526,28.631988668471518
P251,35,L,32.9230839248993,37.12394663363707,28.969009985205183
P251,36,L,30.879355132222937,35.21427955814899,29.087283237188316
P251,37,L,31.885148885477502,34.52321576071682,28.166012899966844
P251,38,L,25.313050673588116,35.82828431028829,28.557168519446556
P251,39,L,31.38208577466771,34.698858371652584,28.753513948524752
P251,3,R,20.00834534670595,33.686848641100624,27.186697351978495
P251,40,L,31.186559314264365,34.46071020949311,28.0522598179413
P251,41,L,32.22956121769427,35.137958236904545,27.913279125820793
P251,4,R,20.18136289693544,34.19306229196378,27.339242009699205
P251,5,R,21.955059813364677,35.01499020484741,27.95686300423942
P251,6,R,21.991641605324048,36.160843646399044,27.903834395523038
P251,7,R,20.044391344136116,32.59170504357717,27.748339682073418
P251,8,R,19.76241414429403,33.56708638806365,27.02460481720765
P251,9,R,19.38240831805232,33.8397683507405,27.24332230574219
P252,43,R,21.01358179425009,31.935326618004886,27.343949363498897
P252,44,R,21.675269529951866,31.468123527705046,27.03056776007055
P252,46,R,20.17069349527144,31.589773681086363,27.091027893866666
P252,47,R,19.40988159023854,30.95653891967896,28.534418829072507
P252,48,R,20.228911308422788,29.367919033760998,28.043866766433535
P252,49,R,19.588420242902625,29.393412501175142,28.108242469542798
P252,50,R,18.851746821530988,30.11434616744264,27.590391292683485
P252,51,R,20.12320761539323,29.902825758700562,28.34106184032145
P252,52,R,19.63427007556124,30.02173279309964,27.948519371470347
P252,53,R,19.374191274949027,30.523161700052675,25.444375294240523
P252,54,R,19.014116916366273,28.190604907929252,27.220954162578593
P252,55,R,18.292730807045164,28.096509212738837,26.32044643247995
P252,56,R,19.82168134082545,29.088641474434258,27.926736876771717
P252,57,R,17.856444757003253,28.770421513424477,26.150519151263396
P252,58,R,17.43239008770596,27.587041663981303,25.95917735494873
P252,59,R,18.83784505684034,29.89473572400012,26.347522457853824
P252,60,R,18.30456400880538,28.503383295287627,25.776929902230055
P252,61,R,17.49710278872412,28.715195468619907,26.351868972838236
P252,62,R,17.670177650065757,27.912425955391285,25.96323860254845
P252,63,L,25.581233935720213,33.67344228819272,25.810370003792382
P252,64,L,22.994864424582936,31.338785335230128,26.02163020999901
P252,65,L,26.537712418324098,34.65418525896755,26.41107170541016
P252,66,L,22.40138002697061,29.734113326053773,25.641955412455044
P252,67,L,23.065440768278023,30.73434083331994,25.53108870530027
P252,68,L,23.91182253486507,30.280757403444568,25.927133870656096
P252,69,L,24.35252512355502,30.125720128831784,25.604114345971343
P252,70,L,24.145666115826277,29.965017393948308,25.430522720405808
P252,71,L,27.89931235466172,31.2773997331907,25.537807811392067
P252,73,L,23.667027440802368,31.16691917635768,25.479701298220885
P252,74,L,26.183269627050112,30.091269241953995,24.54983429309233
P252,75,L,27.144320468581114,29.56655725188876,24.535134734114056
P252,76,L,27.96199105218934,30.868383853312306,25.464245982776802
P252,77,L,28.135974919858878,33.262880852333176,25.0475938873165
P252,78,L,26.47738544571353,29.79347539134835,24.733690474416466
P252,79,L,25.500824645104665,29.281947434261767,24.91774791116448
P252,80,L,23.671253774075044,30.022531699163714,26.880329828612215
P252,81,L,24.745003752088486,29.96124262851423,24.04785036807856
P252,82,L,26.846289220412444,30.743565483921994,26.36627646618812
P252,83,L,27.328747327344594,31.75748050645343,26.21328777523484
