part,trial,side,flex_mmc_max,automq_flex,ij_mmc,automq_ij,flex_omc_sag_max,ij_omc_sag
P07,10,L,59.05363754548845,57.619569667507506,0.9859346203742458,0.9413838027563174,47.70273906723694,0.9698113054280553
P07,13,L,50.820455170159384,62.79601767313398,0.9819484287885675,0.9420635266240028,51.81403986670667,0.9816219753585099
P07,14,L,60.89534425514807,59.49030647647549,0.977636633041789,0.9445628823109831,48.52225184474914,0.9738992073276792
P07,15,L,48.424289226943145,59.02507750387635,0.9834824179005424,0.9434220911095781,49.151678736175306,0.9748555977080101
P07,17,L,51.955900760462995,65.61415771994267,0.9779894471782252,0.9092118900512809,54.5855471890888,0.9532261789803507
P07,18,L,45.565165242384126,56.00642849727984,0.9778716265073216,0.9366289402220712,45.71829272714833,0.9747810514540443
P07,19,L,57.043653542284304,58.35659639088948,0.9622649090983241,0.9308074483911538,47.489597618722016,0.9649467687303732
P07,20,L,,51.1394941726016,,0.9358055051123091,39.426747902962845,0.9715169408977218
P07,21,L,41.80749157368045,52.490643363836185,0.9828211348844678,0.9342646958197036,43.009248123684685,0.9602906597410665
P07,22,L,37.704248752765714,49.92392951715217,0.9807494715285435,0.9439732020781401,41.553476886591916,0.9721203158004605
P07,23,L,49.98166707005504,59.001576883282986,0.977568690124374,0.9399367463167728,49.029162069122044,0.9663156415706552
P07,24,L,52.53074376606809,63.82855335154239,0.9935788896543712,0.9495515809460178,53.179678603060815,0.9734801926620665
P07,26,L,48.49224720390309,58.48656774197301,0.9749729525008245,0.9419061751189652,49.40819514511254,0.9673743452113991
P07,27,L,,59.892073731574285,,0.9145280437432932,50.18552934362835,0.9497830187276813
P07,28,L,43.64252288290095,54.91409605578645,0.9789574032999327,0.9437490228174438,45.50885089901445,0.964978682459287
P07,2,L,,46.164510170887155,,0.959410855242258,44.53500944014049,0.9841567057693232
P07,30,L,48.2278356729708,57.89591152932632,0.98262136543255,0.9584481337768977,48.19557080550614,0.9783457166374477
P07,31,L,43.209874959032895,53.5633699460561,0.9701220307310746,0.9475993120258018,44.17089277792179,0.969239547657059
P07,32,L,53.42433481013061,57.76055246445462,0.9660947757678788,0.9456809146583091,48.70122620713317,0.9675964341101742
P07,33,L,52.21740566398464,64.42763332187123,0.9800617828784417,0.9288773930255635,53.665818518753795,0.9559434730432933
P07,34,L,55.08735405468503,65.91811358228601,0.9789337730961982,0.9268155563779665,55.047308790271934,0.962669225197269
P07,35,L,49.82399376999736,61.9671376992882,0.980943196062655,0.9646904256290053,51.7181068500938,0.9852154462561018
P07,36,L,57.58731763885194,58.79574081470223,0.9545677085857048,0.9194629201237419,49.315893836937384,0.9424420669662007
P07,37,L,54.66155150618394,57.86595033696263,0.9710330538128199,0.9461103166516998,48.644456354427476,0.958347057943233
P07,38,L,54.710713903920634,59.99429030424908,0.9850935160804045,0.9613159199699133,49.93445100228494,0.9749712342657131
P07,41,L,57.86682844607282,70.09563583556647,0.965253010613186,0.9033629767391755,58.23101886307364,0.9487343232917216
P07,42,L,48.672907375144085,63.50926206449417,0.9792458700745095,0.9341462986250697,52.64836407847218,0.9630263187476901
P07,43,R,53.785575747609485,47.196314496763854,0.8832659901877856,0.9171352843763894,44.032728599245246,0.8844074499868416
P07,44,R,41.78861043296147,58.35226498811271,0.9020874202843443,0.9149160282322552,49.90518515126556,0.9825989314947917
P07,46,R,48.4151874437625,65.7169011875781,0.8636756249229983,0.8528734277251185,53.896346474787556,0.9721568640941891
P07,48,R,36.743600551925056,54.7117614928205,0.6989803765490795,0.7326386224832623,45.6242590317306,0.925118268746342
P07,49,R,46.56275498215303,69.41501479979092,0.8119997398906118,0.8095699845524469,56.11111865495102,0.9326731845920259
P07,52,R,54.98818810098431,76.49339530799261,0.8635226332845216,0.8737496052034586,58.9884731058103,0.9807134058620559
P07,53,R,45.14245187170261,67.61456430552526,0.924062054635594,0.8855685866757396,54.029238055226074,0.9627699839853433
P07,54,R,51.30929992599529,70.35023163283661,0.868646969928303,0.9223870325278026,55.786448831586306,0.9553824231143314
P07,55,R,46.36676882301741,67.2322203869085,0.9490825305745185,0.927647049754294,55.48623584561341,0.9678468532554685
P07,56,R,44.903236904858666,67.00928675531841,0.8355743143848801,0.850737749608622,53.99608126195985,0.9617504406949806
P07,57,R,49.96151009695748,62.72175128434914,0.9619913906476859,0.9434823536969882,52.35981200864677,0.9812926362691178
P07,59,R,64.17486166104126,68.38738265533013,0.8735788292513105,0.8591916523536924,53.95008025112038,0.9647947948395031
P07,60,R,41.28286099866762,63.17033183138458,0.9727383615524052,0.9692873221116813,50.687108591304344,0.9710148938645685
P07,61,R,43.96632617322487,62.323770909743956,0.9208048249030909,0.9284936724897179,49.82408194399324,0.9678819789608879
P07,62,R,50.74330629326339,70.23249378019294,0.923142994825254,0.9341650542560258,54.76798476625139,0.9835427413444071
P07,63,R,37.611071034529964,50.31227625007398,0.7705735995982546,0.8841834755544853,42.525754246335296,0.9691402407164954
P07,64,R,28.886328493348657,47.006210435855586,0.9685759822303397,0.939855185248192,56.586706542252806,0.9796474944043299
P07,65,R,48.11854069716381,71.84141335713224,0.8628835161215569,0.7840288388006225,57.77443289891642,0.9641963262856075
P07,66,R,44.55445582177763,69.58423657318124,0.9117607912365576,0.8812898657023336,55.8720904530322,0.9726688903716654
P07,67,R,44.0260175612045,68.47569247696876,0.9038827218556079,0.8583417241238184,57.01269043312979,0.9732338382132989
P07,68,R,77.82745637429011,78.40730561746,0.7790292067632769,0.8474202846752764,62.477159213203706,0.9788521164669717
P07,69,R,76.60346975170262,80.5053336946798,0.8890937436447307,0.9033372539993235,62.24756322446199,0.9831196721858679
P07,72,R,42.18480508790732,59.58119254194387,0.9380292267042983,0.878509818964935,50.3895793490824,0.9710579726846873
P07,73,R,45.80795944824192,67.2934332748582,0.9765651871147565,0.965991242236956,56.23369605350834,0.9935390212372716
P07,74,R,54.36579957224618,70.34319233893312,0.9730859698087756,0.9399209471087879,57.484652906557045,0.9909699809412083
P07,75,R,,70.72664699425152,,0.9186416177562302,57.78713632927794,0.9834096471615462
P07,76,R,52.98902593469933,70.76377386015679,0.8569654651879036,0.8137306023068948,56.807245400922085,0.9654239805773915
P07,77,R,,43.944892422875036,,0.9356771911414498,55.747979379053724,0.9846810495224011
P07,78,R,49.923526548492745,68.02639008892365,0.9292225466011296,0.9191870652600085,55.46947103798438,0.9691267544663026
P07,79,R,42.976431652828396,63.84276106563769,0.9279323683297436,0.8241672656780827,51.489442579878535,0.947955360046078
P07,7,L,44.37316756229964,50.57890241682054,0.9579773156969542,0.929355282743276,42.65504408022741,0.9672955561968384
P07,80,R,52.352177209665044,63.44815800939306,0.9684905275747446,0.9514692343551998,51.99375228847175,0.9904076281647975
P07,81,R,53.90808587965245,75.18095311983527,0.9586371059963659,0.9382633364955635,59.091601170512526,0.987455228874179
P07,82,R,48.50904257798997,72.91706576711361,0.9738387469583021,0.9532374890651649,58.09112553992775,0.990160544809769
P07,83,R,52.717991284922704,71.14557528583919,0.9588942923138108,0.9621882684505253,58.26240559839463,0.9945298425627277
P07,8,L,54.84098371135623,53.86388861506135,0.9743248928747871,0.9585600877677515,44.92574913711213,0.9795826823513075
P07,9,L,57.76716907521051,55.99218277043931,0.9709692993292236,0.9486178353028482,47.12061861888675,0.9693945616644706
P08,10,R,33.85956656677956,43.868189687847114,0.9550390119534605,0.9655913886844742,37.62468968263478,0.9863961003487609
P08,13,R,32.37619188540452,40.05797261666432,0.9489938041179287,0.9496288397482263,34.74194573263826,0.9777322988554229
P08,14,R,33.89557279556698,40.547045801407506,0.9468512554986852,0.9485326618288282,35.17364915721018,0.9781475171738092
P08,15,R,28.027496260849485,41.844853117192066,0.9526015468534723,0.9438115183996645,36.378114766772164,0.9812339870867737
P08,16,R,32.46989280358135,41.49869565732794,0.9765020230967828,0.9718315347681044,33.46592922186729,0.9805716670869014
P08,19,R,23.082781480473688,41.01702531288491,0.8979458094244652,0.9510614228582999,34.5461454688781,0.9841168149286247
P08,20,R,38.15909938663883,40.945056603677685,0.953542035636705,0.9550143301077652,32.721503914706226,0.9828621125575929
P08,21,R,24.076608420140662,40.22489887669896,0.9634420016646836,0.9507949796372507,33.93489300954413,0.9813916080391036
P08,22,R,33.13991370618968,40.266494766738106,0.9739778045068948,0.9517970541547209,32.79592666228889,0.9818011748696666
P08,23,R,34.864127106509486,40.6208483957873,0.9728094203151769,0.9673625710200092,33.638759651686165,0.9826071323172285
P08,24,R,34.56091386838066,42.05940259642888,0.9581628896933153,0.9482396989864892,34.118846994987074,0.9858542163031946
P08,25,R,22.911979723135175,39.366766019126224,0.8290414119863633,0.9434885898232753,31.717583960754034,0.9870408030472515
P08,26,R,22.683285390762233,39.31464376010786,0.8338692481582829,0.954782470447192,33.86717232473893,0.9875324100515713
P08,27,R,24.825556434692697,40.77560680617561,0.9416152199081107,0.950419006665766,33.370005256041196,0.9766596945320284
P08,29,R,35.161674077902745,40.2386206179178,0.9551449524121371,0.9373886573062268,32.60999688506339,0.9841028332877936
P08,2,R,,41.96922101784503,,0.9774871598627161,34.35796700154593,0.9855490002454239
P08,30,R,26.794715635088775,40.08713650921517,0.9912181925030483,0.9410513520607299,33.589760404103785,0.9891203971264719
P08,32,R,36.190793489936,41.206371000434785,0.9374238589491739,0.9305285655925348,33.38815285652882,0.9752964960174431
P08,33,R,37.841476124458566,40.96976387739201,0.9567729978531883,0.9498863300329491,33.33900922656263,0.9773919716066087
P08,34,R,33.596102584221086,40.11939894244675,0.9822871086160861,0.975945985690582,34.69898217614939,0.9829066907591503
P08,35,R,34.14815818410125,40.566913045728136,0.9905430883080483,0.9846689375086328,33.219679951235264,0.9861208702874759
P08,37,R,37.39407607759821,41.03995700806115,0.9903982515350331,0.9685167461256919,34.02460615448749,0.9712102878468842
P08,38,R,35.719330064045536,39.24931028622281,0.9617377230314726,0.9657607702714548,35.41448099042873,0.9658932964648207
P08,39,R,25.83628960958495,40.44102619226449,0.9624888454306822,0.9503167809448141,33.325077468481894,0.97977643692255
P08,3,R,,41.040760203128656,,0.9703169627358176,34.44224425080457,0.9861955982547845
P08,40,R,37.376904124040124,39.99098651828131,0.9759095737063492,0.9693500936385024,36.42057574059912,0.975800642879471
P08,42,R,20.861015702027697,42.006071204239895,0.5328158696524757,0.9592481004955059,35.62056377940603,0.9762733655566959
P08,44,R,37.90962585457452,43.19587317819733,0.9736772447313291,0.9669847536601549,35.47957175066469,0.9861358248896964
P08,46,R,36.78533849551255,42.24898407917606,0.9625013870888863,0.9549710797798606,34.18684924434854,0.9845409714819858
P08,47,R,22.70318653704865,41.48861353991586,0.9517919633853293,0.9625574918640724,35.28719998346185,0.9885234086293816
P08,48,R,35.89032099766754,40.79584791665713,0.9778597207006002,0.9778425644936416,33.337673669912476,0.9799475001795437
P08,4,R,,42.31800341282118,,0.97311847698926,36.59008852620473,0.986491584008525
P08,50,L,34.426824789570844,50.25135120555086,0.9499432118843706,0.8175085466254159,45.57466598277243,0.9448048226381416
P08,51,L,37.72535929528505,45.625827310304764,0.9463710856204756,0.9493059188518825,41.97784217335606,0.9572179466853993
P08,52,L,38.20920099070319,49.171663484364636,0.9601599776551009,0.9679920459022545,42.500743872075,0.9727859096820348
P08,53,L,27.071090296747137,47.179329184670884,0.8725644938620323,0.947522858238869,40.418530131659956,0.9648218100450346
P08,54,L,38.19274122635272,45.86677010953973,0.9402046871430045,0.9245925041346215,40.332240421140185,0.9551539995446228
P08,55,L,27.97330674716862,45.92648361444352,0.7054192380715506,0.9457132691594294,44.36295121819051,0.9679716945527715
P08,56,L,37.30023161518597,46.10233925483207,0.9529802783448927,0.9454267813165877,40.019415712950256,0.9716892221873688
P08,57,L,35.70140650810871,45.398759005242475,0.9667641660020431,0.945268844015872,39.56235247823547,0.9691020344030137
P08,58,L,44.40843471721722,49.171187824317,0.9431199041384034,0.9384145739875467,46.85893178593357,0.9650381827981551
P08,59,L,31.605054208307976,46.60322587474409,0.9198241261757243,0.9420947875384702,43.58503310951146,0.9706593472634105
P08,60,L,30.371540821937423,46.262780629053545,0.6048441062147955,0.9712702661275566,40.24810052113982,0.9802453779443675
P08,61,L,38.40729400685084,44.69672543940163,0.9616645471971977,0.9596513147064473,39.51393933324521,0.9734424657957297
P08,62,L,25.92013693485022,43.28386397862616,0.886722992389159,0.9268500551504697,38.87939711687184,0.9578828842235501
P08,63,L,33.01307585352713,43.47881600260972,0.9670380373587303,0.9495109842882006,38.029566128863394,0.972809685661002
P08,64,L,27.420028526925833,44.08865618423911,0.813099388610774,0.9519308597762315,38.526510987431216,0.9652167758614526
P08,65,L,27.207103645692204,44.55547469866609,0.9070791928187676,0.9569703590023022,39.05057884076094,0.978277851882549
P08,67,L,27.038214591332352,44.34857185926322,0.5791938554731428,0.9560628601430526,39.1328545895676,0.97437985903961
P08,68,L,28.55443643738999,43.78300206412087,0.7094383390362757,0.94272674421565,38.1026668042711,0.9588938874579571
P08,69,L,27.35186214782402,42.45320682167984,0.8191443622040504,0.9513935038268891,37.37148269257808,0.9594489712798268
P08,6,R,,43.45606891495772,,0.9547016803352659,38.626851565847176,0.9864850445402067
P08,72,L,23.731010316359562,42.125074642888016,0.8159494412145603,0.962590959576849,36.95328743102629,0.9876605654230706
P08,73,L,30.251738186857576,41.2737356507303,0.9849364054673686,0.9489672098803755,35.68769781466085,0.9768594354387276
P08,74,L,36.67621019946742,41.93693259143721,0.9174514332070964,0.9223586646827466,36.634064736294775,0.9400975080922443
P08,75,L,34.866639591441746,42.19302516151728,0.9630402684285836,0.9447125638695749,38.13245724994972,0.9848726792805332
P08,76,L,35.75267051662035,42.47220973317226,0.9633580166163852,0.9545023912718588,40.42201871319505,0.9751962023801007
P08,77,L,36.301573193088814,43.167536640991706,0.9650557306617764,0.9554992160566176,41.353388921871485,0.9756577280558307
P08,78,L,39.25048901628689,43.85705205972875,0.9476584313439242,0.9408699087408017,41.264638091729935,0.9569735679606544
P08,79,L,29.8530327132152,45.82948730162909,0.7130986738202345,0.952216774677422,41.82847095707908,0.9710604554994046
P08,7,R,33.98182419237028,45.72914829387683,0.9515160349912619,0.9537568856825939,37.71857278566277,0.9790215885077201
P08,80,L,36.2795871769303,42.71588464024242,0.9419672110069127,0.944182061383352,38.27169563274587,0.972497530030261
P08,81,L,24.66582217895599,42.61594555423875,0.8366986025865333,0.9509138037137572,38.209534377448506,0.970632166519872
P08,82,L,33.64930106826994,44.650054182896184,0.9584966270307992,0.9416406937616218,41.19042143622869,0.968489842601136
P08,83,L,36.59448152195668,43.74820968895271,0.9641963696283609,0.9468996430468349,42.41499008089269,0.9776034170097623
P08,84,L,35.84193293080802,44.078113001898494,0.959373829197611,0.9353462997820214,39.23028151672298,0.9749138139391751
P08,85,L,29.919812961831813,45.064181112594035,0.9671937265259477,0.937789301380333,40.76324388897863,0.9581919903570251
P08,86,L,32.861556546622396,43.711388502195035,0.9563425187657771,0.9354888096887257,40.497669170502476,0.9720427515531886
P08,87,L,26.144913968445994,42.04612974358548,0.9257253666640768,0.8905425885180714,39.59279420093209,0.9530550433669396
P08,88,L,27.420653566110655,44.53808884210595,0.8862933519805942,0.9670672332047873,40.88862259388893,0.9767610813597527
P08,89,L,34.59815749774845,44.14330534857986,0.9524899131227657,0.939363332233941,40.50262416294855,0.9726920402967131
P08,9,R,20.124662106927566,43.2903121461092,0.8061655745349201,0.9765814408990242,38.043421103412044,0.9771408210212982
P10,10,R,46.027385702119524,51.19228179970184,0.9526385160142391,0.968310193808139,48.54493720173831,0.9903001464670595
P10,11,R,49.069226438864874,54.25648315441311,0.9659273496238997,0.9725951302155555,48.605417251182224,0.9952635187583606
P10,12,R,40.36988933952443,42.550420854777144,0.9644994104724213,0.9605910515918298,49.4069955643216,0.9772156690959292
P10,13,R,41.40363834844332,42.75492421347988,0.9629104691671916,0.9547593387472828,48.31162488125931,0.9855018600584686
P10,14,R,41.379668729413524,41.94738821288874,0.9779459856071957,0.9737476588698933,48.57911547152913,0.9930736423315973
P10,15,R,41.86728720813921,43.63008196763773,0.977664756539294,0.9757139560548573,49.38460320135923,0.9920996854712913
P10,16,R,41.459440179852436,44.71455043936492,0.9493756442413019,0.9592069219498969,49.607873447704314,0.9815600257151907
P10,17,R,46.071080883226365,49.20597277187588,0.9578669313625764,0.9690628742973871,49.2354528117872,0.9910111942384402
P10,18,R,43.930395045387414,46.27006750899816,0.9789858780789504,0.9724282254387453,47.71720839872957,0.99374899220729
P10,19,R,46.54759268432283,48.6114453849231,0.9793561349631787,0.9795191675529482,48.174374356535985,0.9906923808609752
P10,1,R,44.83211895418982,47.33194587708311,0.9711990750743799,0.9636351251304601,50.538915811956684,0.9897872878773992
P10,23,R,48.042117698768834,44.092091166075875,0.9772713508514473,0.9533191035631835,48.85246340953043,0.9844928579738251
P10,24,R,38.990599144882474,44.64494239798631,0.9855713243922346,0.9509829463932359,47.51527893221148,0.9813548428494875
P10,25,R,37.67342170733508,45.57450016420486,0.9721927929268881,0.9627426937699155,46.40967923436907,0.9874448405747717
P10,26,R,41.467677839760505,49.376000795739,0.9778511899525367,0.972927256943385,47.15751707971729,0.9912267375764775
P10,27,R,42.42849423214114,49.649829743475294,0.9833456713406603,0.9720040705609877,46.978825934320746,0.9911434728743205
P10,28,R,42.13189371988971,53.178006304939146,0.9856144349353935,0.98322058678393,47.80377253519011,0.9918240385167537
P10,2,R,42.932270930014035,50.132006477937786,0.9741146677913107,0.971490285071303,50.39483613756829,0.9936934835714497
P10,31,R,39.78614183969566,40.82994420091734,0.9084498699763592,0.9881201069771323,49.30178471612916,0.9785945775214201
P10,32,R,43.93428471981555,41.09423862460192,0.965676980018403,0.9816040624222823,48.59695338085954,0.9920648276887922
P10,33,R,43.392886427932105,40.399841716754835,0.9933549255436575,0.9892209663309516,48.46693180950477,0.9923406030848679
P10,34,R,42.10520500352461,41.09037519160982,0.9950384505248757,0.9730937228395831,48.08769152773674,0.9835882663202682
P10,35,R,42.853219476018076,42.07395754610625,0.9863470434000373,0.989459422673634,47.72366369190056,0.9917863926261109
P10,36,R,43.52644859966007,41.171184175757126,0.9429609199124933,0.991143666321213,47.52898063729793,0.9821623508607598
P10,37,R,42.477444201817825,41.7515715947827,0.9152651012439903,0.9868494083015599,47.04684537328752,0.9943020673317768
P10,38,R,43.48030362201591,46.99560535840008,0.9939713082492508,0.9805118498148947,46.76473284862014,0.9962930982854863
P10,39,R,44.281591963181455,47.75086833446683,0.9929829495746634,0.9819099580342102,46.65199441182606,0.9976142205336904
P10,3,R,41.491464873428384,44.744852882863356,0.9626239546324523,0.9657909000099237,49.90235299032196,0.9897111025164148
P10,44,L,47.77443933445511,43.28817507688623,0.9930175841697358,0.9897189263170478,53.139165792807546,0.9910544554687923
P10,45,L,48.24674658258723,42.79685247932777,0.9726328851198569,0.9857318065855584,53.16551766494901,0.9963474620122387
P10,46,L,51.030055371779476,43.449703243096096,0.9946578645876094,0.9884102193759867,51.813685084416306,0.9950875023603734
P10,47,L,52.525285003825175,44.91610367033069,0.985046238020364,0.978517131866604,53.224565528894104,0.9956822671467612
P10,48,L,52.245142475325984,44.44526827571695,0.9899664795006546,0.9859621902326642,53.7731362230102,0.9969796963319767
P10,49,L,50.66550996036113,47.03055906271231,0.9635362964266526,0.9808254094819546,54.51069738158114,0.9962672283470093
P10,4,R,46.96645375006702,52.507359666385746,0.9702723966550382,0.9617676843311267,49.951604671815154,0.990777233833183
P10,50,L,52.86163759516181,46.77294185736976,0.9947117257657182,0.9882936210790944,53.90627314817952,0.9991232126110567
P10,51,L,54.38848462819992,47.689302959901134,0.9915311015004121,0.9845043960733241,52.69258585849815,0.9985779775734303
P10,52,L,52.42998595029664,45.823384725272525,0.9902045658997347,0.9746819763912608,54.5367693829683,0.9959144666786391
P10,53,L,53.408704355959046,48.66063787934294,0.9903047173359156,0.9836638890781804,53.845588371399025,0.9984267771720803
P10,54,L,53.5481558278241,47.96206474966934,0.9929239217359742,0.9863075316444113,54.15730960829912,0.9975887235640707
P10,55,L,51.23183166141287,47.51977279668415,0.9749784815504317,0.9682573396647476,52.3748006013611,0.9874840247203828
P10,56,L,51.92710803173228,48.281599875170215,0.9860793676925872,0.9800444932089541,54.14492209158372,0.9960594123585971
P10,57,L,54.212368401784296,49.6882766003007,0.9848205010069833,0.9765917775289757,53.16868784914973,0.9938510689466646
P10,58,L,55.76175417062499,49.71057287039717,0.9889539380461334,0.9753057238430707,53.18336317277554,0.9918680836100116
P10,59,L,52.961304554861705,47.157590003072045,0.9954692108594039,0.9874640328385234,53.22093155940804,0.9994200343278664
P10,5,R,54.64496976397072,60.85341489342399,0.9707106125834915,0.9789076893821865,53.46194944562136,0.9941327404311705
P10,60,L,45.068311209100415,44.90039995847438,0.9909565061083483,0.9836983856494577,54.6403481418852,0.9962119536345464
P10,61,L,45.757059321446114,44.578267693466515,0.9925209826124262,0.9826575648416029,53.14450112332961,0.996299148356294
P10,62,L,46.87129979094642,44.57686267952287,0.9975577435001793,0.9857963907895372,53.37622647092533,0.996443326120378
P10,63,L,46.27174663445525,43.80545395856578,0.9888452232220315,0.9846881147341807,51.81540970202707,0.996701864359331
P10,64,L,45.093269013036355,43.50062250203647,0.9932561497540174,0.9852815988491048,53.3755069779659,0.9982391925983158
P10,65,L,45.4009824599603,42.79682881531528,0.9861148425664239,0.975552190062464,53.912458113222144,0.9925036413278309
P10,66,L,49.820636869980895,45.04002860908015,0.9863812009112796,0.9886450020764324,53.31533178211268,0.9984039954976477
P10,67,L,47.26545979065727,42.54979943964784,0.9943477059030209,0.9904134610644105,51.98844199082634,0.9967840629066361
P10,68,L,46.64347950670354,43.57307718020435,0.9920670695454019,0.9894012128712514,51.317009623827985,0.999123554686885
P10,69,L,47.01644188559141,44.4195101730146,0.9862898731193679,0.9699427705782597,53.001409401824425,0.9913912535575204
P10,6,R,42.74790429534519,45.153493064326746,0.9727427402860808,0.9613238933112126,50.31691320651039,0.9827999374671629
P10,70,L,43.77460230854793,43.620948920381174,0.9874938593763438,0.9726428413737103,52.734197036953645,0.9894046643891308
P10,71,L,46.14140735949905,44.07107594359013,0.9932045229997396,0.9871983939330609,52.45813833929978,0.9966304977585235
P10,72,L,47.70242987339092,44.85127116572266,0.9678145016243311,0.9554969981225381,55.4006813779754,0.9803201726182602
P10,73,L,47.35457936610954,43.1624038210069,0.9840655051615559,0.9886735168886689,55.28317060443086,0.9944279157055784
P10,74,L,51.441223345114395,43.87742779316196,0.9816438060274998,0.961146253469721,55.21417262128144,0.9852044025534854
P10,75,L,49.909254192388204,43.73451012070819,0.9866570156758944,0.9773743742225242,54.8120040093392,0.9966578085412613
P10,77,L,49.1979131925757,45.567285066173675,0.987345073721876,0.9821468224300216,54.71139393220119,0.9971284116011234
P10,78,L,46.2994924153515,44.82719627248003,0.996349227833534,0.9895566520261904,54.01916274202216,0.9989111594010733
P10,79,L,44.888753959542576,44.25268406394563,0.987526089026901,0.9797715163138714,53.51327178373536,0.993255409157084
P10,7,R,44.6101747187147,43.873369917162556,0.9732131511563525,0.9634572619431812,49.971572727885295,0.9900357220194984
P10,80,L,46.829308251773284,44.78231100103208,0.9879260921135443,0.9771026839245514,53.8580360634013,0.9948568114103248
P10,81,L,46.90872024327778,44.02772409297112,0.9903085106253904,0.9764142472654869,54.327557130375595,0.9948071047107214
P10,82,L,45.58864834555209,44.4327041146236,0.992292219638996,0.9768598051066565,53.49411218484602,0.9935155436451577
P10,83,L,43.23261272138618,42.726032209487286,0.9863695819441605,0.9743670589858007,55.207194472610574,0.9909000044051804
P10,8,R,42.63575739749965,44.08631888150353,0.9686641892140824,0.9778673472885664,49.032169861911164,0.9952813450586521
P10,9,R,45.213728003861654,46.85523574410341,0.9576237446186208,0.9778690996736319,48.150806890439455,0.9934875250471039
P12,10,L,52.053172472275484,56.92018858575308,0.9666059036573984,0.9544331543168678,49.13250801948795,0.9760639244777182
P12,11,L,50.821275560867065,55.74839479351327,0.980627742669921,0.9410445480699574,47.30782031515967,0.9732572992685061
P12,12,L,47.11006835701539,53.88282140840557,0.9809834147229771,0.9415886956504513,45.66264044272725,0.9824003605731864
P12,13,L,49.59342452220392,57.27878952100867,0.965510835085307,0.942864327857646,49.32595640115084,0.9722826473853795
P12,14,L,50.7658158350404,57.88389780984061,0.9706403139102151,0.9362912899625248,49.96710229562453,0.972493817936819
P12,15,L,50.39834925091433,56.49007220480915,0.9763143265867885,0.9436144002805298,49.26478133313036,0.9702586713021311
P12,16,L,49.812578651003044,54.99936277316966,0.9708685485374985,0.9444497804201536,48.01576636944992,0.974835538356376
P12,17,L,53.23677987113554,58.67638203039401,0.9740119714582315,0.9449461362649443,50.979469024118664,0.9748049709589359
P12,18,L,52.62051199305119,56.1416791882134,0.9596751939798527,0.9670241691932004,47.8218849328399,0.9883709929728536
P12,19,L,48.53155480393518,55.444454443243416,0.949516726193894,0.9581516502855874,47.67537453388595,0.9855949348275398
P12,1,L,43.765164426639394,49.52389517390906,0.93121652829277,0.9590069342475106,43.88532735078559,0.9906959028964544
P12,20,L,53.66055113693242,59.73973333260956,0.9680661922090325,0.9523577353638765,53.04073112556831,0.977116474406619
P12,21,L,49.109890835085515,56.25556050465631,0.972556800340527,0.952033160287659,49.519973138341534,0.9819636147899166
P12,22,L,49.14473766747466,55.55124243191438,0.9657782883751156,0.9399973942384935,48.65196403276774,0.9722623034085642
P12,23,L,50.30295778329953,56.489421694967724,0.958168574742719,0.9575660544350431,49.3234200112069,0.9875385913280537
P12,24,L,52.594610621800385,56.826269748178554,0.9763560530637814,0.9601946328017998,49.21444447552196,0.9832040616675461
P12,25,L,53.901432318353955,59.35456162596255,0.945826137721176,0.9480851998977764,51.86510605679587,0.9742673038546329
P12,26,L,53.52916039553279,60.08452154080328,0.9740102905627137,0.9399359054038567,51.71112341584461,0.9737412838843884
P12,27,L,57.53579184655301,62.96839281587079,0.9664307890878941,0.9463927551502339,53.83763039126375,0.980322298800859
P12,28,L,57.01862842010146,62.648676770443245,0.9569498892870384,0.9620734809687143,54.8397694237204,0.9810624202711364
P12,29,L,60.00093365596058,64.71287760875202,0.9391939024098126,0.929696765598991,56.77815300944719,0.9679594659807513
P12,2,L,48.60110685702662,54.15781465165658,0.9516298575486729,0.9742287226777131,47.19437815503813,0.9899530278317953
P12,30,L,57.56324178229323,63.157979224153024,0.96522007729954,0.9465929625505352,54.560479274929996,0.9695226310732196
P12,31,L,58.09813966327347,64.62284992600217,0.9669242322969006,0.9412720800489748,55.370084725166535,0.9683476805885568
P12,32,L,59.36513773782688,65.24676949146571,0.9539656858946692,0.9519098744553243,56.044697727419894,0.9788435284513364
P12,33,L,60.46867984627407,63.74429799369846,0.9079122561486634,0.9687939421663214,54.89052197150714,0.984312865250857
P12,34,L,40.85571764345575,50.1306974288298,0.9828800618903514,0.9382618656475337,46.78048851993326,0.976699131964642
P12,35,L,42.90754455734325,50.30473684789308,0.9724581241515574,0.9567663675128425,45.10366470987506,0.9751137843938015
P12,36,L,48.61058909622246,57.80550730030063,0.9676181906561847,0.9578860557775141,50.44090308881445,0.9764614910083749
P12,37,L,44.8069434340386,55.02830207755538,0.9852512642770007,0.9416390390043239,46.670174593136664,0.9720182851271997
P12,38,L,42.797201562461964,52.300531832646406,0.9627071413833284,0.9526294935403721,43.630919178398514,0.9803234487172136
P12,39,L,46.65437457315674,56.38165489717947,0.9656814816427362,0.9427852959078576,48.108678277826144,0.9758181223674707
P12,40,L,45.30323927888929,55.03957731631289,0.9689963584831581,0.919557605167751,46.39022188968299,0.9547260938281807
P12,41,R,29.964277509391426,54.766327177722324,0.9014041773266532,0.8968784776971812,52.18614759808161,0.9319266190912894
P12,42,R,30.109868206933296,56.655338643973,0.9700899279113113,0.9510291582475308,51.404869980789684,0.9544006743830776
P12,43,R,30.188731693775324,58.77640310544873,0.9714755406301914,0.9612734262325296,53.15222928020508,0.9577857008677062
P12,44,R,30.498776369995184,57.99857425785556,0.9431079180353602,0.9506136490268223,52.56290267832659,0.9447790623545876
P12,45,R,31.904275753464365,58.613999161687396,0.936231836100962,0.9618402148159014,53.722948052055536,0.9607757229357219
P12,46,R,30.518916669739742,55.995834949426445,0.9392719046583753,0.9444044012671314,50.815144559360434,0.9399015175802582
P12,47,R,30.64147464567191,54.89796777770796,0.9518263089325697,0.9459839728189504,49.49242917243297,0.9539499297500579
P12,48,R,30.038877537757063,55.89657432590217,0.9276322790437019,0.9387809771615463,50.86383346237011,0.9403517294361831
P12,49,R,30.825846268547277,55.19377872286056,0.9438526301898728,0.9574155020658138,50.382653919395885,0.9565779273296676
P12,4,L,51.079753352851185,55.86101671771017,0.9808526344458369,0.9387254670140532,48.3697906880606,0.9782594804955883
P12,50,R,31.31911468413527,55.276866760478214,0.9800108447367816,0.9625153650653486,50.55683868544692,0.9717142892138062
P12,51,R,33.690676778595844,58.14883658163218,0.9560286062918517,0.9705079074344392,52.96848796167008,0.9768010046847008
P12,52,R,35.094298249520115,60.61258341739174,0.9339090624510237,0.9496205374365242,55.13625599299842,0.9779065097227277
P12,53,R,32.25195404124861,58.6672266423763,0.9347502761090466,0.9502717050645408,52.117093537498604,0.9551920818745032
P12,54,R,30.462223030142656,56.18967328543762,0.9640142305775209,0.9626646342287316,50.70929666071273,0.9714319616590733
P12,56,R,35.967944280160374,60.66356081278322,0.9484356858463479,0.9564183167986482,55.00230292135623,0.9646063309143397
P12,57,R,37.52995971893983,61.16484734315871,0.9520748904743084,0.956970468748198,55.69988229292663,0.9650599824602631
P12,58,R,38.65376280523272,62.418819260924444,0.9464321385792408,0.9589632709807985,56.296838928633896,0.9587750689734585
P12,59,R,38.99807643939176,61.58093010279939,0.962644959398517,0.9553922804053862,55.76692361587764,0.9585556056853776
P12,5,L,52.843210418280265,56.72901182200051,0.9897024419629118,0.9415036593101153,49.6301869720418,0.9690820688436789
P12,61,R,36.03422193377952,60.248132218820594,0.9483565803945453,0.9611098253102794,53.37593321986599,0.9655137733357555
P12,62,R,38.24682902665,60.966219335338586,0.9585580686361925,0.9662631141739542,54.227301182228395,0.972390320034256
P12,63,R,39.76238924308647,61.22224194794733,0.9709252033058028,0.9667269635854369,54.62354296982648,0.9726551277370059
P12,64,R,39.069463741209596,60.218792144674005,0.9411383268003897,0.9577227844093787,54.80180057915775,0.9622128732667704
P12,65,R,32.53717338172157,50.81748634979029,0.9510388982530741,0.9424904299719015,48.593410666115325,0.9479817358832656
P12,66,R,29.759913552533053,51.96720752885321,0.9210010759541514,0.9619039364620046,49.00508731174937,0.9581557416408225
P12,67,R,30.10582527570749,56.053510478481286,0.9551914386337192,0.962512491494737,52.05707218075828,0.9620450095546569
P12,68,R,31.824402119843246,54.48429817901662,0.9409105655753095,0.9757884224741746,49.583473797229104,0.9716064972628692
P12,69,R,31.01679306756958,55.23308798208708,0.9392037325469765,0.9456909084009223,49.746783148640496,0.9577917223547028
P12,6,L,45.430102625097796,51.525325834152284,0.9692449319318103,0.9564861891296175,45.727291415173326,0.9798988577071345
P12,70,R,29.92747136256478,52.59800432566229,0.9593980176252375,0.9629053406119811,48.65867255471747,0.9674991489757178
P12,71,R,28.692935783625124,53.73393281912094,0.9387931030138781,0.9535070060262865,48.708149778039775,0.9605722473559158
P12,72,R,29.204947806436422,53.68925919080049,0.9267806043747631,0.9547929478022585,48.47887762955377,0.9621166159306229
P12,73,R,32.423478812088725,56.01058691230127,0.9312348534593815,0.9524433691427114,50.113339934690735,0.9553941872424097
P12,74,R,31.16187994068363,53.95102571532975,0.9056940748816525,0.9445028147637463,48.992542570318705,0.9628804212115216
P12,75,R,31.492119290353127,55.45093336844326,0.9403343700707042,0.9608936091072974,49.827636862471145,0.9667642581760743
P12,77,R,31.88041528178463,55.757927986372636,0.9187986186504321,0.9471489068731834,49.99079405683388,0.952976274368997
P12,78,R,30.144853345335807,54.120247874676885,0.8962558679579773,0.9733104394014392,48.0453160755459,0.9640746784642801
P12,7,L,42.93611502491398,51.09066014184109,0.9841684152530521,0.9358895174621253,44.81719802213159,0.9718506538847536
P12,80,R,32.26448803057109,55.26602597445513,0.9527032972739625,0.9648627748377175,50.75096890795983,0.9659232581140591
P12,81,R,34.909474145189435,58.54734217138244,0.9494812542137993,0.9570462709966738,51.713084055900566,0.9686482315198044
P12,82,R,35.83160206565793,57.65115235506891,0.9361824619351317,0.9617179488430556,50.90017529277126,0.9626094563352754
P12,8,L,49.60396790389657,56.28626965527588,0.9683513236731777,0.9463708313574122,49.89998885074733,0.9811428898188477
P12,9,L,46.1160729515655,53.01022032458698,0.9898567658509965,0.9341264449298072,46.642778238306455,0.9687555548641194
P13,11,L,41.78935496372972,53.13466661463801,0.9857673016556039,0.972110838221832,50.73532276624047,0.9863182800030238
P13,13,L,44.74917574838228,54.13017469152809,0.9867324408103928,0.9717109427842566,49.922950917348835,0.9840429657054234
P13,15,L,41.038049864917994,49.855183537658554,0.9847250232673661,0.9735403237043101,48.37588002348847,0.9896919922356293
P13,16,L,41.75640087736186,52.648356442382926,0.9859800708967533,0.9669093961369739,49.08292371817989,0.9915554388607744
P13,17,L,43.7386441448535,54.4417633618613,0.9939843066636119,0.9710421240448527,50.308188006593994,0.989696366820212
P13,18,L,42.587629500471316,53.99260595491334,0.9886150812878527,0.9757293153870071,50.17276703654559,0.9929195899030085
P13,19,L,41.13285545828698,53.70991309051965,0.9885922248771932,0.9567289434543483,49.894440408061925,0.9932424253987162
P13,1,L,42.57661574060939,56.31297746182126,0.9914854671299821,0.952265471152048,46.17623162698053,0.977062740479373
P13,20,L,43.04641941538851,53.91214124588261,0.9917677313109542,0.9642720880758802,49.85102937565685,0.9906084832699057
P13,21,L,41.62179013430518,52.38739739848547,0.9947607015864465,0.9648679026256108,49.950386273428165,0.9942300870295397
P13,22,L,42.3194318438982,53.44378013270408,0.9957788782779409,0.9811807303737133,49.50405494310032,0.9933423606209923
P13,23,L,43.224612906966,51.62362437707402,0.9868651766652515,0.9827503716204681,49.36633838330976,0.9929266224126475
P13,24,L,43.61566553572868,55.1987163868154,0.9921072589979477,0.9612693956098224,51.047969549716406,0.9912654569066847
P13,25,L,41.13302488488154,54.6902668971156,0.9922432894367119,0.9770784113005814,50.5521273085621,0.9914591226772399
P13,26,L,43.280737939238826,55.36879445803225,0.9966383293456561,0.9657683520452761,49.82312984024819,0.986651136829139
P13,27,L,42.98418695796649,55.62743029764807,0.9867088194715113,0.9693182145634343,49.39432800178261,0.9926238692301675
P13,28,L,40.24125236139486,52.07161798547975,0.9966221361265873,0.968478181868082,48.85768180225794,0.9931765619202574
P13,29,L,41.37477787789998,55.24812176109367,0.9946378995387907,0.9717302670073322,50.803111121975164,0.9932219796356633
P13,2,L,42.12664041250075,57.354535327715844,0.9943683396416457,0.9573187662296018,50.87273858382088,0.983281041738885
P13,30,L,41.887651431218345,53.936247035418255,0.9920427895053635,0.9755651820165965,50.50239880019988,0.9935732347193933
P13,32,L,40.82091942621721,55.15678110854264,0.993888502738928,0.9715884097231049,49.826347691846856,0.9967319447921988
P13,33,L,40.38408735087175,53.421196248771125,0.996567657035842,0.9841956427286992,49.45796257396013,0.995528582279431
P13,34,L,39.99217141644207,53.82274116440686,0.9917125373301622,0.9783130992011497,48.69817788760844,0.9925518069772692
P13,35,L,40.62070196417561,55.09911198996406,0.9949528152046017,0.9746600962763982,50.007304885822315,0.9942224378537632
P13,37,L,40.02744903811522,54.46705542219799,0.9994563187728079,0.9755492696891561,48.455017641260355,0.989346585065946
P13,38,L,40.23843006488458,53.5080402151316,0.9926346005996813,0.9755901625739563,48.140826157261394,0.9934310233056532
P13,39,L,42.59301850930388,53.91422731136592,0.9891073972802212,0.973782046137585,47.990383483117,0.995563247785947
P13,3,L,41.14857985025571,52.482883233269575,0.996430205286272,0.976642577057135,49.59008044791105,0.9883072358844809
P13,40,L,40.60359901218824,54.303838516655446,0.994593388713926,0.9728607306506516,48.194782693984536,0.9948658844003937
P13,41,R,39.88910583296798,51.11897656953029,0.9650942032573985,0.9512761223736105,48.60375660857575,0.9833826522686877
P13,42,R,39.65691303825711,49.44140388663866,0.9908590985409221,0.9818117006400194,49.22632268744883,0.9986789992987465
P13,43,R,39.794515403212024,50.44117322618505,0.9835423853077007,0.9751223936627347,48.512756094050445,0.9979531001023456
P13,44,R,41.10522666872619,48.87481366272135,0.9805286849008509,0.9503224589354102,46.56963960735143,0.9725510753546412
P13,45,R,39.41216325452165,49.645117874962686,0.9741829315509185,0.9536303827133719,45.53319756562962,0.9769555135237982
P13,46,R,39.57619383840671,49.119651912697016,0.9858641342996729,0.9674204177076007,44.86726765164621,0.977692584338574
P13,47,R,41.70517347962688,49.94710752408818,0.9710805947108047,0.9627385331233037,46.481367519676354,0.9735171071438411
P13,48,R,36.11592469774249,46.065744360406114,0.9785755008144549,0.9805013562584103,44.73214686029408,0.9902977036239439
P13,49,R,35.69991394998311,47.48326413924009,0.987628775407211,0.9495338095612533,45.95369396280048,0.9656946276017323
P13,4,L,44.05697618996442,55.285980923029264,0.9955478836949968,0.974715088439092,49.55122330914252,0.9893970240958679
P13,50,R,38.25932256155193,46.91811927622957,0.9832518802930923,0.9659206869735126,44.51574834981924,0.9815949379879977
P13,51,R,44.5284836867551,54.2384263741633,0.9983305619052498,0.9774242777163612,43.60477435949217,0.9958422267446976
P13,53,R,40.32813279276984,51.63989094530942,0.9925586616057056,0.9592198705709544,44.79776000583068,0.9796227812864916
P13,54,R,39.704149994194715,50.248624395639816,0.9807354813781107,0.9513471650887825,44.789709833614246,0.9728143319495958
P13,56,R,36.80738691103143,47.85650996514721,0.9952420846120823,0.9451906719226579,43.8494657656518,0.9681904919567433
P13,57,R,38.26718778154806,49.19648233739748,0.9915740355400278,0.9781142366151852,43.56855556823579,0.9919521514808027
P13,58,R,36.90286229434171,48.70596569913394,0.982589160925138,0.9459505561592851,42.2660551577593,0.9637195578218998
P13,59,R,34.69442512358273,44.82013672468886,0.961900505746838,0.9527899745145908,41.19200206024642,0.9752977014326811
P13,5,L,42.25789170402435,53.76412026543668,0.9979842169523556,0.9747757699687605,48.680760389951466,0.9919018036995578
P13,60,R,36.67179652710032,46.24307276641172,0.9946030534724823,0.9752361313718023,40.465809509837435,0.9862315054481448
P13,61,R,34.840957037652664,47.5558022617812,0.9708939748014616,0.9809266459308305,43.42652170238962,0.9904835012384686
P13,62,R,36.509412206740144,48.757916846521134,0.9857358537337196,0.964952763122473,43.620542988216684,0.9789262546091752
P13,63,R,38.42513417762112,47.208685520549764,0.9901415695695991,0.9600825023636567,42.401024335738306,0.9873930056021827
P13,64,R,39.11246266646614,50.70555083550628,0.9810675129607836,0.9303239190196136,43.537326968581766,0.9770446999717233
P13,66,R,41.48751393437797,52.9032244407374,0.9876230729980482,0.9562419781549333,44.111327661347396,0.9799288265366369
P13,67,R,40.23655879092192,53.403304160564794,0.9871801810524665,0.9535044760381522,44.99168266341586,0.9838027910051093
P13,68,R,38.48425785163222,53.69475077265369,0.9562229011945327,0.909760088867832,43.7403304432726,0.955031364753032
P13,69,R,38.54905310950698,50.836738647448605,0.991978902632097,0.9711344711410567,44.72901437158636,0.9874281807291334
P13,6,L,42.412859545601584,54.03327757341463,0.9852983816127816,0.9440284573851346,53.7165461742552,0.9705239322610357
P13,70,R,38.68971832667812,49.98389910660369,0.9974493678386879,0.9729161541579286,43.63225318637339,0.9946801652156149
P13,71,R,39.018626151392546,51.82133952722767,0.9878780713170962,0.9516838212505813,43.65112126570214,0.9830325219834417
P13,73,R,37.31556800833578,50.050234540616735,0.9941147673078112,0.9634096308716238,43.60886824676,0.9871341681862306
P13,74,R,35.63723876109451,50.56300294868352,0.9955402219694913,0.9638788612427723,42.516572130032465,0.9892426811202665
P13,75,R,35.38601347214226,51.010427339057884,0.9915187735808254,0.966519454389283,42.169358542601344,0.9916698975296676
P13,76,R,35.59832008876308,49.33850971595687,0.9883196843789269,0.9644513315435912,42.00972894323507,0.984807810205161
P13,77,R,37.12192762548082,49.685445635205404,0.9802229563096384,0.9355883000800457,43.26540517921602,0.9677131950405494
P13,78,R,35.031597881813944,49.33619645059016,0.9582281186931306,0.8886856094250271,54.88106489139971,0.9253153045158788
P13,79,R,34.20526258554021,50.05385498982001,0.9401002907894301,0.9437124342028267,41.45813794456104,0.976701076272518
P13,7,L,42.56693362394426,53.41520782874626,0.9825022291972658,0.9623184618147533,51.86619733264307,0.9762494228810513
P13,80,R,34.93432220292158,49.742497272244734,0.9674875601160036,0.9344927882569438,42.63001171130751,0.9672450596104173
P13,8,L,39.739633331957144,51.82685889436804,0.9883616347305173,0.976066417620167,50.942037157392676,0.9871278932472448
P13,9,L,42.55120884241312,55.71262894856825,0.9722028968652006,0.9714015797063438,52.54037250925764,0.9651263118558827
P14,10,R,26.875540297635872,47.84371325984118,0.9639826727537635,0.9640736127252229,42.26499888352814,0.9718192680315518
P14,11,R,23.592110499161603,46.00844505792213,-0.33258978715880294,0.98235253226919,39.600464046747796,0.9838107160465157
P14,12,R,32.06561724691589,47.707114622838105,0.9744607183647285,0.9793218999128153,41.72008116142636,0.982950043212395
P14,13,R,34.49814862820251,47.86255829377065,0.9831918839030925,0.9798509503907971,41.87202794419772,0.9821770732374985
P14,15,R,24.855492838122622,45.38289966826123,0.9659722195600705,0.9816182680687636,40.86249655690145,0.9872716723853382
P14,16,R,22.188814266147652,46.3575883199693,-0.2702795556036016,0.9846325318576544,41.527749535984654,0.9881177824151667
P14,17,R,29.30479264459816,45.82186538668864,0.9941434175842249,0.9487518253424182,40.20090671972161,0.9737684748444654
P14,18,R,,44.3329194459118,,0.9770190508515199,39.75904208189846,0.9885599877248652
P14,19,R,33.74412802931626,46.35261168635696,0.9355927574102862,0.9678660314747921,40.84152712562327,0.9808225460558002
P14,1,R,23.357447829604492,48.592100443412114,0.9005680704541381,0.9706468031246838,43.93547208530668,0.9834386874050126
P14,20,R,,47.247324516888526,,0.9670580449787256,39.814423088725654,0.9885942583322501
P14,21,R,,47.226828239884036,,0.9828401021226587,40.36295872625574,0.9864380515459632
P14,22,R,20.823148638849883,47.12064235375624,0.467258086560293,0.9888455981404226,40.23217661355597,0.9818329557297613
P14,23,R,,48.09727615617334,,0.9672808155498654,41.7276577047849,0.9773707012516628
P14,24,R,25.865492360732638,46.8249521181918,0.9752082285905261,0.9731425240650348,40.598491236196026,0.9852699152966807
P14,25,R,30.685497673391463,48.399013868633546,0.9733710944272689,0.9523468113213394,40.50885527399233,0.9753650605953649
P14,26,R,,47.46138560704002,,0.9726767356160116,41.04511168632494,0.9839354398361684
P14,27,R,,45.87569030297037,,0.9805780677939324,39.79101590496715,0.9913726286569388
P14,28,R,31.612673715873328,47.97197457276053,0.9688368060878293,0.947205985600717,40.45522637044535,0.98022836411252
P14,29,R,,45.032517951125214,,0.9838987925672461,39.583331980208634,0.9964691182986656
P14,2,R,31.08888710728892,48.527683162412316,0.9604898926150948,0.939181744736912,41.145324284482,0.9569658322668934
P14,30,R,,43.77167167359575,,0.9834006489747594,38.27031508276548,0.9889196945152852
P14,31,R,,46.96426665679676,,0.9719812113978096,42.32652624415227,0.9863583917378531
P14,32,R,26.080187883830707,47.733055856906624,0.9831736923010439,0.964149582006016,42.036757016853095,0.9790337814945967
P14,33,R,,48.39069145987275,,0.9802135237039936,40.57595590839626,0.9895689224802479
P14,34,R,31.94795066870744,49.40825514270766,0.9879319237384339,0.9780444753867693,42.91848798907617,0.9908355819372566
P14,35,R,23.17657051569913,49.1073673434267,0.9164988071582236,0.9667771634073223,41.62885064744778,0.9878509060031349
P14,36,R,,49.69900414128735,,0.966164628051249,41.62950761691425,0.9744378418281053
P14,37,R,27.869592290233285,51.03521205017323,0.9807953909887599,0.9772929217234084,42.113088028969386,0.9816199487091999
P14,38,R,26.85072944670131,50.12495184688389,0.9776181937041185,0.9630265176234634,42.7369177328673,0.9800905069500917
P14,39,R,18.299364784209672,52.26146609959408,0.28895098260459057,0.9755036598570452,43.499333578362496,0.9823441431317671
P14,3,R,34.0193482616471,47.31543578344626,0.9716647768100457,0.9592685453090013,42.219379824660024,0.9731697410362732
P14,40,R,25.294729452561207,50.117181387638695,0.8986031339735566,0.9700215360655023,42.64506996116298,0.9876329951789409
P14,41,R,27.29806197423504,51.80614357740351,0.9750218757709467,0.9620231861219997,42.97734814831492,0.9787436012244566
P14,42,R,24.020146164017483,52.48635478395305,0.7815774063229708,0.9892989770437907,43.455102469312294,0.9958092038891969
P14,43,R,27.734443177905018,51.30237389145605,0.925314563160842,0.9839385710716603,41.91270395619318,0.9941182651449186
P14,44,R,28.45079612663743,54.43655274962908,0.807270168999633,0.977911277841422,44.66123838808351,0.9888757817945647
P14,46,R,34.04502921776833,58.623740218916446,0.9763784254751996,0.9696536016960465,48.51918659350615,0.9790795241239191
P14,47,R,38.272920526661004,64.59547575198998,0.8712763828417195,0.9743707110162353,53.12342135745659,0.9828068267587082
P14,48,L,28.75853427025639,43.59478507042273,0.9435875817533779,0.9657968989487851,40.87900925125618,0.962118334157956
P14,49,L,25.709277810368462,43.068960885226346,0.9757293939909393,0.9266657914491055,39.3580218298167,0.9493765011621578
P14,4,R,22.487687483828477,45.74726349625301,0.39080679445445615,0.9732071171263981,40.4811015818139,0.9830967586796066
P14,50,L,25.745348892794855,43.56311202383394,0.9711806568006532,0.9799795597787745,39.97573571385692,0.9926566856250271
P14,51,L,29.020087685991772,43.1702072177183,0.9737011427158997,0.9638044809003363,38.195546764004135,0.9846740565173292
P14,52,L,23.518688186394197,43.591542545208725,0.9117308463465094,0.9835616298806585,39.053136400377404,0.9929212066315006
P14,53,L,27.687150860679182,43.05914977119829,0.9838961188989956,0.9821123005699045,38.12101051911047,0.9953168210172616
P14,55,L,20.492243454519325,42.75571744032381,0.26692341089213084,0.9587583804216141,36.30036128537828,0.9848516281148816
P14,56,L,27.080516656962242,44.66763690506693,0.9888230465118618,0.9572099182034514,38.401402352559906,0.984672316063336
P14,58,L,30.890655111387677,46.151277821020116,0.9918153962356371,0.9839148980243513,41.54491959274568,0.988752469911138
P14,59,L,25.004870081399893,44.53837851493838,0.9850052322950704,0.9794224654817704,37.68612581230631,0.9929986852393857
P14,5,R,23.40655427087265,45.9802957158489,-0.21258815666052613,0.9717167620914927,40.37167938753196,0.9802955817466259
P14,60,L,29.402698585737085,44.065295915974644,0.9398396323770098,0.9639875256498064,38.892764114192445,0.9919848263747718
P14,61,L,29.56271393723207,45.254258802131254,0.987619583325421,0.963114329770823,37.599509896037944,0.9930402729889564
P14,62,L,27.815742678054203,46.65878270964676,-0.05458670896020818,0.9753899745288548,39.81067977997026,0.9820699983255533
P14,63,L,29.228807756175634,44.602238985131514,0.9895655040412332,0.9841674769029456,38.73178119360831,0.9916554313552597
P14,64,L,35.229538476012806,46.54365360246665,0.961555389928305,0.9750150060875926,41.79721083322995,0.9851892023068548
P14,65,L,24.653777519586104,42.85687889609002,0.8030805686439474,0.9639626133645314,36.80342641724229,0.9705726211498252
P14,66,L,27.378412947342046,43.08521210480444,0.9509886701036839,0.9825329629800411,36.32218171953207,0.9798920797457423
P14,67,L,29.666604710755955,45.06754322238649,-0.49118075859560073,0.9767351921925445,37.89242074837605,0.9770500623573561
P14,68,L,23.65879346165732,45.63665190719087,0.9074488841565749,0.9672422759447227,41.72170771474337,0.989674347433484
P14,6,R,23.50772377440785,47.80561840908701,-0.10208215143288722,0.9509714628908439,41.343347792626155,0.9701650550765386
P14,70,L,25.719892636354167,43.237885028666746,-0.2736769320741834,0.9666874814624639,38.26925113480422,0.9816481168327439
P14,71,L,27.59590835032767,46.63707070065457,0.9651492126213349,0.9412602944038936,38.513461069516964,0.9808504933914555
P14,72,L,31.599454460607728,45.94777125268151,0.9833420568741305,0.9748767325069828,38.7493749227321,0.9938111008899403
P14,73,L,21.48752615195388,44.748887515872106,0.9446930269749559,0.9417246478889618,38.10167413845459,0.9767664763088643
P14,74,L,29.731698172076662,46.79176563788208,0.9748420138725898,0.9610383092111747,40.262777234551656,0.9854654332475048
P14,75,L,30.778828229136398,45.04116798278106,0.985265052729565,0.9671331060361822,37.33911341751706,0.9898991390827528
P14,76,L,25.26586437668869,46.313474015837414,0.12881370868688385,0.9770520114078616,38.80391936477329,0.9814696620432525
P14,77,L,21.93049815499565,45.43322385168413,-0.4249884193258601,0.9803826606786632,39.184827002122375,0.9967779951623376
P14,78,L,,46.80458386326624,,0.9779287488465447,39.61339110223662,0.9837428767506269
P14,79,L,35.59504886204917,45.91091687288907,0.9843380829158844,0.9823239918209211,38.646205009727176,0.9699360065022553
P14,7,R,30.706571640151584,47.47563713690259,0.97432299915176,0.9764381240137959,41.75149676407714,0.9823185683294405
P14,80,L,22.987615039653758,49.370501386001415,0.5878373430546525,0.9757202805229919,39.641829798250626,0.995683571084089
P14,81,L,24.45971246765257,47.37232278750714,-0.1080335228167388,0.9664990461758776,39.17588765231854,0.988360437515392
P14,82,L,34.448274329657295,47.92367019214761,0.9536971295794472,0.9800859527148404,41.142417211860106,0.9674167775777103
P14,83,L,24.02978482128309,47.57808169663461,0.10093504639609673,0.9672254614163891,40.60255141555337,0.9845712205645528
P14,85,L,31.52263921413226,45.07820586071174,0.9772755941140496,0.9841209600240237,38.695708078322234,0.9838533796548242
P14,86,L,31.063911030414218,46.27499909348975,0.9669292172252644,0.9801311838205428,39.53861369554119,0.977477419791127
P14,87,L,29.18780644759403,45.283000313804585,0.896889247158457,0.9792818490737182,39.691660566311604,0.9639208563249656
P14,88,L,34.36482296644546,47.06141693255177,0.966653503465026,0.9682945799807454,39.66820003507153,0.986249633807696
P14,8,R,23.73485581595012,46.99956833341482,0.8159562141725051,0.9708282605843479,41.128975817590835,0.9773755725169527
P14,90,L,34.54272546238576,47.60282818939351,0.8888995433937463,0.9798258631321545,39.6124838961695,0.9503352314880685
P14,9,R,19.201921812783166,45.985979122343785,0.4827297836582293,0.9688204800520791,39.119921099631235,0.9879151497562747
P15,14,R,42.24982085991031,56.98445581941949,0.9762644578170749,0.9896188367410638,64.96002864160702,0.9767660298799323
P15,20,R,40.64531368980472,59.23970318337259,0.9593201699587073,0.9832785303849285,63.59234695914749,0.9806915476667537
P15,21,R,39.16633595550478,59.261925171924766,0.9579375667337213,0.9828510426915403,64.96519019333313,0.9880627760298564
P15,25,R,42.35963447117746,59.10655716587493,0.9721125551095443,0.9836475247006367,63.054742936580816,0.9893994215903911
P15,26,R,40.80052623490946,59.3603358100435,0.9604873705509603,0.9828930185737805,62.71330722428042,0.9807261054751837
P15,27,R,39.7682435563274,59.254615901307695,0.9671144356179835,0.9891535660517624,62.87754156389306,0.9873578832997176
P15,28,R,39.657125604926165,59.50320990075477,0.9612274292783958,0.9821404560110808,62.91532820279403,0.9861116362552391
P15,31,R,40.57420457141523,59.43238175740595,0.9748488513647389,0.9877172481581469,62.73430301638054,0.9912570035554474
P15,36,R,39.987746352948555,59.621730247335535,0.9846621845178849,0.9882001186926485,62.76359086195308,0.9884274961966486
P15,40,R,40.133024932713155,59.689449135064415,0.9777694309115539,0.979962733526328,62.30034785733968,0.9843504536891727
P15,41,R,40.753684181985605,59.826261613570914,0.9839743994499263,0.9863870953167572,62.63310979212241,0.9860687031354124
P15,43,R,38.782091972774765,58.698354334249345,0.9846291906386685,0.9919941527163222,61.79697104839057,0.9925905055130371
P15,46,L,42.492077959986766,60.23539695577137,0.9818022862861333,0.9908269634651967,48.46433003437922,0.9944823140209671
P15,48,L,44.39061344726187,58.93744269573715,0.984173184724192,0.9843313488289248,48.93770862698157,0.9889016952576574
P15,49,L,43.77076081119477,57.728927185880345,0.9806773721877134,0.9846372194368864,46.60770921142559,0.9930774634780206
P15,4,R,45.360708987132504,56.186716092608165,0.9379196379456857,0.9647814137391791,66.42808429829184,0.9476741442655295
P15,50,L,42.80571182454194,56.18438374797661,0.9909244841320803,0.9918507107919334,48.325592633620204,0.996233905160624
P15,51,L,41.924361675478075,57.7018181043898,0.992337484819776,0.9922428179521251,47.15510895577848,0.9986737427848859
P15,52,L,45.05078775813352,57.8858034354733,0.9801785721280579,0.987393171490642,48.03254828707698,0.9967801554697634
P15,53,L,44.18406806411999,58.83910019934831,0.9936091214789862,0.9898851186778863,45.85222135437321,0.9971385605819402
P15,54,L,40.35885256871415,57.98484922296556,0.9814095522580788,0.9881038568650518,46.09158907193678,0.998704320803541
P15,55,L,41.10911848753012,61.046353248739464,0.9777862346996997,0.9440624374046322,46.996477206472846,0.9691305136714061
P15,56,L,43.73697149401119,60.69029912863127,0.9945579026345167,0.9912954928939555,45.343506116128886,0.998979668650457
P15,57,L,39.33695501444397,58.9838414344931,0.9849909401226589,0.9846047777714614,46.652867902779754,0.9968301644620764
P15,58,L,41.96126220057031,59.503862010497755,0.9891947126065391,0.989189548393981,46.17695974258817,0.9986780342856159
P15,59,L,44.08651819073412,60.05192611255497,0.9800578395376826,0.9812414802838016,47.22855874352231,0.9959871390747752
P15,60,L,42.22955640902563,60.14098112279969,0.9900339860575734,0.9831820952091314,47.33370081144007,0.9967561451828806
P15,61,L,42.30533113616632,59.05049320127012,0.9801025775414883,0.9872492203168373,44.82935382058366,0.9971496397692732
P15,62,L,43.48111554064677,59.303380766897575,0.9871538395302377,0.9916955679197325,46.04555779434484,0.9996152430542649
P15,63,L,41.541392467803135,60.23279724992652,0.9855405431588176,0.9850315490493304,46.39831501698934,0.998097743139143
P15,64,L,43.68566360958775,62.42000902176808,0.9801719070739012,0.987623216404984,46.711460275608076,0.9978797550894247
P15,65,L,43.67682531713437,59.97060142434473,0.9823612843486463,0.9888953727232896,46.26389254166488,0.9991171921236792
P15,66,L,41.68750782255452,59.091981231389575,0.9894409626797557,0.9902653111581059,44.49264514518772,0.9986157307093602
P15,67,L,40.13463186553474,59.09635670173843,0.9797195093147976,0.9846836891836153,45.3570168064886,0.9974793068523338
P15,68,L,42.31671455972497,60.06836799859312,0.9852907739060321,0.9890464437376811,46.846762648462914,0.999268119580024
P15,69,L,42.679836384835525,60.7580065173084,0.9843591270035625,0.9852937391966778,46.48959014085483,0.9995928237908427
P15,70,L,41.92473936388081,61.16951525100861,0.9898847719050967,0.9875929123322227,46.458308045705714,0.9996654239300035
P15,71,L,43.129705154370505,60.826554563160265,0.9931433197173419,0.989741787499931,44.743410923486174,0.999570296590085
P15,72,L,38.73227053493276,60.38249295372806,0.9909390060758821,0.9873660787668761,46.3280922681114,0.9978720394316976
P15,73,L,40.7992191779743,61.327273694849644,0.9924117464643696,0.9881350833299988,46.893336711387285,0.9995377712614512
P15,74,L,39.83812133762769,60.6142147254353,0.9956057496269458,0.9932874983065599,44.88064045955681,0.9999216675602814
P15,75,L,40.02874066151697,60.19162695910128,0.9881429722967641,0.9931602482992284,45.78629607448216,0.9993052727733583
P15,77,L,42.1201758894797,61.13791420720419,0.987547396328011,0.9846150438783894,46.740041709437946,0.9947039600377795
P15,78,L,41.16348660922499,61.51517132986165,0.9927945124204591,0.9891510409528524,44.87135453830436,0.9997409406400156
P15,79,L,42.732844146993614,66.48551731687665,0.9887555584422832,0.9872860999125389,46.310797087359965,0.9993216865724887
P15,80,L,39.49043818390382,59.82350010683513,0.9917099061062884,0.9885056105301367,43.96559069812228,0.9993166182360719
P15,81,L,38.21682753843253,60.46849576433428,0.9911261610754891,0.982677304439584,45.84072812551863,0.9971306984148136
P15,82,L,41.23523381432734,62.30157324312263,0.9894284657289553,0.9905235616101913,45.08176894939567,0.9999127191850242
P15,83,L,41.69249317811638,61.63056273146602,0.983424687670389,0.9807249476231484,45.013141815326605,0.9990937936253027
P15,84,L,40.00596694949424,62.69772933184422,0.9889990214467776,0.9902887267330572,45.66821283177405,0.9994229945522588
P15,85,L,40.97412993765596,63.59563364948592,0.985922524069371,0.9845371162402078,44.474354331682,0.9993651791155514
P15,86,L,37.47339214324015,63.77026215718062,0.9929874814593455,0.9901549857302833,45.13897957488813,0.9992763845023086
P15,87,L,39.32992253022053,63.23258307312918,0.9895487319480599,0.9879516770673963,44.28661572837276,0.9990923032048618
P15,88,L,39.430794513809644,65.84311312760984,0.986376388459287,0.9873138113795142,45.28500932029271,0.9996190972935973
P15,89,L,39.943392556263746,64.27434993371698,0.9909632304947369,0.9842666955721889,44.72716862518021,0.9976189577324023
P15,90,L,39.009651431610315,62.30926517650153,0.9910859061864414,0.9890830654146172,43.879929204637676,0.9997573221569523
P17,10,L,40.65852069768218,64.96129148938309,0.9715773420890579,0.9620864492916584,54.02913003917553,0.9718633924943525
P17,11,L,53.804390355225365,74.63582375454139,0.9725985991381367,0.9655893819573499,64.03020804635281,0.9774902613302605
P17,12,L,24.15865854384482,44.03946319781847,0.9649644971790203,0.968201334773293,38.59838773013806,0.9842344328057384
P17,13,L,21.993211547609835,48.785450274797356,0.968583753104531,0.9781573452096325,37.379008167723846,0.9801002869724406
P17,14,L,22.33393418881065,47.02782068583757,0.9679835009659753,0.9586434434216379,37.37511831891739,0.9692638941859009
P17,18,L,21.54754551272326,50.09703519484829,0.9416456306825577,0.9560866387729612,38.62280074108888,0.9781309665603795
P17,1,L,23.530076216462337,47.10555391887115,0.9707191173078644,0.9681950246161333,39.15565865888195,0.9892285051742727
P17,20,L,22.444310528449087,46.8412463005488,0.95740467179846,0.9912339382959621,36.75631698644092,0.9938413099523306
P17,23,L,25.393102661801944,50.44700746649225,0.9797645944413305,0.9742204974573051,38.74525188282686,0.9844054831546896
P17,30,L,26.159593440059894,55.01730017706318,0.9641041188664029,0.9777627152118665,43.35752945194842,0.9922502090179887
P17,33,L,28.763082733088616,58.78358370635301,0.8995287181717417,0.9839199454777884,45.427872035187875,0.9901759493726755
P17,3,L,25.352087547698954,49.80480213221294,0.9890895047294898,0.9498162925774782,41.82477296917945,0.9715561616546974
P17,43,R,56.0945302282099,76.499271984676,0.9540040577018853,0.9679378760085798,70.54745973996863,0.978888778311018
P17,44,R,60.057692797157124,73.77811089579552,0.9815308420164519,0.9747931090396218,65.44066263419279,0.9757723002505162
P17,45,R,34.909420369722774,54.345984247755545,0.9920013068808369,0.9869705446386273,48.91897513347201,0.9946749163516171
P17,46,R,35.873769869715716,51.96512176522541,0.9662089544724606,0.9604278659731275,46.51883764726983,0.9755868520336646
P17,47,R,35.4689119951877,50.14765594342314,0.9821250786713129,0.9713230648984157,46.04348803618599,0.9803653566461408
P17,48,R,28.81987313187141,50.277347707627676,0.9794317111424133,0.9816633810787357,45.93079948179939,0.9885179888960811
P17,49,R,32.45161100432865,50.52000554041194,0.9713494499699182,0.964510415480957,45.74273557942793,0.9764507612917721
P17,4,L,23.913775790905966,50.72278515044592,0.9745662513091183,0.9344991369854849,42.20404315864812,0.9572536409861236
P17,50,R,30.117066807792654,49.26377380756398,0.9803154163209492,0.9752146256588291,45.455917726809105,0.9855144003078555
P17,51,R,30.81959679163277,50.75063289473161,0.9877517357109691,0.9858889560816099,44.9772147634246,0.9936021839990142
P17,52,R,36.5235241215347,53.19527418012102,0.9918472064179498,0.9876734844527755,45.302910047272086,0.9953410649715303
P17,55,R,35.87788105073682,47.87732447177297,0.9788071662753993,0.9737134032768184,45.870236075036196,0.9789164341900155
P17,56,R,28.84385931924742,48.31245452005674,0.9887847355062054,0.9799667576391317,44.83016353448053,0.9885141937250761
P17,57,R,30.12441960819327,47.683830851508,0.9808097639040833,0.976687678632913,44.177497467308044,0.981942433653861
P17,58,R,33.36703220122732,48.168660453346256,0.9811563862962923,0.9752967984535298,43.421627124193144,0.9828683906354329
P17,59,R,34.35841240088643,48.71333878599533,0.9840978725170954,0.9870564728578728,44.260272794464996,0.9922719869923287
P17,5,L,25.648144914357736,51.56773953943486,0.9587271116560637,0.9780152241031199,43.702230946718835,0.9885863477783933
P17,60,R,28.282624245755148,48.678132252741655,0.9922846787968769,0.9898659156969691,44.63663598255163,0.9915184139092192
P17,61,R,23.437183944769245,48.791985231810365,0.9948904131829699,0.9852774295781639,44.14433906280143,0.990427500374228
P17,62,R,31.464756508879553,47.26402545764205,0.9825662876855539,0.9821889895525617,42.824297527125715,0.9859167608877002
P17,63,R,22.334794322135426,49.07912069175702,0.9715320518970472,0.974211871043889,45.647427084179114,0.9868107185561323
P17,64,R,22.818173933811874,48.937798086773554,0.971725377847831,0.9742713848906428,43.95577626420198,0.983207165152785
P17,65,R,24.412053860265576,48.17591584585761,0.9862756028120425,0.9801073719342334,43.95563803784502,0.9891522452902782
P17,66,R,25.498663696842797,47.663970670751,0.9844526626212662,0.9798646316630989,45.33672805462584,0.991928662641527
P17,67,R,25.964236557179053,47.08553773584749,0.9857981991315503,0.9876792692312624,44.75582497838041,0.9927509738785848
P17,68,R,25.667290060480973,48.752246477288814,0.9846014484733194,0.9869377991559934,45.318643392026814,0.9957660681020964
P17,69,R,34.64265875514704,48.461691475970866,0.984867011235063,0.9844082899283786,44.382046920627204,0.9919796463070727
P17,6,L,27.413318171359837,55.14722158230272,0.969837864952605,0.9629263016947197,46.255637987063864,0.9748674232690737
P17,70,R,26.707454837215774,51.399553191321594,0.992294357021717,0.9880743359358594,44.02891280457602,0.9942834468545103
P17,71,R,32.1867046356476,50.136505105455,0.9903487406722364,0.9894920336754238,45.095387817059574,0.9950461863033933
P17,72,R,32.72796739472748,50.76866809898176,0.9875348760256445,0.9832166149374421,44.78768241624875,0.9888632305668763
P17,73,R,25.950694863823255,51.21909579517887,0.9929057566204689,0.9888062488502987,43.928813716930705,0.9936579548796375
P17,74,R,31.03696858702081,48.16154284379589,0.986818751912231,0.9854757674350011,42.67161366692791,0.9915823871887456
P17,75,R,25.6687021191982,50.443935496676225,0.9788167973611175,0.97793865304238,43.219170592305474,0.985747017955505
P17,76,R,33.82329603722205,48.49466635386767,0.9888594857866198,0.9879928987097415,44.59443331932222,0.9930126296683897
P17,77,R,30.28136531947431,53.27088313993197,0.9846793469348928,0.9784713680240165,45.43771901844987,0.9844286769530549
P17,79,R,33.74690562698838,53.095692717258565,0.98674632613148,0.9835591398549816,45.90934792369835,0.9870827361446207
P17,7,L,26.824791071968434,56.08698263726209,0.9741564146343261,0.9711285564651267,46.13115153185294,0.9787678830666131
P17,80,R,32.620362786889785,52.96762392929171,0.9816622421542587,0.980130544395105,45.460768723152654,0.9792836366890527
P17,82,R,30.845445962994614,50.622421944023884,0.9875187667747531,0.985934725625165,43.39310306899831,0.9903903014257853
P17,83,R,34.35124031729752,52.457034341147036,0.9872859239622741,0.9878778510773685,44.21819713021176,0.9908933049603009
P17,8,L,26.31851698308693,57.160364910846965,0.9712764121493025,0.9684772694655899,47.54336633940331,0.9791340853857959
P17,9,L,31.77250764668608,58.80540311716123,0.9609366433812369,0.969030062117487,48.30559601314643,0.9675087133856003
P19,10,L,,43.70420614635003,,0.9604461698693778,47.61384710903579,0.9840821906557218
P19,11,L,,42.2803935287999,,0.8154218763662828,47.34765261676553,0.9751806819365789
P19,12,L,,47.67656326217486,,0.7925934479136876,52.60000351076997,0.9329058608862454
P19,13,L,,35.17642615984854,,0.9614019806867568,37.735573506105645,0.9886700708597398
P19,15,L,,31.766193246366893,,0.995418405408741,36.69906267603166,0.9897359267925504
P19,16,L,,30.78747934658549,,0.9660715308028753,35.19938946398228,0.8690108222107008
P19,17,L,,32.0250801698398,,0.7785156078436636,38.68900976902732,0.9578562320467967
P19,18,L,,34.68345818313117,,0.9386002717941144,37.04258815943567,0.9286140765753865
P19,20,L,,37.34820514673496,,0.466696145728893,41.19158532895889,0.8689962680760106
P19,21,L,,43.12231266798476,,0.9453909324079758,47.71058035612109,0.9845105905443549
P19,22,L,,39.9468195856396,,0.9953437644262441,44.08361202248621,0.9958683979606471
P19,23,L,,42.34122521602493,,0.9221409501975847,46.82201528474165,0.9567961792727598
P19,24,L,,47.99847027113352,,0.9665039188593495,51.52478961309154,0.9665384371775663
P19,25,L,,47.60251211345224,,0.9891653577542697,50.23372305362512,0.9694106391639833
P19,28,L,,47.8884624651534,,0.9992116864826157,50.86226294576354,0.9932599604709044
P19,29,L,,37.604061726696,,0.9890167866144518,41.80426386008978,0.9715302135018506
P19,31,L,,37.95372513620924,,0.9792716324309461,42.49751594036807,0.9048114799994508
P19,35,L,,43.375389115850574,,0.9532180752210292,49.09562671053983,0.8274280253198653
P19,36,L,,42.68879349005013,,0.9456533609570668,46.72088579369979,0.834746179812709
P19,37,L,,47.70846758687862,,0.807956809925209,46.69579192420288,0.20206548580561842
P19,38,L,,47.99620956003005,,0.9708748416766432,51.19712045338428,0.9252765407320342
P19,39,L,,49.647275439253754,,0.9589517078575581,51.11465538376808,0.8421529787605515
P19,40,L,,49.45174119393937,,0.9704847568599791,52.644263595316446,0.810677819315615
P19,42,L,,52.45536634406307,,0.992986642730087,55.19828472495252,0.9882071127515328
P19,44,L,,52.067342741673784,,0.987112599215369,56.782588507487006,0.9883567236123115
P19,45,L,,53.64836790469458,,0.9728972597465905,55.04456172718558,0.9060547322841163
P19,47,R,,38.435722702970885,,0.6895223820735659,40.78382394927948,0.9350144747728208
P19,48,R,,41.50805298762073,,0.26291568915725266,42.52498255365323,0.9276386006402774
P19,49,R,,43.48164245851471,,0.310093152123115,44.04540050136949,0.9449409175456548
P19,52,R,,45.78493670359748,,0.25481144217680224,44.99583972876596,0.9630756480224144
P19,53,R,,40.391253093778346,,0.7410298072433696,40.760492100364004,0.9540417960076548
P19,54,R,,39.67854743403033,,0.7792274200979569,41.235413373419796,0.9870353729087394
P19,57,R,,38.56518447601974,,0.46178213105875726,42.09298866577039,0.7364974951880913
P19,58,R,,46.96619057378601,,0.8595875101807045,48.47069060448573,0.8431858814506237
P19,59,R,,45.228643473173484,,0.95178392068496,45.97044391669939,0.9129677259576113
P19,60,R,,41.628752526034376,,0.558201453413245,43.06538426965058,0.9317589804818361
P19,61,R,,40.337345790722395,,0.8971562839584897,42.901656387080195,0.47643448675028127
P19,62,R,,38.166575156608225,,0.8817827837120997,40.82388694912046,0.898505347776704
P19,63,R,,40.163706425896294,,0.9633604290263539,39.766588412492496,0.903036561548579
P19,64,R,,47.18548921252725,,0.9695918563141518,47.598600930634134,0.9014740231748661
P19,67,R,,40.71755490107849,,0.2808070355667968,41.53741224504488,0.9454953401953704
P19,6,L,,40.469654232773486,,0.8406701595728294,44.25555826915571,0.888175634336832
P19,70,R,,48.17790309059153,,0.6063530160614431,43.84697162562205,0.8183666359398416
P19,74,R,,40.822577925409796,,0.4985596652488197,39.84022317853612,0.9706196112627614
P19,77,R,,41.71661838159717,,0.09389076429203715,42.05125872997653,0.8933032683568285
P19,78,R,,53.08074995960539,,-0.7178125661058845,46.71409937249772,-0.885721645480676
P19,7,L,,38.560541923653766,,0.5853544431602712,44.39383423502989,0.9694269850234588
P19,80,R,,35.61480604179127,,-0.2877551493393164,35.067509125920026,0.8790664871675048
P19,83,R,,36.15882193713272,,0.4047140927368692,37.80147577600757,0.9092324771852142
P19,84,R,,35.630280832290616,,0.10269857694921126,37.687908405752,0.9002204454079423
P19,85,R,,32.06363937194924,,0.5741495027403997,33.240918777169746,0.8893892968911739
P19,87,R,,30.471688491988136,,0.5455413772365391,32.336342082523856,0.7875844478950603
P19,88,R,,49.14993431930453,,0.43665528663651576,43.233027990998565,0.7686299572034363
P19,8,L,,41.18229063640961,,0.763372973840736,46.37703665464339,0.9836848921314534
P19,90,R,,53.456911159380596,,0.017088738716248785,42.90132155989083,-0.10719066908143327
P19,93,R,,29.647913004161996,,-0.32484399113426843,30.982768695371128,0.7228134945619493
P251,10,R,24.729699479708845,46.04928810547883,0.9308382358861076,0.9828526556772516,31.10986165575069,0.9978101416234185
P251,11,R,22.60071594003011,49.31830178348381,0.9508583243246662,0.9688391876190089,36.62213572933171,0.9878163845483641
P251,12,R,24.510495532365145,52.724935963711935,0.9798005260849998,0.9879000755852163,32.925304067906225,0.9958290789634886
P251,13,R,24.35591180360302,49.53987802341403,0.9815372892500519,0.9867445839692495,31.561804794094986,0.9972474901924715
P251,14,R,22.596134330088866,49.568860081295995,0.44177264073438355,0.9913980267140973,31.240886238240503,0.9988395277812762
P251,15,R,22.69450054537297,49.277004399384225,0.993510831460998,0.996820107650485,30.82100138080049,0.9985620743895646
P251,16,R,23.091300750104423,48.72580254267583,0.9822030468581598,0.9936848212340621,31.15642845697356,0.9989728764684044
P251,17,R,26.541858844220087,48.443566586005154,0.9891176394318043,0.9944991615922026,31.268727378046464,0.9996667398748469
P251,18,R,26.797159660356744,50.27417886714262,0.9380790288757234,0.9910835910586367,31.614772707743622,0.9989925143155898
P251,19,R,25.900157978207005,49.584483990295475,0.9918096746530223,0.9945119946519355,31.819606036664595,0.9993449655305672
P251,20,R,26.311415268742692,49.797866347826805,0.9872863340488498,0.992019513022511,32.12091194117011,0.999239841747553
P251,21,R,25.827099301899253,49.712039297240786,0.973922985629692,0.992780138665129,31.95930228735338,0.9972741628978647
P251,23,L,29.1386145796137,53.6446993765792,0.6910337790477075,0.9411568525742459,37.50310351594753,0.9744988564521311
P251,24,L,29.23015727931475,53.097099619148665,0.9781208301542342,0.9708479666941358,35.986389244118044,0.9932224154815787
P251,25,L,28.679032978676172,53.00232948576797,0.9694753976634753,0.9595819670272202,37.135209071134916,0.9847531440604002
P251,26,L,29.662139020302952,53.177389540203094,0.9664675029212974,0.9598620688550994,36.85120557398105,0.9848907652347906
P251,27,L,27.412184435482526,53.19284089765977,0.9814694483023674,0.96557502801383,36.912743197663076,0.9874507149430997
P251,28,L,27.762399614995147,53.610573363137895,0.963912401813994,0.9722100928740085,36.83469485208619,0.9904301423055015
P251,29,L,28.90376709621352,53.588102814780626,0.904490760183477,0.9479058849168447,36.55569864195565,0.9813967513753287
P251,2,R,28.633920182248428,46.932062043261055,0.9706371769879698,0.9841491585860204,38.410665202823715,0.9952450657200744
P251,30,L,27.812956233810112,53.008601470321906,0.9778672488343109,0.9683289026858849,36.79140005599668,0.9898979155029378
P251,31,L,27.57781176600355,53.913380236783816,0.9712857453555706,0.9696890210718065,36.17554277880864,0.9903068245468116
P251,32,L,26.99613392941628,53.89762964658456,0.9687770614961957,0.972384291081511,36.40621516127669,0.9915862946368755
P251,33,L,27.063089473851953,53.22569459565472,0.9858772047740764,0.9637998521645559,36.602849311076156,0.9870689886561498
P251,34,L,27.16223534278736,53.4078591090329,0.9623371277512771,0.9798179997674012,35.35404703944064,0.9938963368388942
P251,35,L,26.567193185151392,53.35655349665007,0.9794688540097983,0.9628088346318702,35.74908014350427,0.9836667602435739
P251,36,L,27.16048605445623,53.61728533160808,0.9086114603062725,0.9725627102474237,35.776710935963614,0.9890630448988748
P251,37,L,27.182071050489988,53.96168252078988,0.981592494668556,0.9754324282411243,36.056979603566546,0.9919262847305962
P251,38,L,27.26791781329216,53.41888898116621,0.774710370033023,0.9720870007410456,35.8106189935773,0.9900304723471116
P251,39,L,26.45160227843703,53.289180264693634,0.9836656026015534,0.9744215240777429,34.837070044107165,0.9907355919590458
P251,3,R,28.005792046411703,46.96829958922933,0.9790397203731436,0.9826828220802079,37.71311100070771,0.9929317717633362
P251,40,L,26.073619654653736,52.98408328809502,0.9737227391082334,0.9756011026857877,34.895998417317664,0.9923639692864249
P251,41,L,27.40327238981533,53.1671375292549,0.9487843839790918,0.9669790716893506,34.99793930919076,0.9853347876091252
P251,4,R,26.880896073159413,46.485141582409554,0.9843806022465139,0.99135264976925,37.700166322926805,0.9934668038692352
P251,5,R,27.72607735358462,45.23838632140952,0.9819531903252043,0.9927565826261564,37.57736293657312,0.9940126589620855
P251,6,R,28.573884514583234,50.81629067826101,0.9895942768560358,0.9972052495768368,38.96803825745522,0.995402146607959
P251,7,R,25.584521600022562,45.206007678514204,0.9849804294172041,0.992338976509866,38.337683768386945,0.9962690318187628
P251,8,R,25.835472014643656,45.42650650900866,0.9840942238235588,0.992718499886737,37.22297637729405,0.9985874528571261
P251,9,R,25.775598309303756,46.718475845382855,0.9811625318558164,0.9918691614703105,36.52656592498264,0.995566095061723
P252,43,R,30.162454774528882,43.313794318352755,0.9881011244639233,0.9929091202996009,36.39173105606946,0.9966903745843299
P252,44,R,28.43314060552338,48.153712348395516,0.9937225005181641,0.9903621342498218,38.56102304568675,0.9979840517273041
P252,46,R,26.550900463608798,43.3730888343463,0.98174159787042,0.9923805238844107,35.4198883087784,0.9991354918974107
P252,47,R,26.322511637483476,43.907942558089374,0.9963352304420195,0.9959776108014976,35.39391698215328,0.9981661276671648
P252,48,R,25.99906767010817,43.11744858318908,0.9938012314443692,0.9968925633628298,35.072698030131825,0.9997631077326348
P252,49,R,25.20130216441779,42.05519683268216,0.9972808867896467,0.996764316532,34.453143965784584,0.9994363382759439
P252,50,R,24.68140199685798,41.980280636240735,0.9911622194999008,0.9927533901169343,34.517224863897475,0.9955730831455827
P252,51,R,24.027897292674684,41.01117263890258,0.9985498046645591,0.998092897350129,33.873860403237465,0.9977130502212125
P252,52,R,24.601394007798635,41.29769126964973,0.9942212636965585,0.9951904740752318,34.10079676487494,0.9991575420200342
P252,53,R,26.07362869902787,42.72519734214071,0.9949289878011086,0.9980045172249743,34.010839048211665,0.9990656233617645
P252,54,R,24.658337960742955,41.44442703498595,0.9976407992349049,0.9972339363567353,33.162227562295406,0.9989579139851013
P252,55,R,26.242351982093925,42.643565693313306,0.9930914680918586,0.9948574105310773,33.36626683285971,0.9989486036700921
P252,56,R,25.557020760763862,41.797148975637555,0.9942403607939204,0.9945490977924032,33.15891235109102,0.9991054034748834
P252,57,R,24.937581845613792,41.9810536869351,0.9925836522138246,0.9945178254727209,33.05793983448252,0.9986635681128121
P252,58,R,25.823682186707845,42.83300388219724,0.9943244624985413,0.9955142616472061,33.47153100493972,0.9994538526841399
P252,59,R,25.38925785728645,42.28701237294541,0.9964028759855205,0.9978804889858088,33.80987694017267,0.9994440090486959
P252,60,R,24.975930414228188,42.514314605631974,0.9964887568594206,0.9966491613993861,33.42592362024946,0.9980333353587021
P252,61,R,24.358272451555564,42.23925866653128,0.9976141138344553,0.9958409947659548,32.82923364993807,0.9987971987474982
P252,62,R,24.47515940353242,42.15924089889774,0.9944316794438803,0.994911282687891,32.82993345436226,0.9986583955169442
P252,63,L,30.813353677642034,48.01203811951893,-0.8832101445090837,0.9620949762149246,41.39507285203409,0.9786563317690349
P252,64,L,30.5752174616262,45.82423875946764,0.9982496623821693,0.9665862923360394,40.66209436542107,0.9864427389698376
P252,65,L,25.543659232601986,46.47628964546715,0.43228858299141626,0.9801309022770256,39.405346336645025,0.9931741717855365
P252,66,L,29.827555125808324,45.65284771543982,0.7437438519451058,0.9811874685023054,38.88266821739797,0.9933584714337043
P252,67,L,29.21038230942499,46.473108905085134,0.9940465374051524,0.9806631636010611,39.741120509084176,0.9929430183187966
P252,68,L,29.67153053936127,46.00986156967394,0.4567952926139667,0.9795818309365308,39.35829827520234,0.9926335899840505
P252,69,L,30.009734337698585,45.93222432398302,0.24528959521416555,0.983775780679692,39.41866735104192,0.9936587996289374
P252,70,L,29.616109058031164,45.277323283607025,0.998298923215115,0.980769334577465,38.854664544296874,0.9920360365123474
P252,71,L,29.563153052013693,45.143894261631836,-0.9325108635081394,0.9838279199805531,39.63295840770328,0.9944244737912946
P252,73,L,30.5018589807263,45.75906512742804,-0.9720937832913576,0.9847848561097333,39.37071836863069,0.9948051127194639
P252,74,L,29.337593311502232,45.40952874409473,-0.9485554072885842,0.9836920939038062,38.89273959522915,0.995563322203445
P252,75,L,29.27900501515306,45.701518995003426,0.9988619159148404,0.9844355825947825,38.67381141607193,0.9955485421437772
P252,76,L,27.87236941825576,46.13500619699299,-0.9499612605818075,0.9818474113505983,39.367203500524184,0.994481338665414
P252,77,L,29.708085543597136,46.613272125210855,-0.8616607752889016,0.9813400447686406,39.682052644161466,0.9927680922940061
P252,78,L,29.003536694452283,45.837913990036334,0.997848757634881,0.9839802918997183,38.37242634609376,0.9942078478013396
P252,79,L,29.685931987258105,45.93096480932906,-0.1493450813592418,0.9795887907097345,38.20275756035385,0.9933688146084659
P252,80,L,30.570398678095756,46.1680399444979,0.9953016598446481,0.9817784651768872,38.392697398293365,0.9933836141108727
P252,81,L,28.41250138131562,46.07161810898326,0.8434010861773843,0.9806512525454576,38.48228379824642,0.996052456383414
P252,82,L,29.240106933658563,46.74295548678342,-0.794974259263924,0.9831162247882739,39.34097653265548,0.9930314564858573
P252,83,L,27.474624350294683,45.98593835386533,0.9998301924779429,0.9746674241578104,38.34590813375872,0.9912090131435555
