part,cond,amq_std,our_std,lean_std,amq_vs_lean,our_vs_lean
P07,unaffected,6.135090717986086,7.227340324827228,1.3717251058567044,-0.9720169715168121,0.9942341001005346
P07,unaffected,6.4325514255642275,6.654316458597506,1.012029786693255,-0.9527631445552625,0.981112510954641
P07,unaffected,6.609352719014551,7.097078820338547,1.0296823149684833,-0.9924340312283514,0.9751500284723336
P07,unaffected,6.6622303484620415,6.942779381298899,1.0990318459380075,-0.9952420203370046,0.9909800031212923
P07,unaffected,6.667489364654948,6.718904027271507,1.2720270703384529,-0.9319381904823275,0.9711965058529488
P07,unaffected,5.667971721020784,5.980853860860275,0.8290521514920645,-0.987300573552817,0.9869460940672813
P07,unaffected,5.95014193868679,5.975876441595126,1.0063712061052612,-0.9554872886958594,0.9842102472882468
P07,unaffected,6.086777604267436,6.615312524385925,1.0404200440024944,-0.9173364888497147,0.9643741202717567
P07,unaffected,6.404367888119585,6.5076554393424955,1.2687518357198355,-0.9146468688635612,0.9645275549766039
P07,unaffected,6.408571823000999,6.459938274069839,1.1300721985201032,-0.955571204225566,0.9877116595235691
P07,unaffected,6.261135133489729,6.08085522860247,1.0279072886713871,-0.9627899513405964,0.9879610956336066
P07,unaffected,6.557577405749241,6.565586889039341,2.2398265820340617,-0.8852059551603294,0.9797234405012258
P07,unaffected,6.762660964805286,6.546110663418034,1.0869721083658888,-0.9489273662023512,0.9777240083151985
P07,unaffected,6.7391442697677695,6.584026873377001,1.114951567282031,-0.9663688761581141,0.9875593436140361
P07,unaffected,6.824372688166851,6.558882736525184,1.1093177611114473,-0.9576545680723902,0.981320076964605
P07,unaffected,6.501472126381514,6.356261124757964,1.1483845891044884,-0.970458372396306,0.9815199267360115
P07,unaffected,6.305287713989569,6.438597461684707,1.1129752931024617,-0.9709185172816731,0.9885943795017405
P07,unaffected,6.562398732225128,6.45257930766398,1.0520147428654705,-0.9602404168306429,0.983832279440436
P07,unaffected,6.605993663919727,6.328850627171696,1.0854360689337763,-0.9559448559235774,0.9820874391211514
P07,unaffected,5.9601145626093945,6.1286201964691225,1.4565310608467674,-0.9118968020233038,0.9642447722945532
P07,unaffected,5.865123928636066,5.922731589302848,1.1171966761485892,-0.9682109697397735,0.9903032638818974
P07,unaffected,5.913916597375454,5.777994154652603,1.303705420850645,-0.9433376715484679,0.9826903593455727
P07,unaffected,6.999025656430561,6.344068040161907,0.8418294779176164,-0.9404890576096424,0.9630475150122328
P07,unaffected,6.101129833656166,5.904616258041127,1.2537670433228973,-0.9650083182768251,0.9877859023416338
P07,unaffected,5.6776245888757,5.756404305017594,1.203939779045534,-0.96099980470174,0.9885529866595425
P07,unaffected,5.837444879240089,5.364549305418733,0.6397532394763435,-0.9184618419364867,0.9404469749461948
P07,unaffected,5.749559481719146,5.43471421670982,0.35614491404181514,-0.9184573655351324,0.9419654830206105
P07,unaffected,5.187790908704828,5.609410703163425,1.3776239843751321,-0.9926175855592602,0.9939445049369722
P07,unaffected,5.841574755065466,5.412321552648639,0.791835393251733,-0.9616147287726924,0.9845461278483468
P07,unaffected,5.90700388144363,5.789652262241298,1.1477200524329005,-0.9547904479305076,0.9809181497793369
P07,affected,1.8717900228404012,3.2859138712865845,1.9488140449601243,-0.33654609912152605,0.8556854888178949
P07,affected,2.45941375537646,3.6583174720204945,1.063503653984385,-0.5157841398292069,-0.10765988313715126
P07,affected,1.741410686005797,2.4964218626060988,1.1725735290919326,-0.004546760796764324,0.18780860887810705
P07,affected,2.0188903433430623,3.5364018349719575,2.1048839952911464,-0.49050218754426694,-0.7141811203846241
P07,affected,1.9550938752880627,3.5221126434274934,1.4311027518735397,-0.4626235569641074,-0.5807322338800129
P07,affected,1.7131873873871357,3.3215519593325493,0.6804171503801644,-0.3163987889286558,-0.3798291406578681
P07,affected,1.1756763474338938,3.119130051417462,1.6034582971114304,-0.5345490740915445,-0.7718220271390006
P07,affected,1.756537367406777,3.2799742007683546,1.8147315328198583,-0.3875407562660554,-0.6220387611134656
P07,affected,1.833860146693081,3.7663372695497035,1.4703923011812612,-0.5392562577814475,-0.15055791007762157
P07,affected,1.5592949180088058,2.9101486530222997,2.078270633217088,-0.5413813472831133,-0.5290882141737482
P07,affected,1.6692233227714202,3.0188904028825494,0.8847214137408211,-0.34039145096012596,-0.11750208885372046
P07,affected,1.8286862186882182,3.578865959096933,2.0676568599195146,-0.4964550147174352,-0.6045245908154047
P07,affected,1.6157102705145472,3.6569542179155543,1.0998546417800015,-0.274545377706871,-0.4195306055943868
P07,affected,1.5375161713262604,2.0769065641698696,1.7194063644648365,-0.7189028347635715,-0.856608620434146
P07,affected,1.6852052417711727,4.098236025127519,1.6362169555605353,0.22662776110133442,-0.7613969359504396
P07,affected,1.0396938900152903,2.84107457218517,1.0550100161541343,-0.5313062078734476,-0.6502895351547163
P07,affected,0.8620670297254848,2.654717070529892,0.7558815638883859,-0.18325810602917247,-0.4552093171647188
P07,affected,1.4865549561812796,4.221460206735847,1.9174472703457208,-0.223351541002161,-0.751598395710264
P07,affected,1.5103528494843395,4.561508945636282,2.292632539031333,0.17979114165435028,-0.8006906708663065
P07,affected,1.416057634985817,3.180469566960175,0.8876103214058453,-0.4751308981915248,-0.3706655434746936
P07,affected,1.1059031232342236,2.6330722047155155,1.7395531380895106,-0.36035890939292825,-0.921476758357252
P07,affected,1.1104949443925123,3.236928396855403,1.833058845860606,-0.13097758898806122,-0.7954758786785363
P07,affected,1.1937866932136052,2.8797902502768697,0.8813850952928673,-0.34760165651159625,-0.7982799852621015
P07,affected,0.9926436039079273,3.469755088868443,0.6402618309177542,0.19867990213161785,-0.8671371897968391
P07,affected,1.5155240598588298,3.4546370750380753,0.9644236973930949,-0.17167994037799497,-0.4832570791100304
P07,affected,0.8821700907421441,2.528596196041752,1.8606398939718924,0.4220234300076124,-0.9893827321860595
P07,affected,1.0390616605167584,3.912558715608056,1.5881489739911854,0.21962234120980137,-0.8235829142625652
P07,affected,1.0429998103425793,2.0911752549787184,2.088481383647804,-0.2276947132658104,-0.8052574969707523
P07,affected,1.2195739514965784,2.2657643366769173,0.932973046562979,-0.6214852174964083,0.370635061339128
P07,affected,2.470070315883487,1.8093036658404429,0.5421898426030207,-0.562301673643437,0.7344755093822141
P07,affected,1.2971362803077748,2.605713586646592,2.330422796385652,-0.5097580743610356,-0.9019258537773907
P07,affected,1.4178865065705857,3.81905959460958,1.2710360760332202,0.46314568506781095,-0.8181401001243003
P07,affected,1.4116960333934185,3.7558692854804456,1.4788132175486557,0.28200238244037173,-0.7506276791821398
P07,affected,1.1116184625325254,3.4895689609893092,0.8558110447895074,0.32361549061064904,-0.7856454112466347
P07,affected,1.5373587578335233,3.32407501633547,0.797733151654413,0.023719521631909393,-0.4935582708123956
P08,unaffected,6.667057954683168,4.225858552823197,0.18917732380911337,-0.4811951277808148,0.4866818662693107
P08,unaffected,6.04014488794543,3.6032500312153317,0.12541649512104558,0.7493909671037667,-0.7465741317758074
P08,unaffected,6.255308476765858,3.688419944219536,0.10799188088773524,-0.5426060199246954,0.5475203771711677
P08,unaffected,7.579799050623275,4.589377102626264,0.16707089031317,0.17511820456501687,-0.18988522217190998
P08,unaffected,8.028161609087789,5.1187705223475755,0.20885747400633464,0.7694511347148519,-0.7691829412058564
P08,unaffected,7.681038526153431,4.707502380938864,0.3083546995702913,-0.9187493764253244,0.9108738594822002
P08,unaffected,7.152767305363797,4.161176499167174,0.21911509061838425,-0.5412734166664603,0.5273535797476039
P08,unaffected,6.286008314755641,3.572105816762524,0.5646003490197612,-0.8761580012443877,0.8731910595211294
P08,unaffected,6.12317899611475,3.3923121985494635,0.6023575832981288,-0.875459381738894,0.8778895223090449
P08,unaffected,6.389476882665618,3.6615214287675544,0.6502783845351288,-0.8383584823591745,0.8370724202755666
P08,unaffected,6.898048493699613,4.1383538802815,0.635871501665639,-0.9740174291832806,0.9755500169167753
P08,unaffected,6.370143508751061,3.581108603383499,0.34542606843810825,-0.8778900468258455,0.860803514449712
P08,unaffected,6.19758282086571,3.508876184262196,0.4856931672893131,-0.9216166266383755,0.9411434188711589
P08,unaffected,5.816230773553633,3.1285569458908067,0.5445143604198116,-0.8597997582751085,0.870315587749463
P08,unaffected,6.316633153987451,3.2584562992396724,0.609168699302693,-0.9201037330809138,0.9069768952070077
P08,unaffected,6.09650960082768,3.3169178032197983,0.6277668310509088,-0.889069768057724,0.8799377303684637
P08,unaffected,5.677380691277992,3.1439511035818266,0.3382429049196811,-0.7663877007719961,0.7655107532878554
P08,unaffected,6.470224633004819,3.8073875188860344,0.5031395555009749,-0.7767931108932559,0.7804756710958767
P08,unaffected,6.206746495650688,3.6550451577001226,0.3910111809954664,-0.9152337209588961,0.9321615461634661
P08,unaffected,6.438037130813589,3.6378356670034573,0.4661485963893263,-0.8977217292023475,0.8851122310089135
P08,unaffected,5.493806032384427,3.155203289015159,0.5185342552355244,-0.892816790769481,0.888632057889503
P08,unaffected,5.510471120760251,3.196970868978929,0.45168310395140443,-0.6857798003047423,0.715324006406256
P08,unaffected,6.449745349748116,4.095113215152623,0.240487491766738,-0.8171481499090728,0.8188383424084684
P08,unaffected,6.190851090612043,3.776022211504215,0.2795146703057017,-0.7959928117073747,0.8197941612219087
P08,unaffected,5.965257735856376,3.6888525783797417,0.3824465417619126,-0.8255545800025768,0.8151302781339465
P08,unaffected,5.919477095981226,3.7065171430905712,0.5521208161058418,-0.9230583499406733,0.9230913899014178
P08,unaffected,8.122835993612131,5.177358111065312,0.5163866317960634,-0.9343306657430158,0.9339772157814955
P08,unaffected,5.97314777305638,3.8984349453198526,0.29669836090074386,-0.7935408811512955,0.8145404541152811
P08,unaffected,5.696076775353902,3.5217446798180214,0.4347355843741542,-0.9239678441556988,0.9276760442156988
P08,unaffected,6.274557656385701,3.7063487759024016,0.37331127939455067,-0.8746650229850769,0.8679538376683462
P08,unaffected,7.042825710579686,4.330053535983134,0.563731443901707,-0.9271790483188336,0.9254746661465864
P08,unaffected,6.5747789026410555,4.12646115281358,0.43469534522732234,-0.8879128503768318,0.9003164390310844
P08,unaffected,6.581800790459092,4.157049434581025,0.4521799115818073,-0.90491527442665,0.8881455256122937
P08,unaffected,6.232145596950039,3.898851682679836,0.5171101837617333,-0.8722433903117025,0.858813167034798
P08,unaffected,6.236158398902545,4.035338872856243,0.33480220795961385,-0.9402426298284441,0.9430998542534405
P08,unaffected,6.462153654306476,4.266881880697296,0.38619287427148974,-0.8102827344154871,0.8020057345712621
P08,affected,4.106848889929877,3.056642389440676,0.8694553401004546,-0.6585870859149451,0.7690852353633307
P08,affected,5.967573352241742,3.796846905357169,0.6752540099037548,-0.888663544360698,0.846025624930434
P08,affected,7.200213988649402,4.93707985009806,0.9291649229149838,-0.9192499820693205,0.9039997463896396
P08,affected,6.612178165048248,4.481125246589476,0.9705057245857264,-0.8683353870257539,0.8396541938508167
P08,affected,6.5842699329583265,4.235450429212604,0.8923276339487526,-0.8604956996542089,0.8336847362081388
P08,affected,6.150600021372892,4.223483187541169,1.1935611474886938,-0.8492975412461019,0.8477720652066778
P08,affected,6.6163184603484435,4.592542131028118,1.0122265748506591,-0.814996618922043,0.7972100515462726
P08,affected,5.99796618169979,4.265306451417747,1.0208741168491033,-0.8033884065518254,0.7880207415442149
P08,affected,6.455635528044702,4.53396468827916,1.2171628570272905,-0.8378264993174809,0.8237104975219239
P08,affected,6.419227147803391,4.262220749151936,1.139232263816693,-0.8344469605766,0.8246006692258043
P08,affected,6.342608746978121,4.5888066339046105,1.2074077923284792,-0.8680119175683342,0.8673715189356002
P08,affected,5.916351258879961,3.991344525840625,0.9302479589820255,-0.7900090063547516,0.7777403862083728
P08,affected,5.3210703819727065,3.368357233017702,0.7968183828086243,-0.8108419651472953,0.7640939526277862
P08,affected,5.480902137993753,3.641709146188149,1.0317431391934664,-0.8125796435127645,0.8112046196837396
P08,affected,5.829741848930945,4.032634193308942,0.9765652205438723,-0.8678739078930982,0.8476867037519952
P08,affected,5.973782179281896,4.238174523839666,1.0605523336598877,-0.9090963790544878,0.9217308491366835
P08,affected,6.036896009968934,4.052203528410283,0.9704858196307901,-0.804952951689486,0.7683474306319256
P08,affected,5.857329858006809,3.830888923735228,0.9740597610623677,-0.8254859276066034,0.7843965369523953
P08,affected,5.67888095639865,3.5021628327771044,1.2703341340558727,-0.8237587158063026,0.7776150332431806
P08,affected,5.630420235555787,3.630644245401878,1.383692945368405,-0.9066149630574777,0.9297525903959853
P08,affected,5.333765608729556,2.9637198646825005,1.1364649943847074,-0.8822206854417054,0.8755217876080432
P08,affected,5.3782513432412085,2.95430152739802,1.2881320237222014,-0.7637204341110748,0.6262943315386199
P08,affected,6.471955595475727,4.131897071310751,1.232327841953929,-0.8289803272322553,0.7948788230682519
P08,affected,5.564625048438256,3.7742126065428607,1.5480675398856185,-0.8225857655506991,0.8025693209954826
P08,affected,5.917620960131807,3.6875603603609353,1.6221383191224472,-0.8256265098029805,0.8118740041130961
P08,affected,5.953852786623109,3.9113877772933807,1.4081148453155312,-0.8004516391052373,0.7747687702790462
P08,affected,7.137941080374722,4.562370946125897,1.2349615911644758,-0.8359920110763226,0.8044542613086023
P08,affected,5.754912566395825,3.517967941080212,1.4895643274102601,-0.8023013659977886,0.7621978331425295
P08,affected,6.06019713763726,3.7166012166550693,1.379507259650715,-0.8826507937505165,0.876916060856106
P08,affected,6.273940865596928,4.0544731612744815,1.1885842313993014,-0.8644356374268471,0.8750085105914119
P08,affected,6.382401403795922,4.1195542177657165,1.2605782082528247,-0.874773907160131,0.8549230858522466
P08,affected,6.246069240994166,3.7234087795166926,1.2330128418473245,-0.84403494655365,0.81574096023153
P08,affected,6.35586659692332,3.937715045720778,1.1532268881715177,-0.8320067944504308,0.7810427012170894
P08,affected,5.570659004248227,3.48149577756473,1.3659684431084202,-0.8552079309212606,0.8561494677626278
P08,affected,5.482565762008165,3.01033994802835,0.9606335670844154,-0.8226546496116154,0.7200127989779523
P08,affected,6.383398391047827,4.392413660140098,1.1054138163538407,-0.9654771780174032,0.9748991269102173
P08,affected,5.770997926598414,3.8612812608409275,1.3417844545573763,-0.7915356424062403,0.784042875416375
P08,affected,6.770436422427139,4.6991708199658255,1.3370243014076255,-0.902336209531963,0.9026089220881152
P10,unaffected,6.080536471641521,8.611979707105906,2.007689840125348,0.10873470143481526,-0.35263456616714334
P10,unaffected,5.25869893231785,7.962644932391839,2.6878586709948955,0.7692732503313876,-0.8764590528007787
P10,unaffected,5.328459433460876,7.960648734403123,3.0629449477864465,0.7651549495796186,-0.8852036337472368
P10,unaffected,5.418578816968229,7.951534246339152,3.1185809394174613,0.6974087601476934,-0.8568966525903232
P10,unaffected,4.8183175520491694,7.864156485825886,3.699333656340751,0.7689478275955611,-0.8925369264320789
P10,unaffected,5.1402749979517495,8.763118520136114,3.941718419679686,0.656326612000817,-0.8694957749939415
P10,unaffected,4.88720175951624,8.235801437357525,3.7090474052275892,0.7473898164730414,-0.9020671205912022
P10,unaffected,4.987467036203781,8.275807792486756,3.770450581820893,0.8243175583147244,-0.9383582250520415
P10,unaffected,4.346947789288231,7.321135855428879,3.468829835660273,0.8336066795591272,-0.9353633660704266
P10,unaffected,4.632722009293262,7.4283097684737465,3.3835789253812583,0.8231280454922711,-0.9258999335061969
P10,unaffected,5.224182550967292,8.42547212223707,3.337300575938347,0.700474327108349,-0.8547004543697424
P10,unaffected,4.6787097872967545,8.919688237887232,3.956545914780845,0.6063347037839816,-0.8390127356260668
P10,unaffected,4.536518889008987,7.896594149920925,3.137531265790781,0.6302944519387859,-0.8428565571440858
P10,unaffected,5.024727741286003,8.436895017147094,3.664900274465337,0.7606751864836097,-0.9073948042479895
P10,unaffected,4.2617539441080865,8.1030847350937,4.154404585415967,0.7589938453008412,-0.9249781385329044
P10,unaffected,5.307779453814822,9.185002726449072,4.625720670107851,0.8022997731933073,-0.929871925887039
P10,unaffected,4.1899145339758626,7.581199599439028,3.925598255034288,0.742457613067403,-0.9228209703198746
P10,unaffected,5.247547869219392,8.687097750056205,4.105755477196388,0.7836166755281799,-0.9214968251521609
P10,unaffected,4.7038352912904084,8.003987652653217,3.8927216522988406,0.768826198951285,-0.9172939324408002
P10,unaffected,6.4681163797124235,9.38925249427556,3.7570150186350832,0.8578253352778092,-0.9528131704922447
P10,unaffected,4.514932060309817,8.962568018009348,4.500334680908338,0.6666679775498483,-0.8839152738531751
P10,unaffected,4.385614542944531,7.867887221141536,3.536515976968508,0.6727706295704459,-0.8779185062409656
P10,unaffected,3.462430059650262,8.201096213095509,3.824226804283906,0.5277608817981723,-0.834589453898802
P10,unaffected,3.356873717835268,7.118603985292309,3.8253724599162466,0.7909653009020078,-0.9452169724855436
P10,unaffected,3.6343577654954915,7.203895163532614,3.1947846666550497,0.6391680960020335,-0.8206568118056337
P10,unaffected,4.282964417667884,7.9795853138499755,3.625268930137447,0.749142474804443,-0.8939974854549825
P10,unaffected,4.269682760271217,7.882679818924591,3.3474025390528657,0.7133020759382845,-0.8639768982501558
P10,unaffected,4.479031757364991,7.966666402901776,2.8889346043919413,0.7107189914339784,-0.8603830877428355
P10,unaffected,4.576733315544589,9.894413259856623,4.356517180075385,0.7741359666287064,-0.9240881571177333
P10,unaffected,4.399954828038636,8.296684291270527,4.134740910212194,0.782110555564729,-0.9362389506257004
P10,unaffected,5.064457997820541,8.410743651302706,4.008773638628732,0.8383782227752691,-0.9363823985443693
P10,unaffected,4.312332553112248,7.9091080328266905,4.189958289087142,0.785184945701618,-0.9374037182830367
P10,unaffected,3.624340102779315,6.96585514956812,3.52157391918312,0.7504098626709035,-0.9258086004867224
P10,unaffected,4.140983074275993,7.362174934942911,3.4655192131929544,0.8299417521105135,-0.9462963822550706
P10,unaffected,3.864797824991495,7.179727858184292,3.949097130038708,0.8686726621699098,-0.9532226040314535
P10,unaffected,4.250691945353561,7.541106073431601,3.7098906795245328,0.7795042373013918,-0.9204177592175563
P10,unaffected,4.9514158874165295,8.3046284574254,3.455356367824955,0.8652173794575606,-0.9489974274626043
P10,unaffected,4.757228506903872,7.824709903833297,3.2653133948751343,0.8492617272208874,-0.9340710769305984
P10,unaffected,4.4340371891967605,8.001554280370831,3.7555592513241502,0.7497365266197381,-0.9036227044979941
P10,unaffected,3.8618217025266395,7.340708100780424,3.1441130558008656,0.7890014098582587,-0.9179226687971117
P10,unaffected,4.6977543842098095,7.764856379136174,3.1653825960261,0.7912472812269883,-0.914362139140298
P10,affected,5.057057422190157,7.185259772230308,3.764365937682949,0.7918669840159271,-0.9272019119899335
P10,affected,5.454457297566356,7.559405943247601,3.777955593190073,0.7295744616453741,-0.8674773075918193
P10,affected,4.309211184811306,6.563297017827383,3.8910662779316616,0.8030333128693659,-0.9277506541704331
P10,affected,5.775108103354568,7.703351977041525,3.5247689748009603,0.8196321277700775,-0.9096412699705773
P10,affected,5.429757523657199,7.7031235162969,3.684074656410593,0.8247963819599823,-0.9258027036450487
P10,affected,6.351428876257304,8.407455031347062,3.345965273047866,0.847214834087225,-0.9241072486244581
P10,affected,5.431001484330043,7.6605104809040965,3.380081751654729,0.8787809440647713,-0.9521421508630463
P10,affected,5.537508927246338,7.4093138077369325,3.0383074157317855,0.8522995317498854,-0.9300094309807307
P10,affected,5.329525104731984,7.285774266475973,3.1443209482681556,0.8328473603983058,-0.9260027999148449
P10,affected,6.309257930244579,8.00035013111805,2.8032871074100116,0.7785403664063583,-0.8782340615791229
P10,affected,5.344338596184058,7.644514891312926,3.716569884543156,0.7884678789443078,-0.91659955037106
P10,affected,5.486010734690411,7.590925725725672,3.3574694515467067,0.8718748722295947,-0.950052760774679
P10,affected,6.018036293906441,7.98590603541729,3.3108541704600127,0.8740139529444066,-0.9434735783863635
P10,affected,5.824796803937797,7.799658810657715,2.8395166821779663,0.8618249458127342,-0.9353227413827498
P10,affected,5.211521649207985,7.301885269035688,2.9713566017677375,0.8297284657104466,-0.9269271227062976
P10,affected,6.023364633135584,7.877040616978501,2.846167847042806,0.8420813909724653,-0.9197824107853833
P10,affected,5.223255166285814,7.6186202548340995,3.5259906258850067,0.6832069586210807,-0.842474555636759
P10,affected,5.1048202926281325,7.11661585515588,3.3335294441378327,0.8336499375446943,-0.9261827209888303
P10,affected,5.191811919247769,7.286025609416101,3.382882419951069,0.8408072004099792,-0.9316385103213836
P10,affected,5.33658897250208,7.003046540203657,2.9495888921579567,0.8438191271566764,-0.9232130103375968
P10,affected,5.304490218434288,6.875404145416326,3.020837959731067,0.8319275956134943,-0.911865776035788
P10,affected,5.179359647462404,6.918130675451377,3.1477280646179717,0.8391497941450012,-0.9224545029815634
P10,affected,5.35204826668663,7.282731015815219,3.0606028293300467,0.863653231227308,-0.9358536052791829
P10,affected,5.08745004201689,7.131235402109937,3.4744413624059987,0.8306696083880167,-0.9272616876566669
P10,affected,5.238408105854081,7.299280823711472,3.214414571640775,0.8879135900485704,-0.9532538095057651
P10,affected,4.856283074447586,7.082416439504776,3.1761567667601405,0.857183419350065,-0.948694289417087
P10,affected,5.453930318879487,7.143311429344777,3.366079363437171,0.8425271890343967,-0.931343740677614
P10,affected,5.840589463183711,7.401958049670416,3.0867978439390207,0.8018764685136113,-0.9025860809721277
P10,affected,5.6746159906668145,7.3261755270729,3.274421067819855,0.6857237249318695,-0.8332511850014449
P10,affected,4.886640037818265,6.975456285208698,3.3929339714479485,0.7731904118556409,-0.894552510687295
P10,affected,5.8588535577942915,8.058243321804492,3.885297195081658,0.836178227633664,-0.930442380890187
P10,affected,5.635318675081053,7.83912120065805,3.6822689903127115,0.7693967436094179,-0.892521989624306
P10,affected,5.743183730917051,7.601027152758153,3.1272443725223087,0.8166090706371765,-0.8984738440822947
P10,affected,5.616948243818738,7.730769877886641,3.259078108117675,0.8804928232513087,-0.9410891103794892
P10,affected,5.726611063494543,7.508070025262874,3.018137420175081,0.8589712525948819,-0.9268961052447909
P10,affected,5.929442869966026,7.822128522085122,3.170874778409162,0.8459026947922154,-0.9256300919884061
P10,affected,5.552574917796228,7.381786862863345,3.0096171803121887,0.8220370244496868,-0.9055708760468653
P10,affected,5.26901434555331,7.675407770561945,3.320211989384515,0.842620879978678,-0.9412755530215527
P10,affected,5.516390481768286,7.904122527514311,4.251235297923377,0.8108052502756711,-0.927392835362269
P12,unaffected,8.806414490329082,7.762293490839276,0.6251201077922152,-0.92065384601489,0.9481095769283192
P12,unaffected,7.52976176514127,6.913600145878289,0.49969168566439354,-0.9691054085345606,0.9839253109941797
P12,unaffected,7.216590067566971,6.848853610777625,0.4204158042722177,-0.9565973913808273,0.9639302304733185
P12,unaffected,6.778101579838811,6.709729652701405,0.381744307143302,-0.6909918010870231,0.6293633785527265
P12,unaffected,8.359237784137434,7.7582664512232,0.613962835262982,-0.8313837689272792,0.8642485762100187
P12,unaffected,7.259314331639436,6.458627086777206,0.5873734691605743,-0.9161145046185988,0.945168449644087
P12,unaffected,7.8252855786659286,7.089555490687803,0.6514071807364767,-0.980353458439272,0.9838394931813652
P12,unaffected,7.18945656891043,6.246249137789269,0.5944584843879229,-0.8854658719413789,0.9266694082233429
P12,unaffected,7.299421391104366,6.713950620575858,0.280576199969589,-0.7520404431715455,0.7130807355320933
P12,unaffected,7.95776159335816,6.933071665512073,0.9135522958577363,-0.901316674722562,0.9423080405670959
P12,unaffected,7.4885529426012125,6.775700409409143,0.6571721660171077,-0.9379806391530199,0.9620587625491562
P12,unaffected,8.138662105329063,7.158732955946984,0.8528773494965324,-0.8556822181082346,0.9090148790239816
P12,unaffected,7.613010900019697,6.719517084405689,0.5894232563506439,-0.8594695175416275,0.9035042072027893
P12,unaffected,8.103854698965142,7.081698125222258,0.7499157844619646,-0.9220791672359879,0.9536317916286317
P12,unaffected,7.186714291307515,6.345771386040935,0.2824224464352347,-0.8592661229774422,0.890792818700675
P12,unaffected,7.860638858863197,6.829713058408462,0.7758343418571392,-0.9061548225090621,0.9433840756051912
P12,unaffected,8.241221601488311,7.198014876185165,0.5478941604400684,-0.9331517882468803,0.9578020407612696
P12,unaffected,7.975715672828463,6.737503305424117,0.7416743563117987,-0.9260246014359219,0.9513104738538097
P12,unaffected,7.9052663984903,7.191390259384017,0.4256398334943894,-0.9320895379329334,0.9553442448191587
P12,unaffected,7.759956334225607,6.915810992961519,0.550962716543255,-0.9598200063364845,0.9783043521939963
P12,unaffected,7.9592167082481105,6.982028965856723,0.503827928276498,-0.8288884042798311,0.8567363836745125
P12,unaffected,7.376962765734694,6.6755251558697655,0.5481973138059015,-0.9678732523704859,0.9833917172367713
P12,unaffected,7.931258853505351,7.247234189890847,0.3524345329143687,-0.9523543480173985,0.9678359001543891
P12,unaffected,7.442693703760544,6.783567545303847,0.36815590450612407,-0.9555207896374958,0.966010750626424
P12,unaffected,7.995615526851982,6.968093010702979,0.6336483621420486,-0.8763775864603415,0.9114863011764514
P12,unaffected,7.29111528294518,6.31179523300664,0.7145912507847099,-0.8933780860526944,0.9157385845193313
P12,unaffected,6.856290933225739,6.452525784725602,0.36430394823538725,-0.9286273037780397,0.9312964324104109
P12,unaffected,7.008793566143412,6.204750137267516,0.683918497392898,-0.9425287162153283,0.9681080068052333
P12,unaffected,7.679075157033658,6.6227676747119615,0.8797020379588645,-0.7731051006581113,0.8376231401719191
P12,unaffected,7.710805673529526,6.645859880177261,0.8135736368430317,-0.8676772511053671,0.9126018412491993
P12,unaffected,8.077125969824285,7.059018000900399,0.7096876714845,-0.9222598909307106,0.9523355427440494
P12,unaffected,7.800022492028428,7.007608561242819,0.4613902315788893,-0.8164316870022201,0.8536848181837391
P12,unaffected,9.77008558499193,8.513076452331251,1.0356763343861892,-0.8594071513643332,0.9052450836491994
P12,unaffected,8.53557353479142,7.731957000830318,0.3662996151980954,-0.7588259140974954,0.7862914977743098
P12,unaffected,8.238878880469017,7.549082889591633,0.7521632988130272,-0.954690299697448,0.9774830365878859
P12,unaffected,8.604907133854248,7.574167701725406,1.117103387792794,-0.882341307221951,0.9299875995720206
P12,unaffected,8.585284984266668,7.102443138516325,1.0376790949290646,-0.824540604618072,0.8820097326640826
P12,unaffected,9.287269313854148,8.115156897282148,1.1232130398813271,-0.839688909330143,0.895568345026964
P12,unaffected,8.519637094468036,7.267482277317112,0.6680019499746008,-0.8860226577755838,0.9262547383658336
P12,affected,9.077419921057755,10.018720467915465,0.2162783624373121,0.033413188939563035,-0.010515717681831587
P12,affected,9.769596873149528,10.729920839821187,0.3711404523150464,0.36385744695141714,-0.43326907218222144
P12,affected,8.872570131058607,9.55428871968846,0.4961262999390837,-0.915110368161784,0.9375912962650553
P12,affected,9.414506416544013,9.92565665452995,0.1549429714441048,-0.8741091697696242,0.8950502319804409
P12,affected,9.82006218440388,10.716790596034095,0.1969328520237936,-0.6888408198962617,0.6458410678830183
P12,affected,9.549480904592029,10.040437479944854,0.3072741038018208,-0.9423981318691614,0.9583663025202568
P12,affected,8.871340901172067,9.367052319863623,0.37547555193746973,-0.8400890387541595,0.8753805848496372
P12,affected,8.908783633948028,9.284295240880278,0.20406505908959194,-0.6689743294280267,0.7162862249563384
P12,affected,8.972866662656317,9.635512517445635,0.28235824291593375,-0.8827206192572845,0.9091229619874551
P12,affected,8.71709186215507,9.428465923717727,0.24853749218872,-0.8304447932820362,0.8658074447321926
P12,affected,9.423427806273619,10.185212960688858,0.11823059155386857,-0.45949943931571363,0.4580320638748321
P12,affected,9.476353640791597,6.516685690115118,10.693035161865437,-0.8971976874829515,-0.5766078317116385
P12,affected,9.053429031087129,9.566181379008766,0.5358631401550952,-0.9379651669655596,0.9527262117186345
P12,affected,8.965419715392304,9.7023264223254,0.5358204513239798,-0.907070449812014,0.9357045998937848
P12,affected,9.08297359172135,10.000437025813957,0.3069078708289132,-0.9233417210737539,0.9505812316057595
P12,affected,8.949409840132512,9.999270986002305,0.11160612353976036,0.49168450422621207,-0.4960474497998652
P12,affected,8.252005463824986,8.867044688890688,0.2356479213343671,-0.9699417850309107,0.9796225315463052
P12,affected,8.245282787511083,9.066819105486044,0.10063522215659929,-0.32123064500423254,0.3214437593312398
P12,affected,7.689944208635678,8.750988205629007,0.27358854634546376,-0.9631448469438304,0.9785249566041995
P12,affected,8.167170353002943,9.233986087507757,0.30903912026563785,-0.9319793151387736,0.9209085485588078
P12,affected,7.921195839028845,9.174107658026713,0.4306705451595463,-0.9354559405023926,0.9259325699829936
P12,affected,8.235927778090781,8.679364092717652,0.17739918557386072,-0.2758143938314055,0.3283973051340498
P12,affected,8.934708849282563,9.808376971183158,0.4930840623028268,-0.9393815115488359,0.9518766917449164
P12,affected,8.046251072363368,8.544787715550646,0.33631342026963107,-0.9745875374962187,0.9802620971490593
P12,affected,8.752526332696473,9.592457737075653,0.5435031402303215,-0.7565179459124957,0.812603475058685
P12,affected,8.956254254260715,9.645168736004235,0.20230000646325266,-0.6360963370407794,0.67351725131435
P12,affected,8.194583801738883,8.891198797992816,0.13180484761281902,-0.7402037037634537,0.7804923267764042
P12,affected,8.762976597858431,9.434600634013442,0.4965804155119285,-0.9095261946837515,0.9365190543805582
P12,affected,8.519301287616528,9.320242850922508,0.27100072551026744,-0.928884946698734,0.9513370642386175
P12,affected,8.60005886866768,9.164875997571155,0.3983303375246965,-0.9014371291680363,0.928236826403222
P12,affected,8.360446700537302,8.858758572454795,0.45228148977990335,-0.9248076956512351,0.9497458565532663
P12,affected,8.033330148692631,8.694136195140944,0.34713170121073794,-0.7918770877900037,0.8286642688775991
P12,affected,8.31261056803639,8.767245616356277,0.32270120381890827,-0.909488311159948,0.9325873021241663
P12,affected,8.116965278014076,8.22026244456698,0.3629239266920068,-0.7034542021663975,0.747860885165391
P12,affected,8.247243301736047,8.7213143339138,0.17383048702078258,-0.9279645910778253,0.9363982095142005
P12,affected,8.242729063798663,9.05125768916531,0.40917630444148134,-0.9468249135223109,0.9549988453963855
P12,affected,8.321860203585155,8.816650621995016,0.5333391715180651,-0.894164254732768,0.9254906658891378
P12,affected,8.710378830596367,9.124685323054543,0.24415622837342915,-0.7121510788520373,0.755719834949384
P13,unaffected,11.10076668899793,9.55751679796979,2.982879915409664,-0.7819978018310142,0.8747972921799225
P13,unaffected,10.276989429494769,10.041604696271772,4.045197808254649,-0.8042520210418594,0.921132519473159
P13,unaffected,7.82955715329174,8.57347152428396,3.5402139619024644,-0.9290932014217503,0.9858650223113092
P13,unaffected,9.204867965832044,9.466553537638235,3.425352172892017,-0.8709563889973269,0.946326064570611
P13,unaffected,8.259951017398562,8.422517150537267,2.7673278188207635,-0.8834386022061759,0.9571772239002013
P13,unaffected,8.257250028133388,9.68598417357278,3.4068387208680404,-0.9377859749913494,0.9921157660700429
P13,unaffected,10.240700461747975,11.27010768188546,3.836057958449125,-0.9561505080302648,0.9906007287565924
P13,unaffected,8.80192723328119,10.23959526013086,3.7566797946666344,-0.9452546491985484,0.9903834975997513
P13,unaffected,9.900194671266195,8.700334376751812,1.3282621501861942,-0.9489655888913044,0.9668039785538252
P13,unaffected,9.248168144885604,11.249054598462795,3.6259763686096984,-0.9396897930766569,0.9865524904945507
P13,unaffected,9.778551765815958,10.544564679977979,3.14206061629049,-0.9305088173593327,0.9801888751088338
P13,unaffected,8.390648477169014,10.28475454419054,3.1898818250864087,-0.9383775923007952,0.9846973531164757
P13,unaffected,8.66005468048232,9.723379806675606,2.650483947819034,-0.943245746610709,0.9881274867996181
P13,unaffected,8.028543364905925,9.935307634296144,3.6035765352972757,-0.9002794133470081,0.9779951198273743
P13,unaffected,8.607698076273005,10.46910849644328,3.6028234743771756,-0.9147249645080389,0.9797935486517139
P13,unaffected,8.928459551701451,10.256785047286513,3.311218422111115,-0.8909867971799844,0.9650050555950118
P13,unaffected,9.027507810360472,10.516108548181927,3.9006170494959282,-0.8933010111608659,0.9670874941042845
P13,unaffected,9.584917528503627,10.992655481043048,3.688490483429977,-0.8876389554443602,0.9614234429697592
P13,unaffected,10.036627661126575,10.77262427427353,3.1424475690284734,-0.8941480876224952,0.9588986251434033
P13,unaffected,8.887407269188339,10.908912100115154,3.9113857292997007,-0.9436193373139145,0.9891440906270758
P13,unaffected,8.090594732110766,10.805727531107129,3.9332419134559564,-0.9470517542458884,0.9924023374104508
P13,unaffected,8.7636733436543,10.919381301870116,3.8398134299854116,-0.9188791745249933,0.977334280294806
P13,unaffected,9.999521679841106,11.941349868352454,4.1628115498869125,-0.8899931202364213,0.9640236556366679
P13,unaffected,9.105351198205959,10.50353745058505,3.8145868047767975,-0.8883758607965775,0.963682464432283
P13,unaffected,9.543500425824792,10.454492602253861,2.683704989844331,-0.904757691288252,0.9642976645277187
P13,unaffected,9.573729685369601,10.168947724163308,2.9046686995200717,-0.8824723247324547,0.9529215275942884
P13,unaffected,8.550041623219407,10.272386971077621,3.795272094604208,-0.8817209882774703,0.9669944246107772
P13,unaffected,10.530330781284711,12.371479072386279,4.820863500475826,-0.8530746122414087,0.9485019053753846
P13,unaffected,10.254132527624327,11.270579246165676,3.6605200143192804,-0.8739441198567491,0.9553891502179992
P13,unaffected,10.303085185319635,10.278683554872178,2.235245129047154,-0.9055524248008567,0.9597130858784949
P13,unaffected,10.648474192387459,10.9017202272653,2.755736924288735,-0.8840793545585175,0.9485361403077616
P13,unaffected,9.89287870635421,10.431051725036943,2.528997469808473,-0.9307063998963705,0.9731863598328476
P13,unaffected,9.772398110802257,10.56779982354349,2.45850057068338,-0.9199147782209024,0.9655130297812342
P13,unaffected,10.592641826896262,10.85732458466448,2.1722143034818333,-0.9257831426726062,0.9695978020171753
P13,unaffected,8.498048206849749,10.156730191992297,3.6289563118926917,-0.905255459190728,0.9727328847169489
P13,unaffected,10.300221006586442,10.398125599642999,1.9189483285105005,-0.917612813678929,0.9616681675701854
P13,unaffected,9.800737521799224,10.762565205537772,2.7079674451540696,-0.8663436350218979,0.939775788058024
P13,unaffected,9.534061773090029,10.493004599014968,2.8073143862011074,-0.9503702749356369,0.9862962383733087
P13,unaffected,10.220090880705298,11.061073120097793,2.8212916371170396,-0.8404479707005723,0.9246866746511265
P13,affected,9.418960365953692,10.140340028257558,3.6924964935531914,-0.9131168793149328,0.9490497615681885
P13,affected,7.7170228107957675,8.619916236326494,3.6818489248801103,-0.9722936696716794,0.9602964351671135
P13,affected,8.28988427334654,8.636477147126499,3.2041961126852843,-0.9633087176515209,0.9863822471108623
P13,affected,8.47841800451552,9.572688563815072,3.6507672286413775,-0.9469450122889658,0.9737147873879828
P13,affected,7.889709860032205,8.833244114179903,2.313398310024663,-0.9892620110541707,0.9785468993598944
P13,affected,8.678896176084757,8.798265503465037,2.502880995657642,-0.9952588075494924,0.9931687514767326
P13,affected,10.118807048646214,11.031991484374384,3.0639718370763727,-0.9814987429947233,0.9915937160640134
P13,affected,6.895446922195229,8.109623729256397,1.7750754709801324,-0.9682937555948478,0.9144715496036085
P13,affected,7.32880552211676,8.192917000831978,2.599293180960534,-0.9933063922469856,0.9845761450897265
P13,affected,7.846530816999143,8.58731158636916,2.479784815246646,-0.9899734831823161,0.9949663503311522
P13,affected,7.114666297475172,6.401504595980043,1.6630723642249472,-0.9451387338680798,0.9859637732253523
P13,affected,9.30016797133698,9.270653403767463,2.147249303580674,-0.961216797558001,0.9889746172322578
P13,affected,9.089834202244107,8.799961488373189,2.172481439975621,-0.9477567753763095,0.9786128454720466
P13,affected,8.010563915599016,8.511889032800145,2.131706475991951,-0.966995670707395,0.992546433556673
P13,affected,8.320019471294176,8.274257546668991,2.268423796789665,-0.8609068733681459,0.9457716604985892
P13,affected,8.317489144577902,8.116013378034625,2.239714162485166,-0.9810060423735246,0.9932821083007016
P13,affected,6.8320033994437965,7.1967544390497835,2.1071686637705223,-0.9099468544341114,0.9828589441449007
P13,affected,5.599916212785468,6.431611857264561,2.6563360670565923,-0.9738185985291482,0.9994276335253409
P13,affected,7.930011400527093,8.736157829915765,2.1878349729043367,-0.8837127464177389,0.9630359995530833
P13,affected,8.070813980178793,8.973489771075586,2.062592560189724,-0.9833007558383533,0.9930748020490954
P13,affected,7.111843815319664,7.73377097998272,2.6924170006201105,-0.9834298217922788,0.9973445944907254
P13,affected,8.222355300235664,7.96747037618112,2.661810663138515,-0.7808011956457832,0.8981403206693274
P13,affected,9.520280087999923,9.28584710470743,2.828514877388133,-0.9800588114480476,0.994400773553168
P13,affected,9.90295214156002,8.32779944281416,1.0778890590400694,-0.9126506452131921,0.9550046370624367
P13,affected,9.06394413588091,8.536780730382747,2.0839514113779942,-0.7377368216497923,0.8164177669721941
P13,affected,8.658910749099272,7.830061714650586,1.1415385637699287,-0.9317670385274511,0.9720365882612637
P13,affected,8.104478254166978,7.975867180018699,1.5454330892155814,-0.9176520437225051,0.9695792502709809
P13,affected,9.054560317505873,8.240200201516148,1.8784989349609043,-0.9026432359049095,0.9543339817717876
P13,affected,9.616777470174098,8.407157260520615,1.1932596135154954,-0.9859036591556508,0.9879921162630783
P13,affected,7.861833871631134,7.228984116166573,1.4412555213488043,-0.9096285870439753,0.9615473234834675
P13,affected,8.299792362163414,7.673953571412404,1.4517741962898254,-0.9919331556790392,0.9964442803056169
P13,affected,8.36452270645233,7.494080308085181,1.1126760631594022,-0.997661140897651,0.9873165778790152
P13,affected,8.179719492104649,7.44821999708894,1.469279049768419,-0.879015062763972,0.9361747789476609
P13,affected,7.806408549133872,10.956410184210805,2.4322093012117127,0.7016147703740447,-0.856487613639732
P13,affected,8.20655203277353,7.42666186994848,1.6547548335650764,-0.8741520162785225,0.9348565394843397
P13,affected,9.265429729502824,9.028953593917922,2.5046610718536093,-0.915629751802145,0.9643808569648299
P14,unaffected,9.138607320672385,7.503331164914621,0.4388298405631596,0.35191170671136285,-0.2708910603590637
P14,unaffected,8.99380148890214,7.494941416345038,1.067662217054963,-0.737005509289032,0.8366609028422969
P14,unaffected,9.993788597912642,8.275405229317174,0.6405073158217803,0.8464448157632483,-0.7931063471471975
P14,unaffected,8.430650231823826,6.8350353540835735,0.4454033702558251,0.8636148906302483,-0.8294493399807494
P14,unaffected,9.448998610878593,7.404811245207599,0.39336173882650305,0.03240771149021793,0.0483238409674026
P14,unaffected,9.921549960078147,7.818857507249,0.547219426999807,-0.37388948498370306,0.4545793094544711
P14,unaffected,10.093466916863234,7.864092167671189,0.36799137443038366,0.4430140577667978,-0.39297429837289904
P14,unaffected,10.25978422193088,7.686950802323129,0.4759350299605617,0.13061452509435104,-0.07314346810797881
P14,unaffected,9.437759813409304,6.851074418793613,1.1777339675437288,-0.9536539747816021,0.9759410371631588
P14,unaffected,10.973917448725256,8.181272740833204,0.3163551474690938,-0.26609942085685623,0.3009946628198336
P14,unaffected,8.701312621055816,6.743914868709129,0.34098057296974305,0.6737703691052233,-0.627652767997452
P14,unaffected,9.465221518723634,7.296968796164167,0.4242416172907492,0.30507205387001396,-0.2571830875447546
P14,unaffected,10.193140943296733,7.749569105702347,0.26626509242248075,-0.2850067638233223,0.3587864537239868
P14,unaffected,9.895212516487467,7.715164655721134,0.3148295558584612,0.5344644637564,-0.4613793010702567
P14,unaffected,9.154085270806535,7.805630336790955,0.5501051590842273,-0.8659472963174939,0.9152485736568945
P14,unaffected,9.563515298787921,7.567409919221314,0.23294491826597893,-0.2612392940894563,0.29124822092039393
P14,unaffected,8.43747102623012,6.357148229973195,0.35182447687310786,0.7239708026493735,-0.7419658948587929
P14,unaffected,9.656172173448923,7.840042132246119,0.3253260940806954,-0.1590444548979552,0.212820758997293
P14,unaffected,8.781890862547169,7.494213620824055,0.40069411945774586,0.6193251771526948,-0.5084589355378994
P14,unaffected,9.12024236105081,7.0394622898500305,1.3950416650485729,-0.8249928599787728,0.8861214985205795
P14,unaffected,9.385050908069195,7.3492751771574385,0.35610396783323833,0.7052080824216774,-0.6513692934027923
P14,unaffected,9.892002281905066,7.245000791509495,0.3563796589508754,0.7836663261949198,-0.7298543355693975
P14,unaffected,10.930076860507393,8.35202611502423,0.3931910728266504,-0.24302707898903173,0.306974480561066
P14,unaffected,9.74722407888271,7.9355221099110524,0.3502141359807025,-0.28298859116418257,0.36539744503999455
P14,unaffected,9.587640597292268,7.555992079812674,0.3032222337119445,0.7698888055047973,-0.7296537405534292
P14,unaffected,8.687857995402213,7.3319360031012515,0.5400602586519607,0.4836011351253148,-0.4084680919324657
P14,unaffected,9.224796303467073,7.414382113455299,0.4114791127451602,0.008588930878379442,0.09549730710985761
P14,unaffected,9.317234246936646,6.913797128248409,0.5541728631031495,-0.4463635092470379,0.5234891653577521
P14,unaffected,6.970648892165873,6.0941823254790615,0.38160858087925836,0.3300795869598181,-0.23567502201101842
P14,unaffected,8.496861293026578,7.389730449864487,0.3834863178153636,-0.19292465780029566,0.3154543154313654
P14,unaffected,9.944476798767024,8.074975772910786,0.5031172551385431,0.3961132117981748,-0.3093085577774121
P14,unaffected,9.643678184788314,8.057820518717438,0.7038542560970036,-0.7984848907570024,0.8472848404599161
P14,unaffected,8.56461676264539,7.236884451851466,0.3227735813452912,0.6719171497310921,-0.7242132331482541
P14,unaffected,10.402282058004046,8.093587282627642,0.6157348383081768,-0.769625988602028,0.8059303519291237
P14,unaffected,9.027847961592569,7.983428138309938,0.18380830929364625,0.11849861541047711,-0.015333751766099298
P14,unaffected,9.180296350946618,7.038365049659365,1.0774139301726537,-0.7968534175676772,0.8292088513010787
P14,unaffected,9.894220952595697,7.755065925937184,0.17957647299303098,0.45941407688175767,-0.41307775386111273
P14,unaffected,9.839894957935021,7.672017513164978,0.4309449642454719,-0.6201712226946041,0.6758760725331523
P14,unaffected,10.263514002135077,7.996522640309898,0.3149459581897083,-0.7599152292843752,0.8011323787201445
P14,unaffected,10.23098137123588,6.97514593533333,0.8388782320651272,0.843051059568234,-0.7842783570085613
P14,unaffected,9.144324500241222,8.003192936266046,0.1873261442447296,-0.30525798702742674,0.37867143378518503
P14,unaffected,9.435728329702572,7.3440262799945115,0.24632900565238605,-0.8211085151229707,0.8185484721927492
P14,unaffected,8.004180454398037,6.78580922000854,0.4980659835101671,-0.8289333287897206,0.8833903677121077
P14,unaffected,9.30433067953809,6.841597403931416,0.35279228661068895,0.0741263379390323,-0.011652232425384273
P14,unaffected,8.783854525454842,6.6892759113061455,0.3109655049771633,0.33146336326893805,-0.2649217025130725
P14,unaffected,7.557813400043912,6.62725879328433,0.5574431539205109,-0.42526293844576896,0.5148224460370245
P14,affected,8.233209607001685,7.597084570268013,0.6896540393000741,-0.3360531262836343,0.375606730589903
P14,affected,7.6807902687751675,6.4308939732602814,1.728052016165585,-0.7773983317604901,0.7953949935643247
P14,affected,8.436596544192072,7.625037817506678,1.7127347235086579,-0.8678934177260678,0.9048511270143237
P14,affected,9.205875405361544,7.3511497050845875,1.3642191256680407,-0.6739826750364846,0.7183662383344934
P14,affected,8.472038347429786,7.264697680742258,1.4516660465309776,-0.7965774998191111,0.8339222412553776
P14,affected,9.181110317024526,7.524289781184079,1.3211338194596305,-0.7458180995167543,0.7833789210972149
P14,affected,8.304995218198435,6.486707039042811,0.9788133776143864,-0.5451771923118264,0.5956281290365891
P14,affected,10.469808902455592,8.82888738009374,1.524686876010233,-0.8631427097372036,0.8725830852129339
P14,affected,9.95266901344469,9.243931674309225,2.3547517065463976,-0.9129540606054254,0.9496994709406777
P14,affected,9.85090421490526,8.111881659390784,2.1629745631492003,-0.7363721375400469,0.8087346696070808
P14,affected,10.325485425940988,8.644648662962307,1.4321625808658567,-0.6603305772046355,0.6916085420511303
P14,affected,9.427248917432129,7.516930673056334,1.512555587973945,-0.7859076201544912,0.8119310713596096
P14,affected,10.476687189273981,8.879175629637473,1.551271266850204,-0.8432088306969614,0.8699550045172655
P14,affected,10.613354354641368,8.693099269378227,1.0606160703756742,-0.4082030675285488,0.42313537025094067
P14,affected,9.728658426825799,8.462229013596247,2.040549417697146,-0.613060529965722,0.6687184842450503
P14,affected,9.370407924247885,7.9100003667076075,0.9199894067689217,-0.6115571891202142,0.6438492561933826
P14,affected,10.193162949684654,7.854989346769821,1.6741872966203,-0.7442637001517938,0.7805963261683065
P14,affected,10.665781130716011,8.84249480788886,1.6060106473701767,-0.8196553941291516,0.8419590693061336
P14,affected,7.281702023341748,6.1785091838406965,1.238356507156394,-0.31546926695995275,0.3585022532961739
P14,affected,9.378134598092155,8.352682366273072,0.442863841986589,-0.510542047860417,0.5131111675868484
P14,affected,9.981023317747159,7.397357304938188,2.1249615723918303,-0.8591798647191728,0.8634164178685183
P14,affected,9.678890931959923,8.296153780193197,1.2792672198401287,-0.7759881074418304,0.8082670766290818
P14,affected,11.267808698892745,9.263931673257872,2.706950461301169,-0.8943671809364037,0.8990969341046768
P14,affected,9.768608579768495,8.29100453786538,2.0101137819546886,-0.8475292390849121,0.8768725745761086
P14,affected,9.243210056427873,7.403887650313252,1.524902142603672,-0.6045057255124936,0.6614472294587027
P14,affected,9.676200188918152,7.9103354498300025,1.4247663186496544,-0.6337460720673425,0.6618715586943703
P14,affected,8.082813407161295,7.573504298983324,2.8804982686657046,-0.8104844547775496,0.8649476780830608
P14,affected,9.050008756719526,7.134213265440691,0.970001127901867,0.09578924363658257,-0.06796352532053357
P14,affected,10.363610111300735,8.490347619416394,0.5029334308246031,-0.5932419662435591,0.5869208739616519
P14,affected,8.721290712821446,6.626368769263775,0.7875995798777246,-0.6423598703460724,0.6480851850848282
P14,affected,9.638421188445811,7.722858034749367,0.9173308489362899,-0.7940422715475469,0.776950462532473
P14,affected,11.173223059426025,8.880479905817781,1.9997246691775714,-0.9360876253243704,0.9398505236679633
P14,affected,9.684948981498009,7.741159708150638,1.0686977438278056,-0.5434521134702475,0.5293141713714268
P14,affected,9.296731407389307,7.6057188814111765,0.5978089595956578,-0.4780188274124173,0.4395287728246759
P14,affected,8.353522181877876,6.233536675251256,0.6951851112895218,0.1470610348720011,-0.18910204869906477
P14,affected,10.329089111186025,8.480717283609179,1.0107713861268324,-0.5484594134529044,0.5865467170513857
P14,affected,8.890089418225264,7.0088555363371094,1.0561379904380577,-0.7548985555268471,0.7578183185895618
P14,affected,9.033869162083795,6.742434421906722,0.7338080592590829,-0.47962851162253867,0.4819496042537617
P15,unaffected,9.028945750617558,11.174402161946624,0.6152232374788994,0.7111797908088182,-0.7514138275456764
P15,unaffected,8.524957366098485,10.605554478214634,0.7028904811726232,0.8713640405734194,-0.8945658264898568
P15,unaffected,6.955798593347886,9.533691517314267,0.4855342878227815,0.18966100185631718,-0.26211221612312385
P15,unaffected,7.051525709746277,9.683827749910039,0.7149586997270342,0.5535187547969544,-0.6230919282652039
P15,unaffected,7.587993401088228,9.871984573610321,0.4676556670547928,0.22870748081238754,-0.31455762604254034
P15,unaffected,7.191176408984216,9.133919375168187,0.21841277319911334,-0.4195324726409125,0.35592969343479297
P15,unaffected,7.9757468343914875,10.02643745755731,0.34988406894461227,0.04854456089911372,-0.12537450970824848
P15,unaffected,7.982541799255626,10.091590175478494,0.462003612621392,0.30353257177595544,-0.37304455559138155
P15,unaffected,8.01322088286155,10.094516646432025,0.40813694333193956,0.15077297917100205,-0.23504419222296197
P15,unaffected,9.060061830965626,10.994366530485966,0.3179905876789038,-0.052252340110235496,-0.018332133517488927
P15,unaffected,7.361202622628384,9.303473130730094,0.23340857957012212,-0.6804899665645466,0.6262969202159953
P15,unaffected,7.365313679249242,9.374468953416832,0.24923719325634228,-0.7637610044940019,0.7152443092488341
P15,unaffected,8.14689081276769,9.908158840409563,0.32478063228883,0.11526255247299769,-0.19507730803570564
P15,affected,5.892589613989827,5.258151301529859,1.4019326893288233,-0.8444694232848595,0.9526483996822814
P15,affected,7.520986198657048,8.03280778724497,2.164676347404954,-0.9668442530558,0.9895346843551143
P15,affected,9.039429334241133,9.672694653547717,2.2624805359379954,-0.8950780499389759,0.9409228884708771
P15,affected,8.299353660348766,8.868459683337102,1.7272273941648542,-0.955291799518948,0.9755275278190522
P15,affected,8.384414282373092,9.355409170689565,2.234010270366963,-0.9203037166790439,0.9603498240391695
P15,affected,8.295058479057857,9.055354248524704,2.1657983372505356,-0.8910556066099555,0.9382710076362386
P15,affected,7.054290108573911,8.384521921712276,2.8893716264368114,-0.9101177387274437,0.963647674841889
P15,affected,7.696881511508282,9.285363519251764,2.8392703124394894,-0.906683681890239,0.9599645157167522
P15,affected,8.158874454544986,8.909712781372566,2.6762568091886805,-0.9042578949273666,0.9514019468432269
P15,affected,8.771139540177861,9.695316769319795,2.538226989238361,-0.938483550027822,0.9713748548448778
P15,affected,8.289198402586468,9.192648908569097,2.469769480482309,-0.9196679104977532,0.9599139675078677
P15,affected,8.550436327187786,9.478251340773076,2.391712781375875,-0.9348814148540369,0.9672625234818353
P15,affected,8.32475348094741,9.251209115617542,2.3799102480918135,-0.906990444253804,0.9524954699450409
P15,affected,8.910660870838306,9.720613921296081,2.2970396711300465,-0.9181004157778041,0.9566212175234168
P15,affected,8.18418055958815,8.679085177018752,2.125751128468869,-0.9149980205322301,0.9568084614696851
P15,affected,8.127740360106037,8.541409048005153,2.0879342610034906,-0.8979649276892792,0.9441451914426389
P15,affected,7.415523674510521,8.398619879107173,2.3795069964037516,-0.8812396508050004,0.9354984205255247
P15,affected,8.282872614817057,9.084301275390706,2.260812168796769,-0.912189915250634,0.9486878537175296
P15,affected,8.701125164197702,9.0502074716255,2.1045147894329435,-0.8939158092472252,0.9403442343538896
P15,affected,8.353907288570824,8.961220560639008,2.0836657592048535,-0.9248287033481095,0.9600224443596154
P15,affected,8.320110920767293,8.685449853248056,2.061429482674393,-0.880692226192155,0.9291180031435595
P15,affected,8.209454176624694,9.078770675839865,2.1828447119993064,-0.9032866795196991,0.9455816999957967
P15,affected,8.860284473449923,9.812581563407917,2.5324594491202586,-0.829754647337186,0.901991619927732
P15,affected,7.807434148299167,9.617581357574675,3.218673100021008,-0.8880348636488992,0.9466373898300788
P15,affected,7.345119824637502,8.994855514104517,2.970884000193794,-0.9075003758283825,0.9571447614169996
P15,affected,6.88054704005183,7.518493761387385,2.502377741435348,-0.8952514630104395,0.9459083743244566
P15,affected,7.861006061721495,9.116217093783648,2.9776222459493877,-0.9211911332755846,0.9597546015548641
P15,affected,7.868610063577842,8.732264344063497,2.311256216025768,-0.9200676501517462,0.9605025493934379
P15,affected,7.858098362498198,8.671725515313174,2.5950850187607335,-0.8647751750443227,0.9280616863977684
P15,affected,6.931682477474949,7.736519564947642,2.8474055724030753,-0.929269179026571,0.9725008340510988
P15,affected,7.606138851497176,8.789092619403888,2.6614468111756566,-0.8959643701395994,0.9505971158162931
P15,affected,8.294221941538133,9.33474223079064,2.535680772541848,-0.9026025259250703,0.9497227038599578
P15,affected,7.69933161867689,8.921870464052306,2.55547636593801,-0.9146281146092233,0.9594408125945698
P15,affected,7.946532546359684,8.949332211075017,2.285794593942061,-0.9025002238554266,0.9498941860022578
P15,affected,7.8612981561386475,9.070336602452569,2.4268658563685057,-0.926883610215736,0.9660960486956555
P15,affected,8.121883711046138,9.085591566025588,2.3503026232746502,-0.8876407533387126,0.9423440555540619
P15,affected,7.892142078760756,9.051789853909915,2.5573127704205865,-0.9171196440756398,0.9620685813715034
P15,affected,7.532851628824414,9.002404281547783,3.0163903651656,-0.8905012779212087,0.9513206794510373
P15,affected,7.626578423684813,8.458665720713531,2.132412648592769,-0.9086787905530089,0.9521627045939255
P15,affected,7.671842412056782,8.762180127417071,2.4696752752590703,-0.9409040347413105,0.9714470993434291
P15,affected,7.779895982959454,8.766475353221264,2.6745846776802065,-0.902218595517484,0.9561640108605444
P15,affected,8.596360420471488,9.129222555708823,2.3185018199430636,-0.9001532084010867,0.9450487165016542
P15,affected,7.319879993038069,8.400566601813015,2.7046026973758353,-0.9223069276930221,0.9660272321781742
P17,unaffected,3.0237056320097175,4.976290109395216,2.7305734674241218,-0.8970917542494592,0.9801125553421991
P17,unaffected,3.695230871134833,5.987142516815463,1.5739252096434004,-0.9533048702590871,0.8580764372479047
P17,unaffected,4.062306710422788,6.05902452655598,1.4089265414796064,-0.9741697677818385,0.9146109198037877
P17,unaffected,4.7806808187412235,6.795199148530157,1.9233391585149193,-0.973586525410342,0.9702432413975601
P17,unaffected,5.020409602642906,7.247050918429897,1.4452138813063524,-0.9296037051912709,0.8655758172905023
P17,unaffected,4.251338029684879,6.114147587423057,1.7577968761099747,-0.9876359854384437,0.9874751597765489
P17,unaffected,4.532662257716102,6.481915415455348,1.6745044370987485,-0.9925589913856405,0.976577205082105
P17,unaffected,4.651758131674521,5.487578653079897,1.2818330553869253,-0.9968968024513297,0.9947191404352598
P17,unaffected,4.997925462119848,6.288436102446393,1.3969070588858767,-0.9982107520793891,0.9955572083639471
P17,unaffected,5.30714280566765,6.266349005957143,1.327014343792758,-0.9964616694072563,0.9985274827382209
P17,unaffected,5.133456596448771,6.76029024860474,2.0555031270759447,-0.9835335659209106,0.9743119729458245
P17,unaffected,4.869965494009805,5.881475701515664,2.1218525440114973,-0.9938357420438942,0.9919000732895681
P17,unaffected,4.061718435724163,5.267612220943066,2.3892231245761897,-0.9922727491146992,0.9949457374704648
P17,unaffected,4.831244069276144,5.90634765495486,3.2512709686710597,-0.9861057888466066,0.9987150953200595
P17,unaffected,4.713388414427555,6.158464834180029,3.065046221002904,-0.9392386757846821,0.9914737186653417
P17,unaffected,8.081417099768354,8.382079085190234,2.5269582817484064,-0.8081575870465888,0.86236710841616
P17,unaffected,5.01536713911466,6.104379773368658,2.2456534297032924,-0.9858176323670766,0.9978641052079423
P17,unaffected,3.570662681654821,4.6730533545870045,2.193250360134345,-0.988319900688747,0.9697525205899313
P17,unaffected,5.266901937625226,5.7512480648467745,2.052389959956398,-0.9989636650033789,0.9956994396644621
P17,affected,4.205299187843028,6.1026484061171375,2.214085780289554,-0.9834490821573,0.9690595604158221
P17,affected,6.376948862170115,7.04364267726676,1.9414830421069555,-0.960690259421421,0.9829733559182329
P17,affected,5.319625601137095,7.043695999789671,2.5335740859921634,-0.9606831238077326,0.9869227117506617
P17,affected,4.7837235645956415,6.055162134326151,2.2611320797044363,-0.9457150021013384,0.9848686595224646
P17,affected,4.940008330113098,6.084405528825379,2.731171944755264,-0.9182652501662766,0.9748015103249595
P17,affected,5.746251112638238,6.66441802040662,2.734698098090071,-0.9426128745015226,0.9814527212750999
P17,affected,5.218677362064862,6.228471557681854,2.8041553861703954,-0.9381483263269992,0.9779865929389577
P17,affected,5.595609332975396,6.569878551079963,2.4799646397045247,-0.9539079551693578,0.9809168408485367
P17,affected,4.748624420241508,6.311849033024969,3.0148304331790277,-0.943304386764742,0.9858735517322321
P17,affected,5.065423006765981,6.5020871114727345,2.576683545830777,-0.9798468794865924,0.9958438807805264
P17,affected,5.75209568268119,6.277132029328277,1.969045239860368,-0.9341354749630689,0.9667221616885329
P17,affected,5.8313532971262605,6.139689750017666,1.8612391687198313,-0.9540320212112757,0.9793419604142216
P17,affected,6.175789141760902,6.304985365532946,1.8174608215678523,-0.9713787616766398,0.9868872141703965
P17,affected,5.500720501059163,5.790714052110353,1.823098121150794,-0.9596106121949917,0.9815893296987442
P17,affected,5.677096132484361,6.227398985663569,1.9529247980336466,-0.9674178296125916,0.9853815073860734
P17,affected,5.983183306850311,6.520387624416127,2.2027901130236573,-0.9767426919068964,0.9901055086116579
P17,affected,5.837235760422043,6.209471494668275,1.7645355161633223,-0.9715585729076358,0.9860852149590116
P17,affected,5.09208368577734,5.743123462570521,2.1250142844872557,-0.9830032083360504,0.9940493339775017
P17,affected,5.330186278885011,6.5844873212093615,2.9084603749444193,-0.9173595847102963,0.9728058022267888
P17,affected,5.144102494912761,5.770539515674675,2.1201645723810487,-0.9381370646917458,0.972710418762609
P17,affected,4.8360089955840735,5.683727731666643,2.549896832298002,-0.9465159761622229,0.9810026034823708
P17,affected,5.350408999942589,6.0998457084558035,2.382392313221428,-0.9563646167897042,0.9856654827235025
P17,affected,5.638672001396685,6.092973981648036,2.268670956001256,-0.9629791074464557,0.9837808466756215
P17,affected,5.271513402643957,5.996720225387747,2.7097890242682925,-0.9660813660509489,0.9895450184963552
P17,affected,5.9308554808978675,6.48235164635538,2.292640684610809,-0.9594503536002139,0.983121097056835
P17,affected,5.59591540676693,6.095349347691858,2.161343469654062,-0.9882067483539545,0.9967184283607105
P17,affected,5.257125878698423,6.024330320111426,2.270715294430912,-0.9787762460471094,0.9923740292598133
P17,affected,4.825769907193862,6.152702596289536,2.9212055791473857,-0.983671559093116,0.9951991543192003
P17,affected,5.069415962144071,5.479436671793258,1.8405004968240473,-0.9857062277533816,0.9932799490937573
P17,affected,5.065663353403682,5.531906045536206,2.2517840212165967,-0.9895950977516937,0.9965112080845928
P17,affected,5.52203102331737,5.963623304561282,2.0035490109723213,-0.9708266305282292,0.9879152732921248
P17,affected,5.437732840465518,5.628622978637704,1.6335141996086762,-0.9881163077555118,0.9923726750025388
P17,affected,5.543551803252201,5.9894082537368805,2.0733859714690586,-0.9820183876900902,0.9929479442763854
P17,affected,5.326965549861014,5.895377506492613,2.1538786078330014,-0.9943758585371886,0.9977595081688916
P17,affected,5.260259858947057,5.32590289442859,1.6852291900888083,-0.9841487901963164,0.9933557307179504
P17,affected,5.846488250539038,5.8058317824193315,1.4732087870359982,-0.9764606777766802,0.9887542147949548
P17,affected,5.458395388053597,6.261673920227055,2.225507457725246,-0.9941281089651256,0.99784299262752
P19,unaffected,2.090191816164969,3.4527913852620857,2.0912168009497725,0.2008905615977473,-0.7829165925779235
P19,unaffected,1.8199714046663267,3.333354413261471,1.609741003061907,0.7496700302992225,-0.9240014656161577
P19,unaffected,0.8904690073410321,2.0286720556117555,1.1550514517789912,0.8962708400619618,-0.9793030885527098
P19,unaffected,1.600257168120843,3.0424934990999275,1.4692543341295292,0.9290309371334906,-0.9798750914468559
P19,unaffected,2.4165487813405933,3.1696073523373522,0.9596697738668769,0.8702945967201036,-0.9326330921798954
P19,unaffected,0.8053534101226699,0.673062221691646,0.45810447917390956,-0.8015534534567179,0.6226599570400625
P19,unaffected,1.1730875717395381,0.7965238719616488,1.024960818067808,-0.4384903152381178,-0.5175441295491143
P19,unaffected,0.9115592161389725,1.2729122111049995,1.0825809858966384,-0.3022229121338058,-0.8035342383505274
P19,unaffected,0.9955234746430891,1.951946286603546,0.5666645317410938,0.5608776933201486,-0.6563503477355433
P19,unaffected,0.409477512050586,2.0222787317993975,0.637681104874499,0.11228090833675555,-0.493481752673795
P19,unaffected,0.6333190828461114,2.721580967442953,1.2753104233332904,0.5283979256940204,-0.9504753121397943
P19,unaffected,0.9683674353472985,1.079974530345228,0.2933413484681559,0.5058335272703184,-0.6979908232954223
P19,unaffected,0.6128671759014904,1.4196659258280913,1.164865805972763,0.9138020167674359,-0.97732203367105
P19,unaffected,0.7642969369578805,1.044348678874994,1.246590644774547,-0.4359548883492891,-0.8799398152687953
P19,unaffected,1.3361489444676713,1.0496832256224236,1.7953687526247883,0.45049834632177055,-0.5229164851909536
P19,unaffected,0.8249086610979232,0.8977956836969014,1.347669257146217,-0.4932221928573043,-0.5008083232417525
P19,unaffected,1.7003925999792273,1.53580989166627,1.2462526799146876,-0.5611919279225368,-0.6655394773368993
P19,unaffected,0.97585694769499,1.978554183340093,1.089825097313675,0.5581212170517121,-0.9310162344165128
P19,unaffected,0.969635117491293,2.3279973812812074,1.2273542252611065,0.7920906940053051,-0.9726080723401402
P19,unaffected,0.8804709522256062,2.110374056675294,1.3597980509318615,-0.06265542259013276,-0.9368170508142868
P19,unaffected,0.6929710610822611,2.6926643929307987,1.1030722105062416,0.7764872050478514,-0.8821206409936821
P19,unaffected,2.7134468871553494,5.120752396354287,1.8822664098768063,0.9441789016391667,-0.972939018773286
P19,unaffected,2.53251014862166,4.126502987924257,0.9385950580377361,0.8787051581568991,-0.9114514130331314
P19,unaffected,3.9295819630581863,6.94161415589857,2.6273260950251522,0.8384582248292652,-0.9330187497848184
P19,unaffected,3.5001468105730655,6.07562671217996,2.4632435015498357,0.881264606129168,-0.9530884039942635
P19,unaffected,2.8696273113091086,4.5721878734765715,1.5441594858692427,0.8892752469586299,-0.9455544184339831
P19,unaffected,3.5296591543666596,6.313331544297461,2.5435718050773235,0.8039886366853608,-0.9256262947653241
P19,unaffected,1.9469602691218002,3.3991991067689566,1.6307283017186909,0.6294989400951253,-0.889659151058408
P19,unaffected,2.8051504879160043,6.632137436968918,2.7330297986540626,0.8838427095235986,-0.9610420846521702
P19,unaffected,2.4412109670137982,6.178583392202266,3.3574579244831524,0.866692215812355,-0.9736608168014592
P19,unaffected,2.0206601498420964,4.872611998803201,2.5830215699944143,0.7912925215221565,-0.9523565579500703
P19,unaffected,2.961606859124302,6.694643868841546,2.830987649246739,0.830997627303373,-0.9393875315536094
P19,unaffected,4.276804387760601,8.225384491144604,3.429626413659622,0.8466745445560808,-0.9468772110507883
P19,unaffected,3.568221544764639,6.833582439573544,2.8451748014004137,0.8611687886248861,-0.9499908444397416
P19,unaffected,3.2658048421083734,7.664047122896237,4.311505081422099,0.8545338704925145,-0.9726080456929301
P19,affected,1.139937808978889,1.214714913876405,2.291747063008676,-0.7440983674326587,-0.9282549902167405
P19,affected,2.0468080990714164,0.8719866948968459,2.2837667100935266,-0.88280179778244,0.8365828116900664
P19,affected,2.4848630437358676,0.7017567976223003,2.3991541241973375,-0.8875981651483713,-0.0990827491680241
P19,affected,2.140103395697932,1.1514826204133635,3.0217478069321344,-0.7631639794964891,0.31125729771387955
P19,affected,3.0562306479638774,1.2656507283614156,3.042588898505404,-0.8785808732937893,0.14450231653068393
P19,affected,2.5680461716355856,1.3132775137868735,3.938221047516468,-0.9290189600624478,0.2201846061985379
P19,affected,2.0120706275058584,1.4509679020800117,3.6566060776119493,-0.6217904296955662,-0.5229827802842323
P19,affected,1.7707903840606836,1.4385034251115496,3.4696617463383572,-0.7461963190299075,-0.6804965876539655
P19,affected,2.3144621484051133,0.6096751460485951,2.766494738627604,-0.8683714232396896,0.25949250948710306
P19,affected,1.077672744808346,1.0417582479357672,3.03475078656049,-0.6753489255215059,-0.9460016763796779
P19,affected,0.9898566036690504,0.9794817255820779,2.325352936331776,-0.9307149728565035,-0.44212898470825723
P19,affected,1.8984712244315454,0.2750805569614617,2.6777674837564582,-0.9533677507226188,-0.6333938885801298
P19,affected,0.8042154493051168,0.6707030762375283,3.5147219347521848,-0.9276045824088377,-0.8610978053624514
P19,affected,1.6131210723072875,0.7477974093765343,2.645497959719491,-0.9583399526046794,-0.9300633559100636
P19,affected,1.369559588337343,0.7919587245986905,2.804756861555394,-0.8341275623966151,-0.8330603796933767
P19,affected,1.2461919882170744,0.7532051338935505,2.290236383589269,-0.935650631046797,-0.9083087809626005
P19,affected,1.5505052104466561,0.8487931861345368,3.309492347487831,-0.5870527597542606,-0.8044372198788521
P19,affected,1.968863498723063,2.279074586950024,2.22701285148021,-0.2788749304785551,-0.29731444836632487
P19,affected,1.2823013846530988,0.49593790734129667,2.889309481688765,-0.6839026326550373,-0.3800712661183421
P19,affected,1.9074836618069946,1.2107544078162502,2.7328105047571123,-0.6954572698259133,-0.6275856101352898
P19,affected,0.7741353308286799,0.91947444597907,2.7867863344504764,-0.3377947270988508,-0.9091615561680011
P19,affected,2.1245721791952223,1.0115148274163666,2.605848611310448,-0.8108278760953879,-0.32979287753138375
P19,affected,2.2189147175065624,1.2142962978065939,3.537693710582105,-0.6741685754884881,-0.4518007962689768
P19,affected,1.4845023776952688,2.336670400922283,2.516732766295311,-0.4796406760300885,-0.9615745974123002
P19,affected,1.3498072429678794,1.876890186141545,3.1212972323141805,-0.22916531269235754,-0.8827035725441756
P19,affected,1.4410345039784676,1.864538926719492,2.235149959475391,-0.451611705198921,-0.8801346069915996
P19,affected,0.8512986859962867,0.9310961249790973,3.046270457754839,-0.009083641533012679,-0.847257096235041
P19,affected,1.4399724920833545,2.149840373440601,1.7908731204652317,0.13490632526352103,-0.9455916519891332
P19,affected,2.135588497062636,2.4634777995310047,2.581468989767973,0.2696131306118918,-0.6221938810747022
P19,affected,1.0145144678148716,0.6113357081082829,2.1437016106722586,-0.04510669571615717,-0.7312600792438946
P25,unaffected,3.3596158644277105,4.89383693721765,2.840549743120895,-0.8306427909193912,0.9630586322153322
P25,unaffected,5.312785209607453,5.994237160771832,2.290723228986566,-0.8487913228459988,0.9430115787224806
P25,unaffected,4.721703702268379,5.596689628965684,2.2607003146979383,-0.8519381397672349,0.9454363893620934
P25,unaffected,5.204297264509332,6.292726378972564,2.516501220798647,-0.8764188929681448,0.9564360713990073
P25,unaffected,4.793168507026543,6.204690557478005,2.8731229500628066,-0.8809462632037243,0.9657740688842202
P25,unaffected,5.242621585347609,6.192583736629018,2.5748257486838586,-0.9341407636594454,0.9829620156892006
P25,unaffected,5.029366858572155,6.29295472063397,2.9262589760713875,-0.8794120556524545,0.9648629741246896
P25,unaffected,5.210758836891262,6.1937584393276195,2.6601724727531715,-0.9196394451544805,0.976477633380792
P25,unaffected,4.5891828441352125,6.040331488410382,3.5522231916674425,-0.8896594205171964,0.978026037917675
P25,unaffected,4.751290233696552,3.705252494571129,1.9677371731417665,-0.8100052383054276,0.9023049161201145
P25,unaffected,3.7423484360772465,2.6443774356870176,1.2398583815740012,-0.7045919321155443,0.812709237424607
P25,unaffected,6.200466592431694,3.8096937045129016,1.5818139347285882,-0.8509910877603665,0.9148931189260197
P25,unaffected,6.150606833982963,4.132957814510073,2.0245506519512086,-0.8327969997601875,0.9276565092937081
P25,unaffected,5.9522463979133695,4.220813249925263,2.155729789600673,-0.8498905256377235,0.9305990015888022
P25,unaffected,5.486060975653739,3.7499891253475077,1.899982982980965,-0.8847095911013679,0.9556651469533646
P25,unaffected,5.596207210224266,4.247183907708971,2.2945046108441645,-0.8571187523010083,0.947212808250079
P25,unaffected,5.595363072022651,4.229014926974091,2.0839312701743324,-0.9038191574157436,0.9644215198983683
P25,unaffected,5.9450830421662415,4.380330910122317,2.050271846487646,-0.8535392348167403,0.9344121198029466
P25,unaffected,5.325915064966903,4.025123816692341,1.8254433065848994,-0.8830079069845386,0.953578839705834
P25,unaffected,5.603723830765221,4.391175330948141,2.0300086000081237,-0.8775231767495386,0.9544353341773169
P25,unaffected,5.619261929498607,4.718305329207288,2.4711732743028976,-0.8516341975938287,0.9510479005179652
P25,unaffected,5.698924551867001,4.443046945600804,2.1980810118438994,-0.8707496483087134,0.9457036326748393
P25,affected,4.236976949169733,2.5477466303659413,2.1988510754723003,-0.7227676798718307,0.838827182135109
P25,affected,5.470679365929697,3.333814982747934,2.2694866011184134,-0.772700217122456,0.8756910963638296
P25,affected,6.206446190477943,4.053124899406794,2.303560252429417,-0.7754238677874266,0.8584498445969897
P25,affected,6.217040906817867,3.765086830501326,2.3298691702906242,-0.7673976773581574,0.8688734097136739
P25,affected,6.572412169143216,4.123062982151957,2.170610675870686,-0.7812236613098662,0.8621828631842328
P25,affected,6.466500771021233,4.138592400522063,2.396370891526093,-0.8501724173247039,0.9144487477520479
P25,affected,6.1648374550860545,4.082435537019992,2.491961248410046,-0.7447481782807337,0.8337292544562787
P25,affected,5.91491328923895,3.671817001856554,2.196726780692627,-0.8331517050667374,0.9022109040195223
P25,affected,6.475578514382064,4.1819577666768195,2.2918897889194887,-0.8065259032221773,0.8792757238851934
P25,affected,6.574370557030581,4.177875707189871,2.133871794059991,-0.8067667510529724,0.8670535047274333
P25,affected,6.4652706372644895,3.8851084644946083,2.295112812693068,-0.7811824587876451,0.8652876605414987
P25,affected,6.487094179297855,3.821305225473204,2.2119350220260316,-0.8451486200791682,0.9018648370695269
P25,affected,6.584926136788371,3.6120717663620274,2.2889535676952386,-0.799660681553619,0.8744286592527999
P25,affected,6.713102797124699,3.841131325505193,1.9846024544065288,-0.801666058290312,0.8450552053974446
P25,affected,6.134593907835966,4.031216142392932,2.289318839969628,-0.8311369002506763,0.8861426333326754
P25,affected,5.9965173255378925,3.936487387275144,2.3392736461158017,-0.8410115164361786,0.8992841844856383
P25,affected,5.925808310005161,3.5596500757389924,1.977105366695127,-0.8654372071851028,0.8915413442826934
P25,affected,6.3649699103169635,3.865973482849262,2.1920108768367697,-0.8160084603528732,0.8875561141635738
P25,affected,6.890243034986026,4.010535385240757,1.9779867033236687,-0.8133549279283222,0.8514630405506437
P25,affected,6.705686410438397,4.108479533744002,2.191481337429125,-0.8393713415800743,0.9053830003383098
P25,unaffected,4.6274597783225335,5.094177116977717,2.0719108997633127,-0.8757130860382677,0.9489412492410232
P25,unaffected,3.2617274460257146,3.5937943595588884,1.5261512214886201,-0.8612418727797394,0.9397373185088231
P25,unaffected,4.529084712292179,4.753073044816503,1.730215120809524,-0.8800948585366277,0.9402472293409171
P25,unaffected,4.919647675545667,5.128236966748786,2.0710565884011114,-0.8755298687871442,0.9445619729907907
P25,unaffected,5.066267561056193,5.3597506440060405,2.263868106801366,-0.8548554643476683,0.9306158051346028
P25,unaffected,5.198030261936685,5.0502667559832215,1.763594238667097,-0.9102121293138251,0.9562473049567048
P25,unaffected,5.214220748928592,5.204932426437829,2.0696028110110047,-0.9068929565747906,0.9630642206435549
P25,unaffected,5.047327798876395,5.41634110832122,2.257275297145844,-0.8581165888851355,0.9404611116608413
P25,unaffected,5.181431947189456,5.461656914381343,2.2146877570309904,-0.8978352823185903,0.9599656875142957
P25,unaffected,5.340219493197418,4.994151781350012,1.7903141487746643,-0.9067887707766512,0.9562071781013727
P25,unaffected,5.523528130016944,5.196205612853236,1.6742572197468917,-0.9172917209668604,0.9650776136065258
P25,unaffected,5.093321052902718,5.115012814674269,1.8879702126514333,-0.9229328389418746,0.9671121597537051
P25,unaffected,5.301477437880979,5.378265206926188,1.8654355496771318,-0.9146831061712678,0.955906848453772
P25,unaffected,5.218598916211536,5.200703905496145,1.9424067072448257,-0.9244245615031018,0.9744945044632709
P25,unaffected,5.197137989539459,4.719400129658127,1.3114621910002247,-0.9409587934369937,0.970624574221142
P25,unaffected,5.314401006944206,5.305249840515282,1.8666896683514225,-0.9470109795675961,0.9809187488523616
P25,unaffected,5.16175703807783,4.907376735655672,1.7011508964873485,-0.9362299286828684,0.9728716758852228
P25,unaffected,5.408615357322258,5.206143661477976,1.7339273024353,-0.9280609371368443,0.9692968904570299
P25,unaffected,5.262166486945025,5.026479886696866,1.71127750642318,-0.9434737676250334,0.9782367854402643
P25,unaffected,5.164552498055255,4.9812620619657375,1.715509448374278,-0.9421104760513607,0.9786234970796575
P25,affected,5.261627243632341,5.009974544845943,2.297683749218811,-0.7941785601120449,0.9016054401628656
P25,affected,4.697283298741522,4.792874960259793,2.1690056231675126,-0.8500119000906595,0.9377116180630263
P25,affected,5.435251542007491,5.2247016914587485,2.03579989535596,-0.8606921386221301,0.9267566861551588
P25,affected,5.488283383145642,5.2147686604104475,2.0676016788546914,-0.8722931566308233,0.9352948998637796
P25,affected,6.278217289563422,5.960129357996838,2.1244806903174216,-0.8686007348651591,0.9323965085742609
P25,affected,6.022742092009835,5.551279681727033,1.832553100408554,-0.8014829362074644,0.8776556500576015
P25,affected,6.257135702291048,5.819905090194993,1.9387391657887016,-0.8292921185912172,0.9010791155745804
P25,affected,5.588265317244131,5.339330980905203,1.850484370831444,-0.8347750547528693,0.910583505234094
P25,affected,5.763547137895055,5.610000088596446,2.0925715338404287,-0.8759133843403678,0.9416870553043529
P25,affected,5.958666931891141,5.787294464394406,1.78063543199422,-0.8943319093938428,0.9469284102358662
P25,affected,5.825071686906479,5.827317142458768,2.0000307639452126,-0.8590328118983136,0.9244266340315658
P25,affected,6.061564511490269,5.942538552799418,2.002190535345379,-0.8250212255534914,0.9036439336257339
P25,affected,5.704293427528731,5.738962852005862,2.1840477424245925,-0.8750661820560963,0.9383047907791339
P25,affected,5.746595273405591,5.469980465745429,1.825117394141663,-0.841268729204307,0.9091193373608406
P25,affected,6.606286609539761,6.151462448349739,2.009458053720208,-0.8430709767951042,0.9121752976134055
P25,affected,6.132245970107271,5.658413375505149,1.8274717422093745,-0.8847253310217598,0.9400498411926816
P25,affected,5.810332662524765,5.4817370661896465,1.8662683403374343,-0.8621813248701653,0.9272241614627645
P25,affected,5.583638174657096,5.262058518353945,1.7258203532695426,-0.8936799266706604,0.9433782055408848
P25,affected,5.543942897489565,5.450070143807554,2.051350116963907,-0.8178921701251752,0.9023635869489952
P25,affected,6.253288605114585,5.685422973832467,1.9122374104225264,-0.8871454268008557,0.9440164579103703
P25,affected,5.682545652904768,5.333403987122994,2.2734515407848432,-0.8080148878156356,0.8979266890256132
