part,hip_vis,tilt,flex_mmc,flex_omc,gt
P07,0.054409005628517824,7.347136163541293,60.064502804611244,54.134051411731214,57.619569667507506
P07,0.060263653483992465,4.056956825063212,53.259980961888715,56.89926143786143,62.79601767313398
P07,0.03523489932885906,9.213828604531965,62.04914327838723,54.4429764358982,59.49030647647549
P07,0.17429193899782136,3.0134832793204267,50.459136181061275,53.202102065056444,59.02507750387635
P07,0.017408123791102514,5.111726596863748,54.6475337982668,59.61132437947456,65.61415771994267
P07,0.012455516014234875,6.67423286162257,58.796794416551165,52.12331579642192,58.35659639088948
P07,0.052980132450331126,2.6645888511702567,42.892286033985556,45.26703856246204,52.490643363836185
P07,0.11993243243243243,3.978749493933019,39.24534227398796,42.972680361820515,49.92392951715217
P07,0.1401151631477927,3.4346702581825204,51.36870597003868,54.800798678378484,59.001576883282986
P07,0.04674457429048414,3.380831622074744,54.03279697922396,57.388840583775135,63.82855335154239
P07,0.0456140350877193,3.624101991872206,50.24344581307659,53.50396676265146,58.48656774197301
P07,0.011472275334608031,4.508162023565274,45.29387476232798,49.640479506852536,54.91409605578645
P07,0.09550561797752809,4.908244504256944,43.92517193765719,48.82052587785836,53.5633699460561
P07,0.10828025477707007,4.046198583285344,54.72620228777383,53.152972204301115,57.76055246445462
P07,0.03747534516765286,3.681445785822735,55.29429061352841,58.897777346191994,64.42763332187123
P07,0.19553072625698323,2.727955079349078,57.87548114656895,60.599221604813685,65.91811358228601
P07,0.06451612903225806,4.157472408562513,52.624143974916365,56.759691918771566,61.9671376992882
P07,0.11355311355311355,4.269590790323635,59.9005226099229,56.0258479284502,58.79574081470223
P07,0.14954954954954955,3.4602975194138965,57.05116976588306,54.674008786069734,57.86595033696263
P07,0.14933837429111532,3.758382078046996,58.01507730312853,54.740834753123494,59.99429030424908
P07,0.12937062937062938,3.796393746140338,62.148590070254926,65.81497132843383,70.09563583556647
P07,0.05945945945945946,4.346292633515834,52.04806438552445,56.36256474409203,63.50926206449417
P07,0.034482758620689655,8.822419337119447,54.53346688504672,53.57771995623653,47.196314496763854
P07,0.025280898876404494,6.516008055052823,55.14271470172268,57.36333241624248,58.35226498811271
P07,0.022457067371202115,4.262013242467797,63.34484702026284,63.98718668749302,65.7169011875781
P07,0.01225114854517611,7.193772713323326,47.44829672596279,50.42177521327801,54.7117614928205
P07,0.025423728813559324,6.915409087512761,63.38022725517927,66.04255637392927,69.41501479979092
P07,0.04227405247813411,10.362278716687717,73.47948240751525,76.79244615436669,76.49339530799261
P07,0.06129032258064516,7.3742039240222805,62.53411650719042,64.30565010345234,67.61456430552526
P07,0.05451713395638629,5.948120351266136,66.50191388497622,67.73499552526496,70.35023163283661
P07,0.058823529411764705,7.435940056210176,62.80797444258682,64.83413467779778,67.2322203869085
P07,0.058029689608636977,7.4055427823417945,60.673325834760504,63.57222668101351,67.00928675531841
P07,0.08080808080808081,3.6913531365439347,60.704842526939544,61.43333063035746,62.72175128434914
P07,0.1048252911813644,3.3051839018955684,70.0944821758427,67.59844035663237,68.38738265533013
P07,0.030470914127423823,9.387089400042726,66.11382862918911,69.15804926901029,70.23249378019294
P07,0.017777777777777778,3.0641905677883083,42.40154978129381,43.140683682309565,50.31227625007398
P07,0.027359781121751026,10.063512224486551,39.724360134930876,43.38198808311032,47.006210435855586
P07,0.0984375,9.530968083390942,65.13844904594134,68.4675590862125,71.84141335713224
P07,0.13086770981507823,9.048925266742907,62.28158343623686,65.57204258054011,69.58423657318124
P07,0.08641975308641975,8.536136524007931,63.93108631190583,66.21074323529743,68.47569247696876
P07,0.06789250353606789,4.039482543057875,84.47295041615192,82.02510773072675,78.40730561746
P07,0.13193403298350825,3.556396537014411,85.71859939668886,82.93623733795602,80.5053336946798
P07,0.05635838150289017,7.5390223418895195,55.6256289199522,58.34063385539472,59.58119254194387
P07,0.02247191011235955,4.973148332531152,67.04676005485655,68.77181179304758,70.76377386015679
P07,0.00831353919239905,8.016945934092725,64.92574679164922,67.42973700946101,68.02639008892365
P07,0.016842105263157894,4.017426417186076,46.54735031263824,43.77167189203921,50.57890241682054
P07,0.03361344537815126,10.70995696905448,72.72644896017027,76.24895735105432,75.18095311983527
P07,0.012893982808022923,13.01837615490423,63.77893372457132,70.60589918226856,72.91706576711361
P07,0.04554455445544554,7.287722384914993,58.24992832070873,52.054466775175186,55.99218277043931
P08,0.016333938294010888,4.383480717291765,35.350407293538915,31.51947354968136,43.868189687847114
P08,0.0382262996941896,4.998664940434822,34.68751848158426,29.708324264442616,40.05797261666432
P08,0.018050541516245487,5.307317790135345,35.88394602408451,30.615543105542592,40.547045801407506
P08,0.012345679012345678,1.7097778296432242,29.986254168792478,29.42382642578594,41.844853117192066
P08,0.028119507908611598,3.6378978655979033,35.27734668625265,31.680616823998434,41.49869565732794
P08,0.061567164179104475,4.31846519143312,25.203016557773925,29.27384687448231,41.01702531288491
P08,0.11494252873563218,5.624571094878314,39.35109517367551,33.95084526505093,40.945056603677685
P08,0.06868686868686869,3.8799326075332026,25.05310730928412,28.844972362155044,40.22489887669896
P08,0.041176470588235294,5.133880176585402,35.39005268782569,30.364684935607688,40.266494766738106
P08,0.008620689655172414,5.527368464345253,35.40791464680759,31.411724981395448,40.6208483957873
P08,0.056572379367720464,5.972450204623018,36.39790948838864,30.595244771661186,42.05940259642888
P08,0.017513134851138354,3.832248893847524,24.520980556511,28.259989641005113,39.366766019126224
P08,0.04701627486437613,4.273737385334031,24.109776316707986,28.32172845977437,39.31464376010786
P08,0.013793103448275862,4.050378971654488,26.49889000461569,29.990598652269657,40.77560680617561
P08,0.015358361774744027,5.247514739194268,36.28859298480862,31.4571138356025,40.2386206179178
P08,0.025,5.793297986305883,37.44841871662598,32.048323165112684,41.206371000434785
P08,0.06972789115646258,4.508931250493517,35.79884658828023,31.344195027253345,40.11939894244675
P08,0.033950617283950615,5.013153171107445,36.32301223726999,31.501578481564398,40.566913045728136
P08,0.04397163120567376,5.017337838197626,39.69592356076643,34.73403365341686,41.03995700806115
P08,0.06046511627906977,5.629553535347007,38.16166409599298,32.54601966993179,39.24931028622281
P08,0.08291873963515754,3.0922636164738053,26.970239068607448,29.867498586594234,40.44102619226449
P08,0.12244897959183673,5.566928252281987,38.9565771707861,33.67850183883714,39.99098651828131
P08,0.04371584699453552,7.686676343215313,28.507315060331784,30.790323471582706,42.006071204239895
P08,0.11921708185053381,5.358375795554784,39.41425505003789,34.19137552652122,43.19587317819733
P08,0.13928012519561817,5.91488680631071,38.8995485727286,33.79087566054367,42.24898407917606
P08,0.05657492354740061,5.674374025729541,27.603259711737056,31.43726141049109,41.48861353991586
P08,0.012738853503184714,6.055587694765383,37.8721473483998,33.08829692685544,40.79584791665713
P08,0.3032608695652174,1.7069840904852798,39.46152381244883,39.25596734928428,50.25135120555086
P08,0.2964912280701754,8.02913045245981,43.80470061571559,35.78062728912074,45.625827310304764
P08,0.3249097472924188,8.018321935549597,45.85184361639526,37.92368161392345,49.171663484364636
P08,0.3145631067961165,1.573698489963101,38.01342752618887,36.443187943152545,47.179329184670884
P08,0.2933579335793358,7.878452569437072,43.68870313890181,35.810303381077716,45.86677010953973
P08,0.37209302325581395,2.0602039745693626,37.771343523309945,35.898877437468364,45.92648361444352
P08,0.348294434470377,7.270789068974147,43.1011405331937,36.47127489560402,46.10233925483207
P08,0.2893772893772894,7.6098533988691335,43.61164825390333,36.44634057824047,45.398759005242475
P08,0.39579967689822293,9.048963430509628,49.37392432754658,40.33731572770737,49.171187824317
P08,0.375,2.516796470673914,40.29635150133207,37.85283663349205,46.60322587474409
P08,0.3929824561403509,0.8902603814769117,38.03855882730294,37.46801862722578,46.262780629053545
P08,0.29947460595446584,7.925664695559376,42.645677432302236,35.4374201650858,44.69672543940163
P08,0.2098360655737705,1.8308344928798421,34.17996074541833,33.255198872368375,43.28386397862616
P08,0.4007352941176471,7.068231022556447,40.92907328985919,33.91017476187663,43.47881600260972
P08,0.28896672504378285,3.031718201858637,37.41526009960659,36.154443307212574,44.08865618423911
P08,0.30122591943957966,1.8960105478772353,35.584235741004804,33.83846481854605,44.55547469866609
P08,0.3092224231464738,1.2138988487226527,35.990979682667046,35.292457389840855,44.34857185926322
P08,0.15487571701720843,1.802173226949916,36.23978382006901,34.58716985021877,43.78300206412087
P08,0.12413793103448276,2.3594470923340527,34.65849949696071,32.70508844568201,42.45320682167984
P08,0.1466275659824047,0.6683996952501671,32.247698226129806,31.58733267610278,42.125074642888016
P08,0.17271157167530224,6.033333184326712,36.80207619197623,31.11049674139051,41.2737356507303
P08,0.19601328903654486,6.449467734392199,38.86641880108925,33.179816725630765,41.93693259143721
P08,0.12157534246575342,7.0328578453614226,40.119266239364336,33.48058461088958,42.19302516151728
P08,0.22007722007722008,7.976287679957088,41.68268671842605,34.20855527201109,42.47220973317226
P08,0.23801065719360567,6.860312680201164,40.94368829618297,34.270364771532286,43.167536640991706
P08,0.21052631578947367,7.129965995204898,42.729769835441665,35.62935928968771,43.85705205972875
P08,0.1,1.8683171932374159,36.20093980407997,34.334803081701146,45.82948730162909
P08,0.1596153846153846,7.1090822999680725,40.16988107957277,33.259989594819345,42.71588464024242
P08,0.20898100172711573,0.4427242314317664,32.2866368835294,31.92981930731617,42.61594555423875
P08,0.2358490566037736,6.883587394796616,40.96541526337413,34.335016924417936,44.650054182896184
P08,0.16716417910447762,6.771323169339788,41.2510650218314,34.4810627590179,43.74820968895271
P08,0.17713365539452497,7.074149803397782,40.65032935016758,34.295122782711715,44.078113001898494
P08,0.14462081128747795,1.9269466560403745,36.912174405537684,35.010479443878054,45.064181112594035
P08,0.18995290423861852,3.6449766229710874,39.498792533083716,35.93254814489928,43.711388502195035
P08,0.24363636363636362,1.5417375224277954,32.92483984055462,31.47879716331015,42.04612974358548
P08,0.18459069020866772,1.6724033077054505,35.34982720098578,33.82400490907187,44.53808884210595
P08,0.2583479789103691,6.940911813313999,41.1496535760987,35.281840558428236,44.14330534857986
P08,0.019332161687170474,6.577756412122127,25.751678648167495,29.398686717088264,43.2903121461092
P10,0.9672131147540983,1.822563227449302,55.178925811087844,53.61794513634618,51.19228179970184
P10,0.875,1.767310569208984,58.34086327845558,57.179982055258364,54.25648315441311
P10,0.9519832985386222,1.431243857095639,46.7007127213298,45.46347274347921,42.550420854777144
P10,0.9529914529914529,1.6230791449142645,47.0231991246999,45.60480334703061,42.75492421347988
P10,0.7697095435684648,1.106519480272121,48.07161451068943,46.96732218653895,41.94738821288874
P10,0.7603143418467584,1.4559725738119658,50.43701868615486,48.98210179580416,43.63008196763773
P10,0.908203125,1.559681512317882,49.97325240589546,48.871438065936466,44.71455043936492
P10,0.8660194174757282,1.8097558484390868,54.51365300321543,53.07996124761606,49.20597277187588
P10,0.8238993710691824,1.6194471641982886,52.228915406942455,50.76906894145749,46.27006750899816
P10,0.8596153846153847,2.0085217169367082,55.232103658538186,53.29388469635877,48.6114453849231
P10,0.7738970588235294,1.3834543789332032,49.95872274505319,48.62523391054089,47.33194587708311
P10,0.5342639593908629,2.456042929455138,61.05048668829733,60.78862489251339,44.092091166075875
P10,0.8227474150664698,3.6452723213851095,46.67990635921543,43.1160607664991,44.64494239798631
P10,0.5369718309859155,1.51535748156231,46.13719029599598,44.64917561987921,45.57450016420486
P10,0.6330097087378641,3.0658586203477536,48.285684852005716,45.297435977824364,49.376000795739
P10,0.49502982107355864,2.3897492452564837,52.666915109891356,52.611451557161004,49.649829743475294
P10,0.5822784810126582,2.476021739872292,52.879875973928975,51.940319953827775,53.178006304939146
P10,0.9214953271028037,2.038090459129776,56.07160454904107,54.03502348678987,50.132006477937786
P10,0.729106628242075,2.162134516542323,47.01407897464582,47.58639423167388,40.82994420091734
P10,0.575591985428051,1.2028791235957452,49.209821383787265,48.66049719199022,41.09423862460192
P10,0.6589595375722543,1.962610210138783,48.566787365944556,46.81337180203332,40.399841716754835
P10,0.47489539748953974,2.2665693435307928,46.99869914702332,48.72193901117064,41.09037519160982
P10,0.6763005780346821,3.543467413289648,47.229416725099476,49.31049018498486,42.07395754610625
P10,0.4539130434782609,2.3391041286733008,48.16787937800347,46.07383874443725,41.171184175757126
P10,0.5380228136882129,2.8264676462567486,46.789046682982075,44.907273034734764,41.7515715947827
P10,0.6207584830339321,1.5185519755168355,47.38161061515683,48.04687421560501,46.99560535840008
P10,0.5799614643545279,2.7298765753353846,51.82067158779571,51.14083358651701,47.75086833446683
P10,0.9769230769230769,1.764188565046134,50.84524454471501,49.13089097880172,44.744852882863356
P10,0.7705223880597015,1.7109254560864977,52.02024325696562,50.31275089236181,43.28817507688623
P10,0.7733644859813084,0.3991057172082925,52.81442547564485,52.559389247937766,42.79685247932777
P10,0.8310679611650486,3.2211036994178643,54.4490304892148,51.62119814816605,43.449703243096096
P10,0.7756410256410257,3.304709827100477,56.003627157612456,53.108247963160984,44.91610367033069
P10,0.652542372881356,2.192786207851105,55.712151211872126,53.72933787660855,44.44526827571695
P10,0.5821917808219178,3.2353925602575133,56.17388894886861,53.33800547630287,47.03055906271231
P10,0.9922779922779923,1.7207520392279523,57.895419387226646,56.24180010599562,52.507359666385746
P10,0.6818181818181818,2.2351876507660284,56.81717172633033,54.82014193649963,46.77294185736976
P10,0.8571428571428571,2.8762180259155956,57.93306411895094,55.74329821429466,47.689302959901134
P10,0.6291666666666667,2.5909518159715925,56.10242339509202,53.73267039108006,45.823384725272525
P10,0.740041928721174,3.126812315903315,57.28567305268749,54.70516061771082,48.66063787934294
P10,0.5825242718446602,1.6303045722210037,57.29739228242807,55.667568856678585,47.96206474966934
P10,0.6906187624750499,2.304009201626944,55.26228812812893,53.09846013037582,47.51977279668415
P10,0.5945945945945946,2.2296934708407528,56.462240826495325,54.24747864299376,48.281599875170215
P10,0.5439672801635992,2.1927696133829633,57.60110359984944,55.43221633127284,49.6882766003007
P10,0.5632411067193676,1.4797038498406943,59.05396890580145,57.57505443911676,49.71057287039717
P10,0.42322834645669294,1.5053386333894865,56.775002476736375,55.387096993253046,47.157590003072045
P10,0.9669724770642202,1.6740424642470535,66.97193970446658,65.34789339457136,60.85341489342399
P10,0.4607218683651805,2.411411059965507,50.61833431467848,52.75243977787579,44.90039995847438
P10,0.5959183673469388,0.3317953156474882,50.26045840395218,50.11515193117589,44.578267693466515
P10,0.5387755102040817,0.4345760419950059,51.085644808620714,50.70881318696875,44.57686267952287
P10,0.6114649681528662,1.005531119815683,50.717612221131475,49.734221490369116,43.80545395856578
P10,0.47551020408163264,1.2665299058143045,49.765995629181226,49.82059427603426,43.50062250203647
P10,0.5528089887640449,1.5718312350805226,49.691603509259124,48.3280312191598,42.79682881531528
P10,0.6702586206896551,2.42859994903264,52.4252748668907,52.28681934572812,45.04002860908015
P10,0.5829694323144105,2.20889059248788,51.320037500213395,49.36564422484408,42.54979943964784
P10,0.6659619450317125,2.2812297801390398,50.512798317078406,49.07531989490037,43.57307718020435
P10,0.494199535962877,1.4166720487269606,50.97162134609841,49.81518247432492,44.4195101730146
P10,0.8588007736943907,1.5952292393086311,49.634754548897604,48.42020208372219,45.153493064326746
P10,0.5431578947368421,0.937607984374592,49.64672142361257,49.42577772725235,43.620948920381174
P10,0.40380549682875266,0.7004561476362529,51.04386073189808,50.426606678354254,44.07107594359013
P10,0.5748898678414097,0.8232679749761791,51.282168989235956,50.59140134724534,44.85127116572266
P10,0.6072234762979684,2.2726426058629947,51.83628633060035,50.76026193775344,43.1624038210069
P10,0.44222222222222224,3.3244434621392616,54.07434129903507,51.807397287743136,43.87742779316196
P10,0.5626373626373626,2.134136206874385,53.920789228653305,52.592835041346596,43.73451012070819
P10,0.3082039911308204,2.440465204154816,52.75479847540476,50.964858666335026,45.567285066173675
P10,0.37154989384288745,0.3580490945165016,50.758131707527355,50.41278113039838,44.82719627248003
P10,0.4582392776523702,0.788445772028325,50.263707363566986,49.87280322432719,44.25268406394563
P10,0.90625,1.6696311799633687,50.04714872338973,48.61074325331942,43.873369917162556
P10,0.37393162393162394,2.851294135926874,52.08187005753668,49.72340152794576,44.78231100103208
P10,0.3023758099352052,1.441295704418383,50.562385130009424,49.126396000419106,44.02772409297112
P10,0.37393162393162394,1.1808858410178984,51.03936897575016,51.24816601233527,44.4327041146236
P10,0.5596330275229358,1.2952913205569987,48.935672865892194,49.10764955012095,42.726032209487286
P10,0.8735177865612648,1.921912509272722,51.50925849139966,49.616802204651314,44.08631888150353
P10,0.8599562363238512,1.5083711763462864,52.72477233397844,51.28560983041672,46.85523574410341
P12,0.9739130434782609,8.038745199738056,55.88041110337414,63.33661805853184,56.92018858575308
P12,0.9436619718309859,7.379295333063213,54.68079381031346,61.30158461969497,55.74839479351327
P12,0.9789473684210527,7.918118032180777,52.377661410652486,59.68564460627949,53.88282140840557
P12,1.0,8.897732374812515,53.728382214473456,62.1434594414659,57.27878952100867
P12,1.0,8.19759717465288,55.16598766794475,62.70505532619702,57.88389780984061
P12,0.981029810298103,8.359535330127802,53.44253974729457,61.28652236377327,56.49007220480915
P12,0.9631728045325779,7.821326005144794,53.25043352420096,60.67010585777237,54.99936277316966
P12,1.0,8.619348029116965,56.91097361546058,65.02767211820917,58.67638203039401
P12,0.9778393351800554,7.860326469176905,56.24462634573008,63.63310879837944,56.1416791882134
P12,0.9491978609625669,8.040834416505483,53.625477061754644,61.05784663836333,55.444454443243416
P12,1.0,8.575563147916938,48.60275063128104,56.211630505592474,49.52389517390906
P12,0.9846547314578005,8.510892106720346,56.86839518096403,65.09225616401507,59.73973333260956
P12,0.9971428571428571,8.080377155610586,53.3219073063305,60.95377561189282,56.25556050465631
P12,0.9712643678160919,7.785599839538129,53.07303457784246,60.510209715514385,55.55124243191438
P12,0.9928400954653938,7.859694457217214,53.603885116331384,61.03451921619526,56.489421694967724
P12,0.9924050632911392,7.646792981400364,56.97408236775923,64.08842751919589,56.826269748178554
P12,0.9697802197802198,7.8796715854684605,57.32494349467485,64.74450768637304,59.35456162596255
P12,0.9717514124293786,8.341745191779667,58.082810760982824,65.80306310918918,60.08452154080328
P12,0.9639423076923077,7.483362354449181,61.384976942177424,68.32832810980221,62.96839281587079
P12,0.9945945945945946,7.876536116458632,60.74409505221137,67.94193631567217,62.648676770443245
P12,0.9790575916230366,7.952524152862483,62.33719067372496,69.87503620579457,64.71287760875202
P12,1.0,7.762782718108968,52.26412659122244,59.3772729529939,54.15781465165658
P12,1.0,8.321385100518288,60.584704617102695,68.52498638793415,63.157979224153024
P12,0.9862258953168044,8.180968563559317,61.154213558851374,68.8272546038874,64.62284992600217
P12,0.9820971867007673,8.541433357341791,61.76111295550937,69.72636841183966,65.24676949146571
P12,0.9533169533169533,8.849237973442072,62.29781274483323,70.75666502848456,63.74429799369846
P12,0.9943502824858758,7.933624000250641,46.20907926848505,53.518037552471654,50.1306974288298
P12,0.9896103896103896,6.788574122420173,49.02542760041236,55.27447601549079,50.30473684789308
P12,0.9304123711340206,8.10877804449753,54.11136325459951,61.639976703030136,57.80550730030063
P12,0.9916434540389972,7.5690003185720975,50.572145441175664,57.73876380180365,55.02830207755538
P12,0.9974358974358974,8.126941751320906,47.630184032308456,55.234917990810644,52.300531832646406
P12,0.8964497041420119,8.108829391209726,51.789089076379874,59.55512017775401,56.38165489717947
P12,0.9615384615384616,8.349863165479634,51.1522585365651,58.78073496029127,55.03957731631289
P12,0.9100418410041841,8.540656834279542,44.2766191411513,47.48968928231305,54.766327177722324
P12,0.9323770491803278,9.370905385592332,47.73284379656145,51.7459807151107,56.655338643973
P12,0.952914798206278,9.381758598760669,48.20193142294379,52.868787190664555,58.77640310544873
P12,0.9038901601830663,9.530841640331616,45.825053739148004,50.99974912298466,57.99857425785556
P12,0.9868131868131869,8.656516201297602,46.01726996289464,50.4796909832804,58.613999161687396
P12,0.8773584905660378,9.100934084058819,42.67258169774663,48.018368255331524,55.995834949426445
P12,0.8167053364269141,9.360359069269748,39.930580359817334,45.310049003436674,54.89796777770796
P12,0.8656036446469249,9.144451640565094,42.714069593474434,47.73888723545927,55.89657432590217
P12,0.9004524886877828,8.216028285530653,40.640038379602686,44.865984820838264,55.19377872286056
P12,0.9819587628865979,8.063026075315753,54.49351711881779,62.05342061822444,55.86101671771017
P12,0.8726114649681529,9.189242714731433,42.55360264325176,47.48157065584234,55.276866760478214
P12,0.9349112426035503,8.68497377812182,45.89466637446176,50.75360524701512,58.14883658163218
P12,0.9692982456140351,7.795891858737909,48.31045584355102,52.531554851775276,60.61258341739174
P12,0.8501026694045175,8.847607081253326,44.36941479249188,49.86391689746591,58.6672266423763
P12,0.9584295612009238,8.033089796125672,43.1065581653449,47.404841068258165,56.18967328543762
P12,0.9440860215053763,8.200793083801337,49.00242196850902,53.75161617796441,60.66356081278322
P12,0.9864559819413092,8.988630233701429,49.33616023040822,54.911727450463836,61.16484734315871
P12,0.9883720930232558,8.302483581313421,50.530715028526494,55.90933638637868,62.418819260924444
P12,0.9748858447488584,8.152554264452128,50.7203153444964,55.743461458744996,61.58093010279939
P12,1.0,7.903444818945079,56.866419394632935,64.06662913383379,56.72901182200051
P12,0.6504424778761062,9.18289242935723,46.567253869447896,52.50079022351471,60.248132218820594
P12,0.8432671081677704,8.90582078284023,48.43106099070773,54.19941284568193,60.966219335338586
P12,0.8029661016949152,8.831111825786778,49.007081054218325,54.699256367382034,61.22224194794733
P12,0.9212765957446809,8.267446119582143,48.927493446438305,54.16197813292939,60.218792144674005
P12,0.7939698492462312,8.167408301317417,37.58102237169672,42.793346822328374,50.81748634979029
P12,0.7740492170022372,8.358970182572962,37.44657842943557,42.819602525369,51.96720752885321
P12,0.7433035714285714,9.10896545316155,42.113709129263746,47.939521627121664,56.053510478481286
P12,0.8119834710743802,8.598725390244429,42.19117148110347,47.43157455784106,54.48429817901662
P12,0.7581699346405228,8.780716848890306,42.79418688230319,47.80795827161699,55.23308798208708
P12,1.0,7.350699382757781,49.46147499111773,56.321020060535844,51.525325834152284
P12,0.7274725274725274,8.618308432871839,38.39522363836264,43.587022312106605,52.59800432566229
P12,0.6973995271867612,8.395550117665458,40.65347682703541,45.23782630178722,53.73393281912094
P12,0.7308584686774942,8.772163383362527,39.82882857831864,45.035361769463556,53.68925919080049
P12,0.7818181818181819,8.432718536357834,43.42426000456321,48.50466367741494,56.01058691230127
P12,0.7808857808857809,8.163553312512274,41.13856409633148,45.839138839127436,53.95102571532975
P12,0.8177458033573142,8.10446700306848,43.394974357005495,48.057833389087385,55.45093336844326
P12,0.7815315315315315,7.91943299721557,42.707754082897026,47.47790649244258,55.757927986372636
P12,0.7730192719486081,8.008382718300625,40.006222138995255,44.99331829819935,54.120247874676885
P12,1.0,7.106716227183173,47.356843819654195,54.0640587859867,51.09066014184109
P12,0.8579881656804734,8.637105866338324,41.733645321936194,47.35336172220753,55.26602597445513
P12,0.9574468085106383,7.568325556616807,46.383499005104945,50.986300097992434,58.54734217138244
P12,0.8861283643892339,7.873287081230094,45.03600083893413,50.44775514552138,57.65115235506891
P12,1.0,7.920756306826868,53.88408865381467,61.264393045944296,56.28626965527588
P12,1.0,7.171861892785114,50.52158205321176,57.3735919750273,53.01022032458698
P13,1.0,1.8808553523609226,43.303424580484844,41.48012443149925,53.13466661463801
P13,1.0,2.464574165960834,46.16653028793099,43.706011055631784,54.13017469152809
P13,1.0,1.1269704721317841,42.150851104097804,41.03706716304438,49.855183537658554
P13,1.0,2.485120410468181,43.02661250730868,41.35944717491278,52.648356442382926
P13,1.0,1.8282884279177845,45.87044027463555,44.39035465826239,54.4417633618613
P13,1.0,1.826180782131417,43.48834112411543,41.93923043790128,53.99260595491334
P13,1.0,2.5125662241557527,43.22450284359736,40.82479594242411,53.70991309051965
P13,1.0,3.4263260667277193,45.156692747314864,45.22263269534563,56.31297746182126
P13,1.0,2.3181661097252815,43.85510876941106,41.66274059175533,53.91214124588261
P13,1.0,2.416443945990411,43.45826270382591,41.05487259805317,52.38739739848547
P13,1.0,3.608612823202683,43.55233008380229,40.27309889763544,53.44378013270408
P13,0.9858823529411764,2.234014718135078,44.41842475583824,42.19109782483847,51.62362437707402
P13,1.0,3.3296464126549994,46.521006091342905,43.30636934221145,55.1987163868154
P13,1.0,2.756877835136453,43.425431171780446,40.668583460586916,54.6902668971156
P13,1.0,2.5513095125298904,44.235675746749074,41.70051292465566,55.36879445803225
P13,1.0,1.4827502939370276,44.540398447188835,43.12533659564522,55.62743029764807
P13,1.0,2.5373416730181737,40.92361842820024,38.44466922587436,52.07161798547975
P13,1.0,1.1243823452295743,42.64978836417265,41.54741345115367,55.24812176109367
P13,1.0,3.8326481246655684,43.76023159166572,44.31775866092192,57.354535327715844
P13,1.0,1.3989268008639373,43.0844697547312,41.686581315734486,53.936247035418255
P13,1.0,2.916174029623936,43.775664197948245,40.91386697898961,55.15678110854264
P13,1.0,3.013974224394546,42.411800730582435,39.54602765125551,53.421196248771125
P13,1.0,3.114160943442877,43.38537779184856,40.32573155237856,53.82274116440686
P13,1.0,3.44892369753744,43.70063649994543,40.689247489118145,55.09911198996406
P13,1.0,3.6976408869782236,42.75174986062046,39.28358574531603,54.46705542219799
P13,1.0,3.68914118336155,43.458808817136486,39.94557705307114,53.5080402151316
P13,1.0,5.26683907026078,44.50385045755693,39.267739902783966,53.91422731136592
P13,1.0,3.11686786892905,42.044460697468764,42.038829142558,52.482883233269575
P13,1.0,4.061678334270086,42.782503920442245,38.81013033227658,54.303838516655446
P13,0.979498861047836,2.8702912052574163,48.66543065884009,45.99005309519315,51.11897656953029
P13,0.9956616052060737,2.321068085323367,48.61856640934106,47.48026516925637,49.44140388663866
P13,0.9399141630901288,2.284394983798553,49.901289467625446,47.74677159232132,50.44117322618505
P13,0.6689497716894978,4.598089241120434,49.379260413442076,46.55761222043814,48.87481366272135
P13,0.6907730673316709,3.7907775795243213,48.11848909177477,45.803912848154695,49.645117874962686
P13,0.7014563106796117,3.4956042897025137,47.20691985955011,44.95119730156688,49.119651912697016
P13,0.7099056603773585,3.2787478265744436,48.249965416004905,45.852186410375694,49.94710752408818
P13,0.553014553014553,4.311543294824503,46.541810209816845,43.526470840083014,46.065744360406114
P13,0.7283653846153846,3.2689983321916003,44.48720971445111,43.9354653714717,47.48326413924009
P13,1.0,3.0675475727546506,44.98695263871934,43.883605337388275,55.285980923029264
P13,0.7200902934537246,4.2548715618308,45.8987671134822,43.72482313610305,46.91811927622957
P13,0.7016317016317016,4.359941082150859,47.93386918283939,46.07667404829527,54.2384263741633
P13,0.6850574712643678,4.096497848482137,47.68916553351152,44.631479368085465,51.63989094530942
P13,0.728538283062645,3.89425199140965,46.95279968881028,44.28762521179009,50.248624395639816
P13,0.6811279826464208,3.4699753410653575,43.8034602779574,43.43248617463466,47.85650996514721
P13,0.7369565217391304,4.5753143825198945,45.90877075236033,43.49624109307129,49.19648233739748
P13,0.7310344827586207,3.6371672890227753,44.95180469139004,42.87241037565075,48.70596569913394
P13,0.7151394422310757,4.349207449138652,42.322010073745496,39.332247734875885,44.82013672468886
P13,1.0,4.027980372555305,43.4170914169433,40.96440455958415,53.76412026543668
P13,0.6637931034482759,3.7883711500209567,43.86008630171244,41.29066995513552,46.24307276641172
P13,0.7258426966292135,3.7433474093359127,43.78198574525303,41.66362705597452,47.5558022617812
P13,0.7267080745341615,3.7088179846975327,43.64044241576231,42.24516466321022,48.757916846521134
P13,0.7314410480349345,3.239691980739144,46.10479630570316,43.201633462701956,47.208685520549764
P13,0.7600849256900213,3.7671931783500057,45.88563314525441,42.82514514832781,50.70555083550628
P13,0.7388392857142857,4.305389397683859,46.47907627679547,43.84490757498949,52.9032244407374
P13,0.7910447761194029,3.625625091411633,46.631526074616666,43.683361812537136,53.403304160564794
P13,0.7157464212678937,3.3034473523973857,46.73596881415255,44.43657729768675,53.69475077265369
P13,0.648578811369509,3.529483289082731,45.1862417692547,44.52463939627593,50.836738647448605
P13,1.0,1.4406578209114014,44.15104504204317,43.960231546517015,54.03327757341463
P13,0.7180094786729858,3.6687917014719345,45.38102369183985,43.1386238380042,49.98389910660369
P13,0.7298578199052133,4.1177382843274,46.16961587261851,43.50726026515235,51.82133952722767
P13,0.7695961995249406,3.510315486414958,44.074788323358796,42.59279864267705,50.050234540616735
P13,0.7636363636363637,3.4137295621300936,42.77251868595319,41.59540827773964,50.56300294868352
P13,0.7687074829931972,3.8517709716768356,41.892765642183456,40.999217518939,51.010427339057884
P13,0.7584541062801933,4.034386940407586,43.48159810090749,42.99017727084362,49.33850971595687
P13,0.7885985748218527,3.8379560240243036,44.72615716573044,43.11256707379447,49.685445635205404
P13,0.7600896860986547,16.915274135638175,45.36925714168211,56.56161247245255,49.33619645059016
P13,0.6811989100817438,4.0313658661957605,42.416269595723385,41.557472982473115,50.05385498982001
P13,1.0,0.40753968613837327,43.7534142980199,43.37454119380942,53.41520782874626
P13,0.7394789579158316,3.4574410070751265,42.37328699308839,41.412720309389464,49.742497272244734
P13,1.0,0.9972286917414586,42.30806741975729,41.33083153854974,51.82685889436804
P13,1.0,1.4834331902216407,45.33174226309456,43.97443926851907,55.71262894856825
P14,0.026217228464419477,8.703034099725787,33.966169080605994,38.60938558445325,47.84371325984118
P14,0.011428571428571429,2.7777618405797972,38.347758933495655,38.57637760480234,47.707114622838105
P14,0.009671179883945842,7.41808962666623,33.63849292925314,37.16381598382751,45.38289966826123
P14,0.35774647887323946,10.316864399027612,37.86713971427653,40.96807752171237,48.592100443412114
P14,0.025477707006369428,13.079136138154333,33.95236126273602,36.89512043162717,47.12064235375624
P14,0.009596928982725527,3.008642546033801,38.036771384706384,36.136826539372485,48.399013868633546
P14,0.009208103130755065,2.574794889995627,37.806900557268186,36.07011125441697,47.97197457276053
P14,0.0423728813559322,5.867631932320663,33.769536437840316,37.92890864251065,48.527683162412316
P14,0.1101871101871102,12.348935675523741,37.30372611108312,41.57148988199213,49.1073673434267
P14,0.059845559845559844,9.861781417317639,40.186534004541926,41.58964970937882,51.03521205017323
P14,0.02584493041749503,19.392682060938398,31.707535968853627,42.53544084655744,52.26146609959408
P14,0.07615230460921844,3.8306375744815857,38.64553294999835,37.97274858982995,47.31543578344626
P14,0.52834008097166,9.051624918556637,37.364824755130904,40.568563904552036,50.117181387638695
P14,0.5471698113207547,8.577236229693215,39.33048670684178,42.45189733066578,51.80614357740351
P14,0.6354775828460039,9.656779019685818,34.07949766527709,38.086252398270084,52.48635478395305
P14,0.650319829424307,8.133954116438503,37.17388450893759,41.34196350092449,51.30237389145605
P14,0.4817073170731707,11.307439269820158,36.70877435776205,44.09667501322396,54.43655274962908
P14,0.5009746588693957,10.07813806490806,42.4943649154141,48.10601641197572,58.623740218916446
P14,0.4178498985801217,10.400844575920724,48.92808657300873,54.90494019172749,64.59547575198998
P14,0.2511111111111111,7.871085933980909,43.933310715617516,46.17794430166206,43.59478507042273
P14,0.19961977186311788,6.130598117113831,39.0473083943482,40.47322547804792,43.068960885226346
P14,0.05454545454545454,13.227200975852865,31.081729773972217,37.52312242221664,45.74726349625301
P14,0.2633333333333333,8.382900179844384,37.23326336577391,40.8211388338573,43.56311202383394
P14,0.06883365200764818,3.4167131112878444,39.919019452334176,39.315290841347405,43.1702072177183
P14,0.11132437619961612,10.65886820189934,35.95826226112464,41.29782317270702,43.591542545208725
P14,0.12433392539964476,4.904521039419111,37.267840943836745,39.73474966786035,43.05914977119829
P14,0.10943396226415095,11.574872204390408,34.46105463689038,37.67287466021528,42.75571744032381
P14,0.1724709784411277,5.579405793471059,35.22675111175221,39.66733948982428,44.66763690506693
P14,0.1961206896551724,7.158493023834313,35.23832460306092,42.070904670082946,46.151277821020116
P14,0.2297029702970297,6.069487138151941,37.16243702333678,40.58766384903184,44.53837851493838
P14,0.047058823529411764,19.240445966138967,30.126503677642972,37.19604389549507,45.9802957158489
P14,0.03346456692913386,5.160496903993245,40.617638083343316,42.4623276044896,44.065295915974644
P14,0.09316770186335403,5.463069848338926,35.98578977960447,40.256495743518435,45.254258802131254
P14,0.05060728744939271,13.48290922610633,33.21737926255171,42.523553667963206,46.65878270964676
P14,0.16374269005847952,5.198851656890469,36.95836715868786,41.57214139584444,44.602238985131514
P14,0.2281303602058319,3.520770617633747,44.07005651351647,47.24330114234178,46.54365360246665
P14,0.17255717255717257,3.9288473917912263,41.23541412153229,42.12019672579775,42.85687889609002
P14,0.13344316309719934,5.282023045128436,39.37430382617319,41.86997862574767,43.08521210480444
P14,0.12424849699398798,16.407164983311784,36.171365064505366,43.1298018300053,45.06754322238649
P14,0.03777335984095427,11.784126386860894,44.7816139234048,47.389604497325564,45.63665190719087
P14,0.03525046382189239,16.983345664159625,31.887936749213836,37.780884789134596,47.80561840908701
P14,0.043137254901960784,8.934625684993378,37.08120027026414,42.226616637514134,46.63707070065457
P14,0.01606425702811245,9.319487814646452,41.938246906318774,43.33040612879595,44.748887515872106
P14,0.028282828282828285,9.216099763989194,35.33484290844821,42.6657334641008,46.79176563788208
P14,0.011061946902654867,4.922424319922136,38.28431185427482,40.40264830766141,45.04116798278106
P14,0.032504780114722756,5.732439488144489,34.83409474361592,38.109770725585555,47.47563713690259
P14,0.019801980198019802,13.95880950895245,35.29930787805544,39.671635313780456,49.370501386001415
P14,0.03643724696356275,18.436112529070424,36.41558120299333,41.8162997493648,47.37232278750714
P14,0.10059171597633136,7.443376037482016,41.856233422277356,41.848067107205324,47.92367019214761
P14,0.009380863039399626,15.94783202036069,43.51538545766431,43.752452818988054,47.57808169663461
P14,0.2746331236897275,5.315850131808556,40.394812453900975,43.30965017476713,45.07820586071174
P14,0.21626984126984128,6.129462077089036,40.511950908191565,42.38273519906561,46.27499909348975
P14,0.1154562383612663,4.445421075564035,39.43134898331137,42.53067957939572,47.06141693255177
P14,0.019230769230769232,11.404273336408734,31.767542221496903,37.8463275573893,46.99956833341482
P14,0.1441947565543071,4.822492550713874,40.07958001162582,41.56902744603688,47.60282818939351
P14,0.013435700575815739,13.122729424032709,29.09791745188972,34.67803451924567,45.985979122343785
P15,0.7463414634146341,13.241346202895366,43.78547890713376,55.831576205873375,56.98445581941949
P15,0.6658163265306123,14.934777347214041,40.59971775742268,55.37912549141765,59.23970318337259
P15,0.8418803418803419,15.499710946533856,39.33999080302575,54.653944157013875,59.261925171924766
P15,0.764102564102564,12.754458151145311,43.437592977506505,55.428350830523435,59.10655716587493
P15,0.8210526315789474,12.191158120784449,42.07914044722916,53.31218778641861,59.3603358100435
P15,0.8096514745308311,15.148632557957656,39.910326349353646,55.00401681916956,59.254615901307695
P15,0.612565445026178,15.14228424498685,39.74657875590293,54.76755782779254,59.50320990075477
P15,0.6935483870967742,14.485211134041334,40.46853300812296,54.839654090670535,59.43238175740595
P15,0.7881136950904393,15.114655672244357,40.22589570995344,55.02553765325426,59.621730247335535
P15,0.8561151079136691,15.35702566948858,40.41477738805415,55.37081686460359,59.689449135064415
P15,0.8934624697336562,13.423117991398486,42.37244555649934,54.77309581143717,59.826261613570914
P15,0.9116279069767442,15.641434012813754,39.24098646905894,54.416843087720316,58.698354334249345
P15,0.843400447427293,4.25606754162601,43.62259572989052,39.46239213555674,60.23539695577137
P15,0.7471264367816092,5.025094737298554,46.06381756226655,41.096441503145265,58.93744269573715
P15,0.8381642512077294,4.385515513270362,45.72650631618096,41.35267836819172,57.728927185880345
P15,0.988527724665392,13.376178097587355,46.3770988743217,58.07516033614014,56.186716092608165
P15,0.7838479809976246,5.0330233702145994,44.34049839910858,39.30922278650749,56.18438374797661
P15,0.7906403940886699,2.323581683838773,43.253539552969706,40.934817734085904,57.7018181043898
P15,0.7898550724637681,5.569135888523708,47.27052154506782,41.70140086304724,57.8858034354733
P15,0.8221153846153846,5.2030941421534465,45.82673138605031,40.624074005900454,58.83910019934831
P15,0.8198614318706697,3.0165408548599095,41.559771369662904,39.174633349642896,57.98484922296556
P15,0.9369369369369369,2.648862059708692,42.74324701314484,40.3564660633403,61.046353248739464
P15,0.8845208845208845,6.1978646633377625,45.79589246547265,39.87224200769935,60.69029912863127
P15,0.9443155452436195,3.3447140586683974,41.290965758548545,37.988249157213964,58.9838414344931
P15,0.9351620947630923,5.988219597376599,44.48713410891164,38.57828374964845,59.503862010497755
P15,0.9271844660194175,6.5190211072302064,46.55242284854615,40.22897184438163,60.05192611255497
P15,0.7963917525773195,4.132954434256195,44.087604533314845,40.29560477481776,60.14098112279969
P15,0.8992628992628993,6.419975385311254,45.53003655295728,39.120836350101385,59.05049320127012
P15,0.8350253807106599,7.10623519209062,46.440222132902534,39.399010213325575,59.303380766897575
P15,0.885286783042394,4.057032356691593,43.6939586645881,39.89453402349896,60.23279724992652
P15,0.8936170212765957,6.659358768402888,49.451662295544516,43.527807766837796,62.42000902176808
P15,0.8143564356435643,7.007332569697041,47.09108042947435,40.79873027813986,59.97060142434473
P15,0.8502415458937198,6.192006683664361,44.08642524199927,38.00188860881177,59.091981231389575
P15,0.8436724565756824,5.044898910207899,42.98924160090427,38.01675096786864,59.09635670173843
P15,0.883248730964467,6.1845358726873085,44.57981434988196,38.51810497029202,60.06836799859312
P15,0.9201995012468828,6.055480903239273,44.58917210786265,38.923466566365505,60.7580065173084
P15,0.9788732394366197,5.142270737093512,43.61113884318874,38.527589986385905,61.16951525100861
P15,0.9389140271493213,5.292075436309991,44.73881242890959,39.514709143965895,60.826554563160265
P15,0.9424778761061947,2.5914768170992617,39.848616694356636,37.606344898404444,60.38249295372806
P15,0.9877149877149877,1.4066388095873061,41.67648230541301,40.7296010902661,61.327273694849644
P15,0.973170731707317,2.068579608591521,40.76220563980563,38.71710830577584,60.6142147254353
P15,0.972972972972973,4.590153497812554,42.183397078008994,37.62855904111636,60.19162695910128
P15,0.9806295399515739,4.362552670842756,42.927001851343846,38.89403086313167,61.13791420720419
P15,0.9838274932614556,4.631451735723303,42.48051570719231,37.965374556118114,61.51517132986165
P15,0.9880952380952381,4.441017846156964,47.236883725592406,43.46208460802446,66.48551731687665
P15,0.9625550660792952,3.921524205317205,40.91311996418667,37.0074127192019,59.82350010683513
P15,0.995085995085995,1.9098420622109387,39.10693255314005,37.5200522293293,60.46849576433428
P15,0.9952153110047847,4.092489740865219,42.52049349722659,38.461803687407134,62.30157324312263
P15,0.9745547073791349,4.448857110639274,43.32780492125319,38.94876111114856,61.63056273146602
P15,0.9925558312655087,4.139835238121515,41.668133355158275,37.85616841022251,62.69772933184422
P15,0.9284064665127021,4.494092025172825,43.22036164424466,39.11448639290947,63.59563364948592
P15,0.9759036144578314,2.584031868756058,43.07342432237641,40.693550028757635,63.77026215718062
P15,0.9576059850374065,4.055655833850771,42.391815514469904,38.647927250707575,63.23258307312918
P15,0.9476082004555809,5.490056457456132,44.07438243201658,39.032551863173225,65.84311312760984
P15,0.9572446555819477,3.874163314804431,41.297406761516214,37.63992579529695,64.27434993371698
P15,0.9642857142857143,4.410988881270297,40.962134584611924,37.15665981866831,62.30926517650153
P17,0.7166276346604216,14.684130042538355,51.70144178178738,62.18772658713972,64.96129148938309
P17,0.7360178970917226,15.789446215854575,62.382424146477,74.29868952542209,74.63582375454139
P17,0.6376146788990825,15.74576673300631,30.88998897786004,39.91123855121725,44.03946319781847
P17,0.6899563318777293,15.584204324374616,27.861287603206517,37.96004222063366,48.785450274797356
P17,0.6894977168949772,16.132283563360406,29.74198872640629,39.820905065389745,47.02782068583757
P17,0.6937901498929336,9.283088391613926,31.01185621352594,38.90836855546518,48.73098695631489
P17,0.6430107526881721,14.672492061314731,29.922964403030214,39.89570116382677,50.09703519484829
P17,0.74609375,16.459190744689234,29.54299910503612,42.08061622088552,47.10555391887115
P17,0.6082949308755761,14.189070185794874,28.694134139526547,38.9101573835753,46.8412463005488
P17,0.6637362637362637,13.688237162112832,33.727036264905244,42.35510709755524,50.44700746649225
P17,0.544468546637744,13.808510296874926,39.92882262226838,48.13728731356704,55.01730017706318
P17,0.6740576496674058,14.410652635406528,37.77913083999783,49.28587425922719,58.78358370635301
P17,0.683698296836983,16.149018830585213,32.3241195013649,44.919397291064406,49.80480213221294
P17,0.1868421052631579,13.4961659947926,61.1977480093392,72.81112669544136,76.499271984676
P17,0.26262626262626265,4.330503291341676,63.02331647283182,67.35381938605391,73.77811089579552
P17,0.4935064935064935,5.334234846598192,37.33730845056439,42.67103335487558,54.345984247755545
P17,0.21359223300970873,6.45754660168229,36.23240687399739,42.67969370036378,51.96512176522541
P17,0.3648960739030023,6.401697205799514,34.87762873630491,40.725221468826454,50.14765594342314
P17,0.2549889135254989,12.693486859900254,29.230892071202884,41.90710193801192,50.277347707627676
P17,0.31601731601731603,7.246646549537194,32.16873041289923,39.41519568917505,50.52000554041194
P17,0.7119047619047619,15.60869598243378,32.513649419448264,44.25503828218632,50.72278515044592
P17,0.2669491525423729,11.86577499165697,30.419589323573604,42.05947609899094,49.26377380756398
P17,0.2675438596491228,8.297582136149446,32.85539447426903,39.448419107160774,50.75063289473161
P17,0.42916666666666664,6.470385960093576,35.797504864571984,42.14862833154275,53.19527418012102
P17,0.3912087912087912,5.529702452580411,35.914341157989554,41.070727353151035,47.87732447177297
P17,0.3047034764826176,13.055986404133074,29.364649376252174,42.20158842578833,48.31245452005674
P17,0.2922465208747515,11.0426488267805,29.69348659373634,40.72295081790115,47.683830851508
P17,0.27157894736842103,6.483190692731315,33.02549759074718,39.150800483484616,48.168660453346256
P17,0.4197002141327623,6.298020801937214,33.669806018290735,39.76776259360114,48.71333878599533
P17,0.6957605985037406,17.133613539448596,32.716232883188624,46.413000938347345,51.56773953943486
P17,0.3080082135523614,12.241075861753476,28.455018985881395,40.645042245957825,48.678132252741655
P17,0.25626204238921,13.187557938450746,28.322843047499973,37.37841548358977,48.791985231810365
P17,0.422680412371134,7.730767645245645,31.135012918031023,38.7392259996343,47.26402545764205
P17,0.15862068965517243,14.811604002425097,30.066157434597823,39.41552720484121,49.07912069175702
P17,0.17511520737327188,13.145347975561917,26.27555996043463,36.946237333114645,48.937798086773554
P17,0.2597701149425287,13.685174787132823,24.547514719416398,38.09641566153396,48.17591584585761
P17,0.1342281879194631,14.625651843639147,27.180038903296925,40.50472927111829,47.663970670751
P17,0.2646420824295011,12.49728693555907,26.322731271978423,38.62015492723005,47.08553773584749
P17,0.2917547568710359,11.091512152305912,28.15373560931325,37.59437360079496,48.752246477288814
P17,0.35892116182572614,5.85440841802679,34.25198919337942,39.645017496406716,48.461691475970866
P17,0.7159353348729792,17.708985642975723,36.5988429051964,50.1656828442999,55.14722158230272
P17,0.29718004338394793,11.127550996769298,31.00241820792735,39.07331414884604,51.399553191321594
P17,0.34782608695652173,6.375006483463174,32.05424112545472,38.212069737372566,50.136505105455
P17,0.36400817995910023,6.964161867296227,33.120362651275876,39.82437374473345,50.76866809898176
P17,0.21880998080614203,9.147063459114534,27.829931065354543,35.666413422634605,51.21909579517887
P17,0.25601750547045954,5.161568303896216,30.819598857718237,35.6294175211498,48.16154284379589
P17,0.4009111617312073,11.279197199762665,28.18331629823615,37.40709123272083,50.443935496676225
P17,0.33978494623655914,5.221591883186742,33.355150994810145,38.57178574699734,48.49466635386767
P17,0.41260162601626016,9.05979913433503,33.48643804500536,41.55549627943871,53.27088313993197
P17,0.5433255269320844,8.281660328183742,34.76831084577373,42.37843593205317,53.095692717258565
P17,0.7247706422018348,15.57805546317055,41.27232024587282,50.83705614002875,56.08698263726209
P17,0.37697516930022573,7.5691404647491,33.9320757877205,41.19263702845052,52.96762392929171
P17,0.5751633986928104,8.785724531584197,33.44485781834029,40.339725434510186,50.622421944023884
P17,0.4766146993318486,6.468839697347047,34.82565970267978,41.168495114487,52.457034341147036
P17,0.7017543859649122,16.041904721189916,41.99898421403044,51.82578536893902,57.160364910846965
P17,0.7007125890736342,15.835429204406214,44.025202022061116,54.94217168515193,58.80540311716123
P251,0.542649727767695,3.038546035547805,30.660028365426285,32.300102306501245,46.04928810547883
P251,0.44404973357015987,5.893348482228356,31.575193078223048,34.30873039453745,49.31830178348381
P251,0.6970172684458399,1.0298647352417138,29.445590595836443,30.12939048802174,52.724935963711935
P251,0.7669565217391304,5.274684900218722,30.017904517216493,34.839951565624354,49.53987802341403
P251,0.780327868852459,2.436332311141525,26.907782800830716,29.256916076853543,49.568860081295995
P251,0.7941712204007286,6.917301098850935,29.60363093895565,35.27553720260359,49.277004399384225
P251,0.6625,4.396775128546074,26.095626519957843,30.44904740035822,48.72580254267583
P251,0.6719298245614035,1.6943154580147606,28.342039451873834,29.76434589244624,48.443566586005154
P251,0.6597744360902256,1.4878489626717586,29.23249572694135,30.698297547619745,50.27417886714262
P251,0.7011494252873564,3.6905330936331278,29.503322131840577,32.91500771810712,49.584483990295475
P251,0.7385159010600707,4.068660889526902,28.698132496780175,32.717517163634355,49.797866347826805
P251,0.7432216905901117,1.0179561857453798,28.209149653026028,29.19110339689345,49.712039297240786
P251,0.7681159420289855,0.36593338809453724,32.558150408860755,32.87538475754416,53.6446993765792
P251,0.7210626185958254,3.6838885035284514,34.547216944368934,36.05089196989519,53.097099619148665
P251,0.752,6.0042423530584745,33.26112001765015,35.49531827625776,53.00232948576797
P251,0.7172557172557172,2.6389738130997507,34.50696600801988,35.271797128679694,53.177389540203094
P251,0.7462437395659433,2.154590817707105,30.643380272034893,30.267952139800506,53.19284089765977
P251,0.6503067484662577,10.33693740010028,30.486774135585435,38.98036399810477,53.610573363137895
P251,0.6313645621181263,1.1992114146854036,31.900535443026424,33.07130647297585,53.588102814780626
P251,0.9517906336088154,5.315444863903619,31.5547894059211,36.67262311641513,46.932062043261055
P251,0.6060606060606061,4.6180384894527755,30.04105477701761,34.30295297377963,53.008601470321906
P251,0.7555555555555555,3.719962126895735,29.970016425589915,33.50440502278522,53.913380236783816
P251,0.6945996275605214,4.1752649023934305,30.69359809922491,33.00310210037614,53.89762964658456
P251,0.6976284584980237,4.924474003606661,29.27062792506183,33.86914042564724,53.22569459565472
P251,0.7641509433962265,3.290396007223649,32.025592930295154,33.82329533283746,53.4078591090329
P251,0.7279411764705882,4.092461077835042,30.526382638693416,32.88316970284033,53.35655349665007
P251,0.6568265682656826,3.3477997884452098,30.8520312733748,32.69083216900146,53.61728533160808
P251,0.6583493282149712,4.902987518036949,31.207580764101156,33.97900717503129,53.96168252078988
P251,0.6743362831858407,3.185262326907231,29.228230015525774,32.28587402387049,53.41888898116621
P251,0.7181818181818181,5.019661827790973,30.34914778505427,33.41010634432677,53.289180264693634
P251,0.9121212121212121,5.395580312195974,30.71683534349279,35.96978665270191,46.96829958922933
P251,0.6916058394160584,4.793934007855538,30.69517651075915,34.37318659326088,52.98408328809502
P251,0.6686507936507936,6.122385388350084,29.79728182174276,34.630308621040044,53.1671375292549
P251,0.9806547619047619,6.0539480230585925,30.250706920061134,35.9666551116921,46.485141582409554
P251,0.9308755760368663,5.10311754230824,31.126047594910702,35.96548559512514,45.23838632140952
P251,0.9681528662420382,4.738718358665896,35.095303073387065,39.17854070833162,50.81629067826101
P251,0.9863713798977853,6.971168321328703,28.729902796504554,35.43175539292428,45.206007678514204
P251,0.9836660617059891,6.258618657974075,28.885537726932366,34.96095253341759,45.42650650900866
P251,0.9744,5.738081829882275,31.497165264402014,36.590969842176,46.718475845382855
P252,0.7321100917431193,7.311771384560931,35.366164107788784,42.01279876660115,43.313794318352755
P252,0.8792792792792793,5.788435129542808,31.28016001594871,36.715845930255384,48.153712348395516
P252,0.9269662921348315,5.395482281397958,30.727822930614536,35.37420521624053,43.3730888343463
P252,0.9665354330708661,5.915089734649278,31.58090100785709,36.87287217720443,43.907942558089374
P252,0.9437148217636022,6.651127301126964,29.531283034759962,35.85790426111852,43.11744858318908
P252,0.9583333333333334,7.374486433095569,28.82500101069231,35.774897463593696,42.05519683268216
P252,0.9026369168356998,6.459135059762992,29.75021438294199,35.6251775233286,41.980280636240735
P252,0.9049429657794676,6.811905176091426,28.61612450093598,34.82555702850528,41.01117263890258
P252,0.9328214971209213,6.696023090094077,29.207369254040273,35.1091429531089,41.29769126964973
P252,0.8941908713692946,5.989018773315468,29.452710855894317,34.673470176835885,42.72519734214071
P252,0.8463157894736842,6.453289947201574,28.561817099669607,34.378009117017434,41.44442703498595
P252,0.8350515463917526,5.650532884802072,30.116691678897283,35.19125223530301,42.643565693313306
P252,0.777319587628866,6.081145333831124,29.652487721419018,35.179678397133735,41.797148975637555
P252,0.8846918489065606,5.802899078790099,28.35966645924553,33.634966894878154,41.9810536869351
P252,0.8728813559322034,6.384058504607728,28.929760879942,35.01445076160086,42.83300388219724
P252,0.9247524752475248,6.056953362671152,28.23864773637901,34.080966006624664,42.28701237294541
P252,0.8139963167587477,6.414971194171745,28.19271674773269,34.377237166923116,42.514314605631974
P252,0.8152985074626866,6.946930910848709,27.738873819619208,34.391901471248346,42.23925866653128
P252,0.8,6.675236047104713,28.418440879426278,34.64775673978485,42.15924089889774
P252,0.9625984251968503,8.924707797302002,31.059138960563807,39.96793754598413,48.01203811951893
P252,0.9656565656565657,8.433287531300829,30.435838663404322,38.8201190437535,45.82423875946764
P252,0.9980988593155894,8.584438743011237,31.38197011743362,38.611463821528346,46.47628964546715
P252,0.9679245283018868,8.761847380657434,30.651340083829194,39.41304962563635,45.65284771543982
P252,0.9381044487427466,9.585979755364884,29.46918609770361,39.05506243584114,46.473108905085134
P252,0.9504587155963303,9.203616300086702,29.819086616026574,39.00446054006047,46.00986156967394
P252,0.96579476861167,9.139108305693524,30.542506281476353,39.68158600387604,45.93222432398302
P252,0.944558521560575,9.276175439433796,30.018485925638327,39.289860320318,45.277323283607025
P252,0.9425742574257425,9.797233529245618,29.93742415079584,39.73423210819421,45.143894261631836
P252,0.9700934579439252,8.881252687257614,31.243738734666376,40.02460921543988,45.75906512742804
P252,0.9517625231910947,8.749109720036481,30.13812153195473,38.87440878024344,45.40952874409473
P252,0.9672413793103448,9.334896192004836,29.730591371392045,39.062773953559905,45.701518995003426
P252,0.9574898785425101,8.855596179417603,28.8157513273096,37.66303910103915,46.13500619699299
P252,0.9563492063492064,9.070733441842457,30.706878937681566,39.236791303605244,46.613272125210855
P252,0.9678714859437751,8.702908976856088,29.46293068420485,38.1629884051298,45.837913990036334
P252,0.969811320754717,8.644149247912807,29.888650274400106,38.526234208252966,45.93096480932906
P252,0.9850187265917603,8.10668079386002,30.678422342129394,38.777518027796155,46.1680399444979
P252,0.9571150097465887,7.374760971550729,29.232218709499094,36.27171785711324,46.07161810898326
P252,0.9802867383512545,8.790745769086818,29.236637631711694,38.026905182586276,46.74295548678342
P252,0.9927272727272727,9.022423893177367,28.598080611741985,37.29013303359556,45.98593835386533
