mmc,omc_native,omc_ourmethod
0.9900963251686168,0.9455426267500402,0.9706642393662848
0.9931023478047696,0.9590247989942707,0.995023776732796
0.9838079776508264,0.950744476453521,0.9850202781715758
0.9970197921839287,0.9465195418739839,0.9743417120894138
0.9974850653466407,0.9210699310630087,0.9484767627911446
0.9981819133073729,0.9495712010855777,0.9876434109482214
0.9809314278477453,0.944064193568339,0.9809210766304506
0.9988554355346635,0.9408665793176981,0.9759991937841419
0.9935764955870044,0.9503667818182941,0.9913934588628225
0.9915630446098848,0.9437052223809477,0.9841495400742991
0.9850092599949238,0.9533644284135001,0.9892166313857594
0.9909321574097504,0.9456530556447449,0.988981380998748
0.993795528981988,0.9502936304768768,0.9898925568635005
0.9925693454257807,0.9623450508512968,0.9793420198271278
0.9899556572094373,0.953731778506138,0.9838558056719778
0.9830222217561085,0.9501277548016901,0.9701355535780221
0.9947572047697867,0.93783331356745,0.9786833871311417
0.9977973910849508,0.9399330244841477,0.9886191536526626
0.9895982827964853,0.967558697032934,0.995946558195559
0.9586342792368286,0.9305670263902213,0.9463236071750613
0.9944374184946188,0.951381837617421,0.9832583985043445
0.9979125437431876,0.9659340030646222,0.995710692090149
0.9916286976903075,0.9145100439122296,0.9768357659101419
0.9895888555421256,0.9415684679234082,0.9801874574052594
0.8659598182777662,0.8198482727182933,0.1311779162733917
0.6637470965624002,0.9024559176477597,0.6749892248853345
0.5459199100364466,0.7849433876314804,0.17079692154710494
-0.11820209875273933,0.6632297305280505,-0.2069416796893095
0.2808766276360473,0.7157974766792343,0.076317632767092
-0.422261927261975,0.8589037464614909,0.557875714684907
-0.6041260005932628,0.8832510523470244,-0.887053789254851
0.07207702557753326,0.8817921102203181,-0.20300161431160033
0.4613767782613994,0.9182683166664892,-0.04783169761868546
-0.8256740491081475,0.8512213030303453,-0.9295021665060591
0.9394444747706854,0.9389380589278248,-0.3458868908841579
0.7847783178851385,0.8273679523344816,-0.11426369109516125
0.6018932020610832,0.9500755603611928,0.5226407621040627
-0.7616890748222082,0.9171059406157797,-0.6304738181033243
0.5112831391323212,0.9363188446843353,0.6826950904165265
-0.3241427359232122,0.7903826217099955,-0.9381223542619046
0.23013727439070675,0.9589053869194885,-0.177650145608997
0.3365892751438349,0.7685950346384745,-0.20807582317000772
0.48909853906685774,0.8555891334816133,-0.28423257678833547
0.2715513070441804,0.8426018526475679,-0.09694308472611819
0.5890360832142344,0.8306450764042331,-0.5301317349156189
0.700809300974776,0.9321174567348111,-0.5858566771017211
0.8540123887362443,0.8951957712410968,0.04964116460858223
-0.32416579995589995,0.9693925616351028,0.4443458355485001
-0.36566768397354094,0.937037824096002,-0.5786274343641843
-0.05082689171749458,0.815845296881066,-0.8767249477003795
-0.3969548837576935,0.9067064689832327,0.13377198840087265
-0.9035072090681766,0.836452181880327,-0.8737306981622439
0.9753823029420847,0.9383711437259814,0.974534822366573
0.9674523589937295,0.9572501274945627,0.620841861348924
0.6847429018082232,0.9353496681264855,0.949468774904373
-0.8651379924615391,0.953099979557012,0.8617591231364123
0.696200577677216,0.9472692022671538,0.6828142316274197
0.9864425461938866,0.9632483205930035,0.9967394944287079
0.9788182766570305,0.950112790820176,0.9876648226240975
0.9238047243038771,0.9652981783758708,0.9541848271829431
0.8638235645174219,0.9464070541163052,0.8399773731440755
0.9166453818596789,0.9439658256353098,0.8285139388897721
0.8255682498706445,0.9409101516769739,0.7964222175283967
0.8817867039925202,0.9686340486888901,0.9196627645736041
0.049402513605765225,0.9495157889797498,0.8597018112634913
0.9475391096496426,0.9529833274374657,0.9357544853665248
0.8791665822257708,0.9527540078361034,0.8652429091985788
0.9055869140303365,0.955017552981393,0.8315769033867736
0.9161526342962829,0.9674449911542182,0.8495078341989439
0.8562736412718853,0.9486664924206728,0.776640729454429
0.9157776048657527,0.9541706548722116,0.8435070938150979
0.9194557138260568,0.9582562629043168,0.9204619197860872
0.2342856119120065,0.9531156747380773,0.7498969378255437
0.9469395853364466,0.9420599282269575,0.8565624750335971
0.9128982830994401,0.9492418880130953,0.7940166550998439
0.9242325535369945,0.9325649135745517,0.8598915102236484
0.9368346552634943,0.9479419014778863,0.869077196080612
0.881158591917654,0.9739515496033326,0.8324457958772753
0.9355861585940174,0.9837003225251184,0.9049110704297807
0.8900304294782981,0.9652934080347391,0.8983274613492639
0.8920449951230414,0.962926722404028,0.867962808892849
0.9658286669003434,0.952989361962635,0.8346975359076388
0.9422709126786172,0.9701672870653714,0.8883949521121621
-0.9534709539678473,0.9582146921430789,0.8276372348355321
0.9408948853074635,0.9640919365862762,0.8833755201165909
0.8970763268313215,0.9578315589011274,0.7837402419605638
-0.12194860261343494,0.9628342033248696,0.8154961261636426
0.9444112295102747,0.9735492639106531,0.9108204712933791
0.2960243931261671,0.8082352158690012,0.005710828441030599
0.7970578415652838,0.9450184669192557,0.7854628309981979
0.8774933693695279,0.9670128640137181,0.8988351936588613
0.6020160424943927,0.9459213988724188,0.8249629233815412
0.795223958142284,0.9210126470830787,0.8158981242337128
0.40236042429782365,0.9415708990542007,0.8408252872647588
0.800083239848542,0.9401138640112647,0.7967558618975074
0.7354460137335325,0.9406769960020067,0.7381000738435878
0.8156874109723847,0.9316366268067956,0.8158158618431115
0.7104040247602146,0.936556187142419,0.8190432236326756
0.6552152991123977,0.9671855473925293,0.8655327218576697
0.8366026103819272,0.9522840876847593,0.8074139373947316
0.21776150860811216,0.9208518316734469,0.6926580767269962
0.8059414063687145,0.9439125935775503,0.7855709249308424
0.49488428359948117,0.9435171000757713,0.777829376993257
0.8025665548184967,0.9589067911255191,0.9005922228290867
0.16268196684005026,0.9550499214466533,0.7870954901092305
-0.03903643250532278,0.9408682589679174,0.7051867659448443
0.6970954789386817,0.9451130198883002,0.7281444262333104
0.9562185624138004,0.9674536774296769,0.9235629279535617
0.9581907303705227,0.9532296428137389,0.860461484868541
0.567387662343591,0.9207691409972685,0.5298404115485765
0.850319493570786,0.9469061432032203,0.8684153058336729
0.8336603226553959,0.9554543815219844,0.8270119923121071
0.8901594378505444,0.9518498964037271,0.8258171930859345
0.812868697555983,0.9339597799936915,0.7669069564562514
0.7219366363806212,0.9572529766666994,0.8903803307734268
0.9147696627243287,0.9521206937496556,0.9084307998440192
0.8245256064544391,0.9378376753861946,0.7696540884803712
0.8344802566308555,0.951837148126087,0.8679847002458733
0.8939834203226271,0.9431156676607308,0.8869242206665034
0.8635518517956371,0.9461568875377475,0.8613690116118444
0.8582310008023086,0.9374355239916518,0.8359653682421936
0.800117197398567,0.9371865038530702,0.8144114813876411
0.8247825370608353,0.9385329863859321,0.8319557107370956
0.6380890055910231,0.8919422603217295,0.7389953363108704
0.9961087578105379,0.961234065467922,0.9687476276019094
0.7470782498091928,0.9412440673911923,0.7431099386897295
-0.8661582849941732,0.9770386942955637,0.9098779085693697
0.938289938108605,0.9735092090838697,0.9624678535428142
0.9382359106332738,0.976022734110209,0.9568802850059683
0.9556122288949698,0.9713726467219798,0.9635832158899676
0.9395153835090224,0.9586516018779861,0.9342406198443087
0.9640076742821913,0.9743087719218938,0.9577930471757353
0.96736153374277,0.977157648705759,0.961080562051138
0.93789320216216,0.9613146815023478,0.9498871039220929
0.9194748444623408,0.9713359267864609,0.9383282164875706
0.9592311235568544,0.9789262523416028,0.953242616435026
0.9551810497255109,0.9811848931691396,0.962591409711317
0.9282493893067262,0.9639241012525119,0.9235964510060002
0.9505117340972575,0.9831191502786957,0.975230054488196
0.9813019374469314,0.9630454093753104,0.9560819101550457
0.9349391052230306,0.9674899665320627,0.959436975042578
0.9292385021995752,0.9811756006506679,0.9687108285425305
0.9696384246344759,0.9801333627659281,0.9747261096583275
0.9739000466840622,0.9890004838109577,0.987186652106851
0.9600329908307774,0.9736469123383248,0.9702791054811887
0.9217870358304022,0.9889702038958221,0.9760001600135779
0.9439535655004583,0.9846727303313789,0.9751947088899096
0.9733076218691855,0.9903173762314346,0.9742624115043197
0.9743118869041074,0.977222106649978,0.9518794876433369
0.9588888569396644,0.9918354782106541,0.9864025083447127
0.90096524410383,0.9918698818492828,0.9889365734700792
0.7938506682710661,0.9898800743124397,0.9827658087660773
0.9726838473409484,0.9885791457054484,0.9850684443095329
0.9799380627766906,0.9842912117959968,0.9799847720651472
0.9431594991922573,0.9711233387090268,0.9603207506030199
0.940309508108001,0.9926047341519048,0.9681954896288731
0.9353013982440616,0.9870877641478064,0.980243396611501
0.9557481706484922,0.9920547563745559,0.975766058645971
0.9463790994648883,0.9788339691067338,0.9631099536415453
0.9469521599590714,0.9877926484490636,0.9740497060821023
0.8967103602753707,0.9839030181606502,0.9784497343143016
0.9513740325085919,0.9631432715259468,0.9490620808791598
0.9525235884135665,0.9907499012998483,0.9792815584149596
0.951628786016298,0.985863422355932,0.9782134707924853
0.9299621088823924,0.9769895826435191,0.9519789158338853
0.9436600052233657,0.9840233306687797,0.9641232067526282
0.9405227273903504,0.9882145115650608,0.9649092503043437
0.8774275859919014,0.9687335918690281,0.9370174218935098
0.9095042954795468,0.9833082655012643,0.967259383765841
0.9277281361741972,0.9791632630756899,0.9648240937648376
0.9454259481510849,0.9746400634388029,0.9425798027510331
0.9597198562406408,0.9886249696322339,0.9709570168863895
0.9582820067693638,0.9803421739577329,0.9678127369431615
0.9472007244420769,0.9839128046740759,0.9534858883195908
0.9335869041889451,0.9841942004269225,0.9607399192529517
0.9623518052908551,0.9891695943293142,0.9756641434109562
0.939479790931287,0.9860501709705533,0.9731466364866664
0.9361095735680801,0.988296961122129,0.9724806811668856
0.9403454196229265,0.9769547876654666,0.9541604015582101
0.9624279979373417,0.9911174584455638,0.9795067676065963
0.9474582484523231,0.992646467729757,0.976753663272448
0.9548326509773097,0.9923992954262045,0.9843425567652048
0.925802085021118,0.9710420980644016,0.9419521560841806
0.9522633925734939,0.9665161335398156,0.9531340664083638
0.9133279685578224,0.9736021624726054,0.9404670722165002
0.93833801513375,0.9882788793811358,0.9614826194878016
0.8775832084754261,0.9667069090814691,0.8800702582952581
0.9478268890463531,0.9910066000927885,0.9792055110626627
0.9271191951494963,0.9618704199987193,0.9325258325054222
0.9380349771912415,0.9780903923674346,0.9506000942081336
0.9425822136831841,0.9845658631999361,0.9745118313422527
0.9713700215058139,0.9906283217907061,0.9871824224530588
0.9452453272107313,0.9820777345417939,0.9677692239578126
0.9636389812120583,0.9660256146901574,0.9550051671449675
0.9185365531328312,0.9809859746536689,0.9538681317493746
0.9613670217973665,0.976265473533797,0.9627854379173396
0.9438202723279295,0.9787655965485467,0.9611931979130647
0.9178988000272051,0.9799020558193527,0.9370294133278858
0.9543846773620965,0.9792882132799138,0.9645992029165809
0.9411463554449038,0.9806405304289935,0.9745829289072344
0.98301056998612,0.9477973929234907,0.9603936267611904
0.9937440866019346,0.9433660956725207,0.9486184191505944
0.9971863681655463,0.9468461839977466,0.9525816875894408
0.9805755469775332,0.9408166078380097,0.9606299615210196
0.9713639336004021,0.9368356454431488,0.9656266772874055
0.9706445445009148,0.9442807655821186,0.9696526796394312
0.9728769976901649,0.9421512260309818,0.973020450922724
0.9813807170359733,0.9440928857162924,0.9773111866853267
0.9886079867370691,0.9626775968549588,0.9786952369184169
0.9891494271757735,0.955633177845065,0.9774962095292734
0.9537529598295522,0.9560048128945855,0.9793198821477717
0.9924017433457114,0.9492812640301328,0.9694012908347568
0.9893349138272242,0.9510971593375929,0.9821640927037025
0.9916688807578055,0.9376228094425725,0.948279608285642
0.9892721023872226,0.9586760017571991,0.9794042774888274
0.9811956547168272,0.9569987279246809,0.9736160923709873
0.9717146410371305,0.9437152133583527,0.9678839332716502
0.9922816094940068,0.9384271633408865,0.9617137489296321
0.9940946586502459,0.9470416242675059,0.9450022532594968
0.9808656861753864,0.9594709040894758,0.9637047973459975
0.9655397427697684,0.9336644578343261,0.9569433016266948
0.9650895694269461,0.9701377262662672,0.9752776956539444
0.9831457961862857,0.946542734086641,0.9382922368002763
0.9685923162479414,0.9443508351478268,0.9606488885962411
0.9743733820988524,0.9531811748620562,0.9603861824126632
0.9217577794331849,0.9656236173980871,0.9813387200342751
0.9932093565600866,0.9388202573362254,0.9547626763563395
0.9963857740740351,0.9510339430511943,0.9417044610044488
0.9880182096682395,0.9618616834699693,0.9766869992192796
0.9922930891877154,0.9458171463687498,0.9428205924418822
0.9780132536220953,0.9554109904253145,0.9811610341555359
0.9885904083259194,0.9472718815794503,0.9667654750339422
0.9773166844859142,0.9220779124836744,0.9652381572998104
0.7468895654019556,0.9115964175606127,0.9135790513733888
0.8787528876804739,0.9536518006010968,0.960371062953853
0.8741620981462122,0.9638464045957377,0.968996612254858
0.8516031555714636,0.9496792220795296,0.9687622655947968
0.8523044733682539,0.9623146143768503,0.9690399940024434
0.8351019254242935,0.9453437089109958,0.9539915075640166
0.8248052542144668,0.9501330810903912,0.9614261190042428
0.8696918338278914,0.939648640049084,0.961491159423189
0.8428020168121007,0.9595407392839155,0.969655253593497
0.9883300227700401,0.9384432368002337,0.9498323764064867
0.8964263041146284,0.9660311369037548,0.9825325989718372
0.811158634683455,0.9728072153629256,0.9782934396791889
0.7760393822523979,0.9524153236032795,0.9662592210718898
0.7994421158204716,0.9549531708812135,0.9763980585180433
0.9366500077900896,0.9659318910706511,0.9851204586316635
0.8586270539855689,0.957453020647778,0.9732197314657085
0.9137644388448415,0.9578351304273734,0.9793504227100104
0.8934800341525923,0.9601804229195254,0.9862105089879089
0.8847795009027878,0.956378252866172,0.9788288665544873
0.9904697273463312,0.9404497857382619,0.887232864209943
0.9258043576893742,0.9652422764095169,0.9873250276861767
0.9386055554453847,0.9692945035578321,0.9888122879682808
0.9664516781294483,0.9716876057649178,0.9855929216732571
0.9258103306222458,0.9593205637615227,0.9816999221952827
0.910707427151762,0.9492302432511468,0.96266089791376
0.9120394655580456,0.964244203894328,0.9849563048624602
0.9076016862114434,0.962599081446015,0.9667445942507757
0.9130119200388961,0.9776892819111508,0.988164983650654
0.9347195932088144,0.948576482593906,0.9804563979831196
0.9964053232236268,0.954708701649059,0.9594027016046688
0.9225401252770669,0.9644890184446157,0.9849517422049154
0.8769404394886642,0.9557047956499813,0.9813512595403601
0.8725983604727746,0.9574800596343087,0.9823027483225986
0.904320487643887,0.9534035850452839,0.983479457780446
0.8415280540395994,0.9503076388981115,0.9805188511599283
0.9153983804788994,0.9634513191182715,0.9867701951745522
0.9078438077911096,0.9513779152146059,0.9848999223385407
0.867949440090452,0.9741521935888537,0.9918036469065273
0.9890979206531705,0.9426110152549302,0.9462003672460969
0.9359008054921975,0.9662707374696986,0.9873865898436124
0.908115403593906,0.9634987990170604,0.9852206111370041
0.9328519896098569,0.9603126632488043,0.9858357004442825
0.9905727631757856,0.9518867207159318,0.9505684529290186
0.994437707369985,0.9398192373561243,0.9574179035585348
0.9839534846447946,0.9729844128373308,0.9646886754686378
0.9829697567851474,0.9730006511913084,0.9659787066144633
0.9820291357348863,0.9763952098316022,0.9694914270112607
0.9831534398811294,0.9733924743632947,0.9689286762651567
0.9933681008323266,0.9734478855482379,0.9767495640982161
0.9830078979499011,0.9815342011429814,0.9848905825280198
0.9907565612359163,0.9681970198939702,0.9783223479390933
0.9909529289764885,0.9636353945953883,0.9507920814217705
0.9867046568815226,0.9669578842159955,0.9681460747216184
0.9863245710295514,0.9763104723930683,0.972816339129003
0.9960608839305488,0.9842323980201078,0.9866582169029606
0.9801411983091477,0.9839448697001028,0.9872499293055393
0.9855766604011412,0.9607126682326654,0.9565100076854152
0.9888857946040068,0.9810872196393963,0.9750817314482162
0.9931823042840677,0.9736567199246646,0.9665168715785051
0.9868799320475207,0.9736098727207092,0.9792451924712023
0.9938399190012029,0.9786377451105622,0.9776982359287504
0.9936395748078382,0.9774762835905442,0.9787419505595977
0.9925473171197686,0.9665603747227367,0.9396638004773619
0.9893159099734089,0.9790618131860234,0.9727766431724529
0.9868077536191229,0.9779096288556428,0.9815121658247566
0.9951404597336798,0.9850584610076963,0.9852294496842464
0.9902099382131778,0.9787263903250468,0.9815223640577039
0.9905696459437658,0.9764499312032504,0.9792842590292953
0.9964563802897194,0.977326667102671,0.9737258314644767
0.9876217904701419,0.9780971191429477,0.9827856602897902
0.9889170711462512,0.978694723720551,0.978738387005352
0.9961245793408587,0.9780093338513705,0.9868447025872351
0.9893002545887224,0.9754031358401508,0.9699829692901268
0.9274859162092725,0.9522111044649048,0.8760449165506952
0.9825527726908697,0.9879477769457212,0.9744866662467923
0.9481472094764146,0.9810629711227212,0.9641733389748727
0.969458922778529,0.9623813874648127,0.915392622032619
0.9437218776620043,0.9724504625531739,0.9291268353196735
0.9647437407386013,0.9737789740685495,0.9330378829245342
0.9236850097024133,0.9656201371756399,0.9301985302857179
0.8663097795853375,0.9854829018034499,0.9210233590725301
0.9488388442374692,0.9620690474358881,0.8885808496863877
0.9905506674051819,0.9758403173598471,0.9776073322137879
0.9662550404664402,0.9725120466448864,0.941876698780497
0.9852362686154021,0.9876237463734219,0.9869950394656524
0.9835097002899396,0.9664283112340518,0.9365249541205745
0.9437164183237866,0.9548874597727358,0.9062897209022782
0.9843503239196619,0.9596539358132979,0.9167829929374799
0.9795628200557891,0.9866371609451355,0.9683883121657193
0.9220798442846724,0.9627658983171165,0.894573738192171
0.94061301001427,0.958380166985707,0.9052221570920939
0.9963652507517278,0.9806739964153042,0.9850588135873671
0.9796044869004209,0.9806140424545021,0.9544379069001142
0.9399905436531768,0.9837619557713472,0.9701024888926378
0.9464173864105718,0.9650513778729995,0.9197608916884391
0.9783849745159885,0.9717712289521268,0.923314926326862
0.9314978097128385,0.9466522023809811,0.9004393849980981
0.9651169562616415,0.9647362158354369,0.9476291539980513
0.9604985418303255,0.9615530530942934,0.944551107475501
0.46903381113978815,0.9152865632590519,0.7181602372318736
0.9494978199138099,0.9798890933576819,0.9418509267163737
0.9881331586001616,0.9540103823119499,0.9303581529408012
0.9779528759978109,0.9822042144843847,0.9526204978172503
0.9558530405544191,0.9566919353056579,0.9301512278822542
0.9872489081468737,0.9715802331046991,0.9617042383020448
0.9658278116692843,0.9827116769415091,0.9638105202280675
0.9777760682970922,0.9746298268941853,0.9523491033057147
0.9725638832698696,0.9761748733485147,0.9600649795876167
0.879327379807098,0.9560388323629243,0.8562930755718746
0.6531663002278343,0.8975002961883152,0.8204842718137959
0.8808777762276088,0.9646827152944297,0.9010415180036062
0.9836301217866187,0.9643629678217845,0.9565393715484236
0.918507019316179,0.9480070646878147,0.9013409692671082
0.9897581711211805,0.9764547191082746,0.9783938235213933
0.9556338548845159,0.9743710509396508,0.9345663338981778
0.4629785813188085,0.9573772154587253,0.9122000280994289
-0.9939953900986461,0.9804019633966572,0.9776395413821788
0.7831429257349871,0.9727043065915946,0.9345762611582026
0.8133827787100599,0.9788143355918782,0.9417617511519172
0.6825835216897589,0.9804897803717905,0.9535062119898092
-0.9886356495142099,0.9815925558453081,0.9512136498400973
0.9259550422756687,0.9482527027238195,0.9748151527658877
0.8028685989152782,0.9640588259295925,0.9460741090953376
-0.033560650764873405,0.9652106533396777,0.9200380768793097
-0.03420170574053852,0.9875820425826934,0.967250985786124
0.825522789725874,0.9730090514449814,0.9579889962468557
0.8851834388004923,0.9569866447700677,0.9485956934760769
0.842494901946154,0.9484257631642719,0.9316923289696921
0.8651459148655157,0.9351242137037638,0.9249970803500933
0.31153877772500627,0.9597600671103228,0.9071048942278721
0.828348118706055,0.9813439972815029,0.9399117630690513
0.6636293338877299,0.9677144579531746,0.958392090211585
0.5693635948441071,0.9791073506832246,0.9216551675998632
0.5926785967554902,0.9658004508138104,0.9293056372354406
-0.2521721365920548,0.9796370428604131,0.9508060036480349
0.8634700792291571,0.9497433212834338,0.9308849326576516
0.5146158212025118,0.9677292778743775,0.9506315619092943
0.6568184252299356,0.9661098678552735,0.9199523573667621
0.9099469156662006,0.9908480250755617,0.97598532285046
0.6759316755623663,0.9868388993272388,0.9726275927134281
0.3304678557398939,0.9766265812693277,0.9238666060953679
0.20122805685996983,0.9669519649841718,0.9137127039585703
-0.10971881190231116,0.9750806477761643,0.9065424691383398
-0.0709568822608314,0.9559969880747105,0.6763223344775541
-0.07767877123326156,0.9030854660386364,0.6438101356301237
-0.9671789213317618,0.9653046473205421,0.937150541242631
0.2193381466769418,0.9773669593026338,0.8387157358800226
0.6584483573028671,0.9562298021711353,0.84520659673023
0.40766611616261,0.9815647518348652,0.9067265058135836
0.7557876227732586,0.9786993659762528,0.8977985250612001
-0.6067489214443426,0.947950044380352,0.8293325974577918
0.76736852300559,0.9563108278840926,0.8408383939716177
0.645897207028627,0.9796437872968669,0.8726911377195474
0.6562378318970672,0.9756205828947636,0.9311729258399323
-0.990688690499099,0.9719713328623478,0.936011181689834
0.6477722634752833,0.9577279956145978,0.859101837130619
0.6916617885087987,0.9605424348978088,0.8706739007185954
-0.11880537334637792,0.9749778795294948,0.9302662089750983
0.658723955996038,0.9798753633954432,0.9167387369272824
0.18403534585347928,0.9656167417093502,0.7214866306700373
0.6405386719037318,0.9637062502888488,0.8463852454057501
0.6462181151626877,0.9791194508987544,0.9070982581312178
-0.5306798172480721,0.9741361168065851,0.863416020313102
-0.91234866159664,0.9565551302140152,0.3437422130333711
-0.992559618014412,0.9472646387642559,0.9083887631373714
-0.4831367010786245,0.9576356951002504,0.817149719741077
0.18270454960267218,0.9379456707060022,0.7696066587684903
0.7529888812671872,0.9721082551071509,0.8923630564693638
0.3763414661115402,0.9331053775784671,0.8471209826480046
0.6226857245066498,0.9586622063990597,0.8594188704934291
0.49209683494922885,0.9618650309142432,0.8546873533766222
-0.685762853770449,0.9715965943468647,0.8043529643295246
-0.8823519952829499,0.9756993943930642,0.6893075885905127
0.5968033347630385,0.9796459996184451,0.8569257862914382
0.8723899173649131,0.9733799432518747,0.9525246828813904
-0.6380351919516043,0.9752637264394983,0.858158348613787
-0.9055375169862561,0.9605697349841582,0.7829755755654884
0.34723524446497644,0.9802947930668837,0.8526616826877256
-0.8060641941683796,0.9589714553484621,0.6910438592706123
0.11372633019333493,0.9801489681501627,0.7953246252089176
-0.18579045291461938,0.975696789200643,0.6962451967478743
0.36471729359743094,0.9777665645301921,0.8553248358445728
0.4094352389206413,0.962140622357347,0.8060956421878412
-0.01603034268383671,0.9650959331291147,0.9339368518902657
0.3413780910515005,0.979069789947882,0.8078020439861102
-0.693811486930089,0.9703383273907034,0.9409810456997558
0.9770591258164245,0.9908661272686385,0.9750121895862318
0.9594190292297229,0.9830818809124453,0.9758405665820726
0.961564356446198,0.9883360570144893,0.9819292704627965
0.9570490873712261,0.9825458099940952,0.9794108141666457
0.9407879934511026,0.982354301046776,0.9731453442011002
0.9667737883473316,0.9885502748554676,0.9789584957966626
0.9549091594270047,0.9820744072826971,0.9789436492207166
0.9768034973116617,0.9870824878096552,0.9825560608910636
0.9836218776161552,0.9890545908280799,0.9809924935275717
0.969690466529363,0.9770207864388749,0.9724940168642248
0.9718825871413945,0.9859609777429886,0.9795657989071528
0.9790122741371892,0.9900571111934322,0.9831330257234665
0.9727463057292233,0.9882711218145984,0.9874339741500032
0.9746675978530996,0.9848865475817614,0.9881816670424587
0.9630244518772805,0.980933635109778,0.9788299955502971
0.9189655997292889,0.9692529861808655,0.935970518383248
0.9883655905407327,0.9914278352428707,0.9954589548136102
0.9855213764790511,0.992240529343946,0.9928309762838678
0.9616830133005688,0.9852320374325951,0.982985391387127
0.9909675676123157,0.989161498895575,0.9876719643500596
0.9708893181329996,0.9866845690067376,0.9910877103525092
0.9696905658281476,0.9444883616413154,0.9327513502878223
0.9880703188555671,0.9912226937061076,0.994162502893496
0.9705029790076771,0.9818034719918518,0.9855343382242197
0.9708865599256099,0.9877227941667033,0.9930179514741685
0.9526026004845695,0.9781451600437733,0.9840877641117933
0.9744165634918318,0.9800025738710197,0.988456088309142
0.9557430166297961,0.986122364780711,0.989984515709352
0.955806994976184,0.9907734327579535,0.9908456134752852
0.9539446438768825,0.981460607287495,0.9738471637708328
0.9451964883757328,0.985522903561342,0.9799083325230155
0.9489784145385775,0.9874680629140096,0.9899697115233994
0.9672841446075039,0.9894353770406268,0.9916714423290895
0.9383312865040583,0.9848408254875538,0.9818509574460319
0.957963552556343,0.9889702922694699,0.9883460896927834
0.9465981320872348,0.9834598393998316,0.9822620788317666
0.9559389952374063,0.9856233310561492,0.9771871865655424
0.9774893819400554,0.9894259933695445,0.9876881194543649
0.9813112104726199,0.9859446529246526,0.9762568638272722
0.977294069971423,0.987163871173774,0.9827799389348026
0.9887532512548663,0.9931523039954644,0.9958824705538418
0.9635259694190078,0.9924667451078917,0.9930749689707177
0.9736339695890474,0.9834350010529166,0.9760801775709977
0.9788644799492489,0.9886660504696214,0.9888850447630289
0.9696647571140066,0.986066352330572,0.9880699902661406
0.9776090556729405,0.9870970781681581,0.9869556845441637
0.9828474645955646,0.9804179218007603,0.9835870775275751
0.972540416494468,0.9895145991674469,0.995423609063683
0.9591564675644678,0.9804957075086996,0.9850243065418088
0.9701746292920121,0.9889380201215688,0.9912057831440804
0.9635908176284155,0.9819377027676508,0.981547462191663
0.9844493469990068,0.9890192879172579,0.991855851509075
0.9758267777260862,0.9888014447128708,0.9899413059115633
0.949347137817599,0.9858605701858794,0.9862787110526827
0.9693166448814724,0.9822613176605408,0.9813752814257813
0.9792159866207627,0.9888196890439103,0.9916995555618537
0.8639959429913051,0.9656692023436798,0.9778691953240738
0.8951531217427615,0.9697682875364798,0.9856099990340754
0.9402563317792642,0.9712078038560467,0.9853395277493825
0.8155068264022552,0.9782906972749068,0.9814942340919621
0.8067886295909026,0.9654380409085821,0.9593843016270102
0.7218687319976245,0.9568590875976157,0.966012918722269
0.9809106924933432,0.973823368196151,0.9557747852207508
0.7811567916300968,0.9917085953186212,0.9786969040965913
0.9297018822767069,0.9728454327846106,0.984249307540663
0.84745577996505,0.9802136307147384,0.978124528116829
0.7117857507616117,0.9846134448124328,0.9973414889990935
0.987729848853059,0.9500397189265358,0.9241860262874942
0.9350866230473227,0.9668027278462705,0.9529549349931679
0.98246888464202,0.9749996996472001,0.9706991408351321
0.9933278668660631,0.9888734780127357,0.9733266280264093
0.9827776153539199,0.9596386756110428,0.9546868737878726
0.9889558155050711,0.9718816915202648,0.9513136329894705
0.9920791890039444,0.9819853740696379,0.9813859341439556
0.985244770339437,0.9611057809052117,0.9546980679552616
0.9744065209175273,0.9347983350347756,0.9113291819896742
0.9953591814767558,0.9751794822123181,0.9806949890667762
0.9966345476160866,0.9858475956833457,0.9824337009139291
0.9988716566504473,0.9877834869912048,0.9960326685561123
0.9893413490573449,0.9752640251364142,0.9738675091231314
0.9854910512844518,0.982519283983103,0.9870754855846167
0.9953074541361165,0.977050745963655,0.9843683867326176
0.9917163799703675,0.9778798231369289,0.9857575963254044
0.9958827067023962,0.9880945792663826,0.9941562253201229
0.8856377420873363,0.9816912705244084,0.9755859614881545
0.9675698513506897,0.9908641913824073,0.9972961716469296
0.9402959922324053,0.9871974945040982,0.9926672781486798
0.9971825593910645,0.9828966138460187,0.9874700323758158
0.9790747666370446,0.9750814184052656,0.9737920296452225
0.989768317778089,0.9749748011986101,0.9713528209931613
0.9876715056456015,0.9807742664369996,0.9819169496720076
0.9667293738203709,0.981221658185654,0.9869346188342731
0.9855084151511126,0.9884447122880731,0.9924856483479106
0.99398005294243,0.9882148805724378,0.9910250620301739
0.9956025182835662,0.9855680632490941,0.9902846782533844
0.9533616771758509,0.9617371999147795,0.946827533976819
0.9813009370648971,0.9882635610129384,0.9965370711856926
0.998278455827938,0.9903720840461433,0.9963942189273265
0.9966952326928543,0.9832142279554471,0.9891266120852942
0.9619939519801145,0.9894954354418164,0.999329797581203
0.9979655228043594,0.9872888322529092,0.9965501980060735
0.9841286146203103,0.9787629183912858,0.9834923902601149
0.9988385576090437,0.988412461482955,0.9985952571990027
0.995856345357763,0.9792774011622748,0.9817078478642881
0.9936581866794203,0.9845714007774091,0.9954160325362856
0.9263658269438628,0.9718289225640657,0.9581545557808181
0.9959287570922933,0.9800057326383764,0.9881673842187397
0.9954197862676307,0.9859970458555295,0.9958239253740323
0.9962099561926264,0.987960311634546,0.9965828702628916
0.8885930864737347,0.971811802919991,0.9843092322612893
0.8714596571095798,0.9690524308672108,0.9706709299553234
0.7875957810278207,0.9796309909441564,0.9341225400188444
-0.9579026543263636,0.9668246242994936,0.9158575460109672
0.8660957624578008,0.9865513954665516,0.9676822696305936
0.8816626094223431,0.9865438654059773,0.9776124659818725
-0.08981180837767808,0.9917605585209691,0.9759340416595296
0.9309421683956689,0.997054487978012,0.99712112238706
0.9583111711179367,0.9933122765988144,0.9902345681438999
0.9942156026788761,0.9939268481158056,0.9961609559307856
0.9051637287582291,0.9900046417723293,0.9812899797461309
0.9868873331597943,0.9940791919544665,0.991950679884912
0.9699048210743481,0.991654098013193,0.988932042234539
0.9616235556518588,0.9928252302736112,0.9942401568873817
0.03745972317846057,0.9402293432558966,0.45651259164669217
0.8059868324872306,0.9701693859788411,0.7694713825440539
0.7073166858475745,0.9581295383807387,0.7383983285027764
0.8318278335679222,0.9573393011114265,0.7576467338250679
0.8261740815055822,0.9650180275564693,0.8310093045177297
0.7416011197476382,0.9721266881976154,0.8789581116368075
-0.05032290201123489,0.9442265388430368,0.6472883764394326
0.9775369541650253,0.9829347289683349,0.9720964180780393
0.8543275895886263,0.9703023781193801,0.8163611538423574
0.6393016442608199,0.967605329896701,0.8320401765027965
0.5940914788591202,0.9718728847035542,0.7910982433758849
0.8645976997834265,0.9641354723119337,0.7509271413790477
0.514550130208059,0.9811144884468777,0.8568891048934524
0.4653719558842142,0.9621293420855764,0.7439700553204018
-0.8437992803872284,0.9734752401433219,0.8044847981626354
0.7675705706313618,0.9738428004920947,0.7873116646015342
-0.42055619319210485,0.9707381037735565,0.761129192552642
0.7940117331207491,0.9758792899577962,0.8026373747690795
0.9841592269454736,0.9815531092997956,0.9674456126038117
0.7794273807299912,0.9750570070708838,0.8569723104619249
0.9320353206272847,0.9635435933673295,0.7809216722367877
0.9871411198481522,0.9928451731293099,0.9900208092432891
0.9858936981976626,0.9932168065043482,0.9888702900115101
0.9987981049889635,0.9976583322806769,0.9986913281370969
0.9877778042771166,0.9916285784078678,0.9871241619995464
0.9890060409069598,0.9926896983484303,0.9916571207299498
0.9831353140350866,0.9915210261544586,0.9829100649709065
0.9675666645836817,0.9917368087929835,0.9872494904546403
0.9947272905267865,0.9923024267430945,0.9907312372420004
0.9818605828146717,0.9923836929949804,0.9920444804371545
0.9857287211725957,0.9965837539931603,0.9876403904542217
0.9933701218926494,0.997056731239338,0.9959629213410186
0.9960340768505759,0.99673007351021,0.99868213714923
0.9842096969512119,0.9929736769334538,0.9858296405959937
0.9943042886430746,0.998347659610403,0.9930215030633504
0.9902226234796567,0.9946143307832059,0.9880092026422477
0.9967090465457207,0.9980120220605082,0.9993894289836184
0.9938447487777246,0.9975270031883552,0.996137442928775
0.9820489310049425,0.9947555100125892,0.9896794047437595
0.9945152832360075,0.994797891427693,0.9974918645868602
0.9961946812156074,0.994170742300238,0.9959341717676343
0.9964231049577845,0.9959581208534839,0.9959842903371542
0.9956868854415806,0.9984185758012132,0.9982606286607055
0.995700880594042,0.9965895850253607,0.9975936666037004
0.994608724936846,0.9954336823635579,0.9926097129637025
0.9963113120208711,0.994236194450309,0.9951851894706347
-0.8538512300371863,0.9611806763606718,0.9010612779905613
0.9949913626375823,0.9756620978563211,0.9478114488282795
0.6442870365421653,0.9828934162876597,0.9804207323123622
0.8180576190310201,0.9802210979663722,0.9667612402234391
0.9951345382533938,0.9825922728111753,0.9712471227574535
0.41237846759981317,0.9798444072530537,0.9562829824013378
0.17894407063971549,0.9839670167434871,0.9682236744885606
0.9983441119864279,0.9808854515378317,0.9623253423323318
-0.8544855351393577,0.9853453312566713,0.9741918886113252
-0.9667758003706093,0.9847879789043688,0.9666324781821275
-0.9428080525794221,0.9839740730333684,0.9659677892785087
0.9975273807661116,0.9844034211403042,0.9675365958752709
-0.9121268081440204,0.98213845407474,0.9605798274923628
-0.8373759379057486,0.9808006170928087,0.9710011914472803
0.9814248245227438,0.9844534859104247,0.9748531409333481
-0.22704627508876774,0.9805890823281372,0.9673235745950218
0.9892256878996114,0.9843441991783295,0.9777052271697794
0.8279834833560139,0.9802976694445105,0.9587493498912892
-0.6545664982461288,0.9844909022611191,0.976605891139523
0.9985951264808889,0.9754496049414754,0.933665594038261
