part,trial,side,mmc_flex,mmc_hipC_shLive,mmc_hipC_actLive,omc_vert,omc_trunk,omc_trunkc,lean
P07,10,L,60.10733690177838,55.94073087379744,63.15408581452145,59.01299609772971,51.13129333338846,52.38559922785713,6.270207085192332
P07,13,L,53.162599652201564,52.280619528155746,59.80931109766924,63.98548191130563,54.87596823802557,56.27596527838164,6.742230920382652
P07,14,L,62.03845333384305,56.65536538922712,63.78994360432284,60.90461589508642,52.03580402773626,53.851867723899915,6.826689997180465
P07,15,L,50.52674286269968,50.36553058872115,58.234005426333546,60.26931308830876,52.28440734401452,53.63789008823395,6.435320816378638
P07,17,L,54.55014876208975,55.052087171550276,62.96073755579867,66.71654966310788,57.70822883901034,59.28386930523313,7.061463378791845
P07,18,L,46.498352373077076,46.824618902893626,53.62936534522164,57.392473845161966,48.88005473026283,49.66142668325751,7.447142711365188
P07,19,L,58.99524246031492,56.722508559129665,63.709394136518185,59.78882755660516,50.96813753865371,51.66669080813604,7.67881365013531
P07,21,L,42.911898600667826,44.026774350573476,52.07841228083366,53.812582049535976,46.14430352981293,46.40355691904909,7.389067094234003
P07,22,L,39.16549218845489,40.31916667307867,48.63235541319817,51.19894663434346,43.67155300348369,43.75225179742186,7.321141522682623
P07,23,L,51.359077158252454,52.222331204119364,58.90134662120731,60.10495578338179,52.12802214969612,52.49492037091799,7.4318111867475105
P07,24,L,54.03055125319159,53.99331994420115,60.80115795847461,64.83558859795706,56.174242954799155,57.41518246595715,7.533180318200767
P07,26,L,50.23098733609093,51.088069843435775,58.514294871363745,59.72145487359687,52.6437373038565,52.90703433219585,6.442605108540486
P07,28,L,45.26292328387639,46.343726306164264,54.11353643976441,56.38419032025822,49.022963282767975,49.37781998739643,6.848074018449177
P07,30,L,49.45649273642405,49.1426966780811,57.33357252884617,59.209849398957985,51.74545016752,52.31766057349858,6.958275000956864
P07,31,L,43.92586712964112,44.855694216386865,51.50784533167713,54.765091581207194,47.19108711365775,47.511772025731,6.9036990905838085
P07,32,L,54.72538763911996,55.299722775766924,61.32827465445538,58.68545192047801,51.27959385895088,52.00433642168332,6.403648276688494
P07,33,L,55.29540114391208,55.730792109630016,64.34538804844905,65.7446142781476,57.51807664048967,58.69574251470581,7.0959390217329466
P07,34,L,57.89506266385284,57.81989758020665,66.13450608495074,67.18152290416148,58.80059996846494,59.99724475304169,6.801785764701593
P07,35,L,52.4297585862597,52.86488724694747,60.99576763953268,63.35142553733983,55.505110233603745,56.72400301099485,6.481539559912842
P07,36,L,59.88680430131538,57.86781757636952,65.34285742901397,60.43175579287081,53.327567561251286,55.6874153671573,5.6771612934061775
P07,37,L,57.03381395070896,56.769078064529204,64.19066326528917,59.333327102534504,52.44201350267591,53.70471354904984,5.677428800598887
P07,38,L,58.0082040861581,57.52926593553785,66.13014436073418,61.51766676136753,53.82883255651216,55.032545878943445,6.408158039692813
P07,41,L,62.13545315147065,62.16032245968046,71.69472344181682,71.6426342815543,62.93451695958062,64.41129031904894,7.137928512532244
P07,42,L,51.99301175632982,52.53251935799544,61.876270460329785,64.9896157958211,56.58738068533625,57.550920658137464,7.361598861306084
P07,43,R,54.48618711278352,47.67308303207117,60.196245460828735,57.08896189583264,52.48391840147352,56.29941323269455,4.392294795433255
P07,44,R,55.13006094847504,53.12190917300257,68.09055716082261,66.64173825582101,58.07061241190438,61.86179619953742,5.524604054783927
P07,46,R,63.35005334264068,60.60307353081139,75.52099493339892,73.26521806754954,62.81131425677445,67.29697071847404,6.5211196965686025
P07,48,R,47.45167107194186,46.03663787031668,60.69704991587749,62.728542825365274,53.0535466321372,56.776325849423834,7.243334926924645
P07,49,R,63.404922734200916,60.963202912165144,76.50080942198304,75.92091402052328,64.59700640584016,70.01376866625985,6.624419665945388
P07,52,R,73.49034192681965,68.54569461169184,84.51918565753462,82.1251702765867,69.49160568196238,76.22747184807663,7.723401898448093
P07,53,R,62.52726968514614,58.85340629501742,74.23133957879665,74.21143496444392,62.04519675053715,68.58503504492383,7.253389268532501
P07,54,R,66.5919895031952,62.58276426313986,77.28513605057813,76.82695910003554,64.7102529121242,70.6695064258171,7.945466210982579
P07,55,R,62.83292706986034,60.02431367266728,75.2096813717684,74.28194099101897,63.61956152566785,68.78166463135165,6.648035407819086
P07,56,R,60.679279765769564,56.9461615915569,72.03789756634666,73.79699133673691,62.09976603229522,68.40844532203405,6.367292449768199
P07,57,R,60.56896332686537,57.17364114601093,70.33150035645394,69.66692328895994,59.56910233801372,66.1916955704146,4.820579814215113
P07,59,R,70.1065719908238,64.2471973917618,75.3997083905721,74.86737059575576,62.106606605061465,69.57751797087305,7.471260381468221
P07,60,R,57.54014426090034,53.722801152342406,69.01302745705455,70.78228481363497,58.894760834179486,65.3494993318417,6.876403276148016
P07,61,R,54.98661307908574,49.60228325316804,63.80474468828335,68.8881063193129,56.56235499283291,64.27458886027426,6.4277203436103
P07,62,R,66.07439556722832,60.86993119541965,75.73239645578266,76.61295034480008,63.72082959658892,71.98370354530493,6.850049011482066
P07,63,R,42.4065345224306,41.85500854568026,52.94333794333633,56.57240711627025,47.70219065501136,51.72046661331524,5.970249241951491
P07,64,R,39.7291834105423,37.79986363456815,53.58684776537157,56.839451287543405,47.97890520827756,50.964054320183685,5.386157520055254
P07,65,R,65.10283778274241,61.68146687220863,77.0655797204879,77.66924610481632,65.62484545000326,72.2108325369949,8.040288904583743
P07,66,R,62.36294041197282,58.91346269064688,74.76000121062809,75.99197455396278,64.18309934531752,70.5740956898888,7.609983298952594
P07,67,R,63.8662745324001,61.32273016829747,77.42780922610574,75.77567155243565,65.55625648782767,71.17347742098033,6.855419948940535
P07,68,R,84.5230232713243,78.79682833168548,91.32543211099691,83.75896596851594,72.79490253914277,78.85983065749446,7.491843474161628
P07,69,R,85.7326764332665,79.87306943969593,93.34198463353557,84.95494019401865,73.7601788151397,80.5168414217239,6.189629452505913
P07,72,R,55.59283829100396,53.68873181132027,68.25417869743326,67.88173274694641,58.299122191894114,64.09433143170618,6.729078486437282
P07,73,R,61.25629401145001,57.950629587984274,73.6274165478153,74.57561552637289,64.06604343888337,70.04206682241086,6.389723407012672
P07,74,R,68.94287821848998,65.52470793887656,81.33362775252492,78.24080801520726,67.34042141325516,72.43616841450704,8.194284060684264
P07,76,R,66.9978209164241,63.47864108067471,77.34782128294904,76.48248654218295,64.19739164628689,71.61082326736286,8.018202404994051
P07,78,R,64.92329570130289,61.38895649645152,75.75953227522906,74.74952425334101,63.509476704256315,70.43886932586936,7.849166625747474
P07,79,R,60.172062362544516,56.05305533525316,72.2177158114568,72.31397707196375,61.19935018221952,68.32143361240213,8.324053429620834
P07,7,L,46.55128346832089,48.31503701727797,56.60550206505194,52.32865708317165,46.09085027856317,46.37282846408005,5.917126248266485
P07,80,R,63.51933804204369,57.080269650856344,72.05038412697405,71.6243554676691,60.76717738554406,67.30949641212075,6.423537086704291
P07,81,R,72.79375668684511,68.54420021470348,84.63155212400063,80.66608378516246,68.3243320061947,76.01768532837036,7.097778789747417
P07,82,R,63.671118002176925,59.41161569334584,74.84221363491032,77.68697814525997,64.62567017446251,72.00862648869456,8.3508871675348
P07,83,R,70.21178522187732,67.32787152950954,82.59597144282759,77.67008106202277,66.91776229021292,72.47003716414036,7.632947743835124
P07,8,L,55.68205113211523,52.67296720318031,58.949856522326996,55.28165826262596,47.9223928751504,49.053228558953364,6.070708094950122
P07,9,L,58.22791517749581,54.95642450787471,61.186914300599305,57.15485303106335,49.94475887812191,50.630512711991564,6.219933396910535
P08,10,R,35.34385292039545,35.853182654857605,46.86847419543753,46.85641737296764,39.87001041455696,40.09530575465178,6.980394342439972
P08,13,R,34.651275069813664,36.10285734655584,47.711543682070186,44.24652945727155,37.49382151948146,37.48195579144659,7.204429737978752
P08,14,R,35.93261632186706,36.76328453165139,47.70741355817867,43.36153674051601,37.18687768527769,36.67387329109151,6.956295610972538
P08,15,R,29.971096886843075,32.21587592301614,45.255750856652995,46.984938859902385,39.99665297473414,40.16705958131938,7.44078811945462
P08,16,R,35.216338715145056,36.78216196426867,47.949346330897264,44.50048086106698,38.39517527991747,37.59938053529043,7.07112445117629
P08,19,R,25.16599661248005,26.465325170011294,44.95441101066842,43.82085269251531,36.951474832889595,36.528635722111524,7.37684814757209
P08,20,R,39.3232325620243,40.33050644949142,47.465583397251734,43.84619782302348,37.23921491360717,36.66389027830616,7.342617135839814
P08,21,R,25.08109077333487,26.912409991029943,42.52340047223823,42.78868461750633,35.87908200616977,35.818393384849315,7.2597755238626345
P08,22,R,35.35774253431974,36.42009720781958,48.003195816851395,43.225262928872304,36.63505789740161,36.16014513191888,7.271726938025756
P08,23,R,35.397968190326836,35.44660697646457,48.14366885381855,43.991920749339045,37.53415937708381,37.13418673972887,7.243685067110933
P08,24,R,36.40712502057382,37.943465715175606,49.412574039071174,44.521655559785785,37.415064710213116,36.57323665538733,8.008067430410215
P08,25,R,24.517459710053576,26.5456486431798,42.15124659282973,42.638855349481084,35.86582907847788,35.78336591154817,7.3718492038014265
P08,26,R,24.120035401120617,25.51276105984176,40.16458147489848,42.72010918071969,36.44690485957463,36.27691556433221,6.742987822211142
P08,27,R,26.483032649143343,27.35472059950808,46.25822242277822,44.03343666569346,37.911112194166144,37.58763425855074,6.8712112659544
P08,29,R,36.29267957843292,36.30916698686307,46.29294502524226,43.83877393187695,37.21346297462587,36.69810475287612,7.164185135189412
P08,30,R,28.59625897544026,28.07938887043633,43.85428351976271,45.40983989511836,38.274299580003145,38.54123414824541,7.091392851878773
P08,32,R,37.435539560109596,37.85423897431903,46.52100210397298,44.09216422070985,37.4092379641699,37.31975494354699,6.829872747506947
P08,33,R,38.97729169600323,39.37345910466356,48.187412439920145,43.69156981015726,37.26581759352989,37.060524600825225,6.690771855000082
P08,34,R,35.79012987155225,37.072080305300865,49.46883081676456,45.22030151938098,38.83648842987074,38.834341441014864,6.700293984946084
P08,35,R,36.314688607140695,37.786345702685225,48.880040008381854,43.49678530546,37.39123650457868,36.930796310215406,6.632549639404152
P08,37,R,39.60844874183082,40.87134389446576,50.146115868971876,44.57098256170767,38.23200203584126,38.19647032928443,6.459621490334363
P08,38,R,38.22499973591072,38.9261023779558,48.64704549264879,43.47479330047842,37.16814895019583,37.29566492921825,6.207072062310754
P08,39,R,26.99138510635951,29.135169749723296,43.10343157012878,43.29637146400869,37.130670463069215,37.33280978870106,6.3535133845164165
P08,40,R,38.93352385442937,40.0250430324125,48.34341998170644,43.81191291248842,37.819039007680466,37.39980715376256,6.425757925328381
P08,42,R,28.526014386437236,27.934680258880736,48.5258487571945,44.92304502168973,39.08182960802228,38.52395905983467,6.65258434538296
P08,44,R,39.44555082231651,40.277988849629,49.21527395942725,45.75051718518612,39.444079526970626,38.95791176975855,6.847255593577886
P08,46,R,38.91284269688316,39.33175495261395,51.007261996477816,45.577977305489476,39.161593550557775,39.021741604940864,6.802259408268517
P08,47,R,27.582936586597047,27.578669063144094,47.47866019188429,45.4987414645382,39.19725449008412,39.018237825415376,6.640440092149653
P08,48,R,37.85977078981865,37.55559374837379,48.887673209765595,44.80893122125494,38.7660964887896,38.553236486404785,6.288155888356343
P08,50,L,39.39664631656201,41.02210472372625,60.820454072792494,52.387531962065104,48.96398879498156,45.90637979476538,5.66852232457841
P08,51,L,43.79524570862665,44.16637849016193,58.20436528083405,50.87964243620156,44.85916671488163,44.92375780255855,6.40789033990792
P08,52,L,45.90069202455524,45.75070042283438,61.15756747181092,53.02512106556809,47.87129008564304,46.87276904187396,6.304477588951894
P08,53,L,38.056864087832494,39.67696850279794,59.447785587493186,51.798386107568305,46.90805708957189,45.60771825525769,6.3223686554277725
P08,54,L,43.39319870642609,43.50301286305148,60.52661259598095,50.49929675107558,45.56327693662015,44.51618784373114,6.2752404783923215
P08,55,L,37.72826361805291,39.74566196635775,59.108850457261674,50.94486473284333,46.562744982613516,45.439099845814674,5.7417776545383665
P08,56,L,43.05858761338861,43.202374454919976,61.25973025200193,50.70606907254955,46.150669388264184,45.205548552140215,5.862117999357596
P08,57,L,43.636151929297185,43.67460993446452,61.87730186567806,50.59006898153649,46.042071003220784,45.1718875587175,5.998557170641181
P08,58,L,49.801899199735274,50.05394307037798,61.93547938325284,54.46335585974689,48.65065178371717,48.87119126344223,5.947945024661375
P08,59,L,40.364604378680085,40.56051526054174,57.672245982807944,52.828131171079264,47.05112779459568,47.21054107110984,6.031575963240007
P08,60,L,38.15448347649815,38.60312380539753,56.13745209476192,52.34927468888169,46.688408307112674,46.71715061191056,6.047344174970098
P08,61,L,42.506327905899454,42.821674315346435,59.986076307268824,50.24775164103839,45.370096332704655,44.48705984277302,6.249151857902069
P08,62,L,34.196722794985206,36.50131397957487,56.034453361772755,48.09033934794455,43.15938759094676,42.3943447579102,6.098183406563772
P08,63,L,40.892497496456265,41.02198382517441,58.573430719101005,48.26277657683491,43.64532414206689,42.744587284149695,6.003399187359314
P08,64,L,37.42945978802063,38.16718923558774,57.43726727939237,49.77682676214442,45.2576469132948,44.21136541390617,6.086550479884367
P08,65,L,35.537382856949044,36.365391752189396,54.12741465600631,48.72005746939392,44.4846325557722,43.34203255352808,5.519508857257986
P08,67,L,36.02539370212274,38.02500909054226,57.19947710013923,49.54491828783075,45.12688247515855,44.285204432204694,5.963737427241812
P08,68,L,36.20847852649778,38.1412865085597,57.69619725853764,48.87784236230221,44.44617131869633,43.38645466991294,6.299686517044561
P08,69,L,34.62694666162553,35.43342023611416,54.527699470806404,46.85595024681349,43.0806782679369,42.10960453642033,5.875074640297005
P08,72,L,32.28484558430792,32.6303852093091,49.17704631459842,45.5881959786226,42.18324400311873,40.59925621219113,5.627037398849161
P08,73,L,36.77902718766523,36.99649985492652,51.94305666703229,44.81538997093489,40.603692539800036,39.96573011223563,5.577983376617672
P08,74,L,38.78874289603178,39.409379981686385,55.71249573322661,46.01917854231843,42.39894322812645,42.3388339018411,5.749166573968712
P08,75,L,40.13091808654671,40.476238194120704,56.86796688722557,46.519774384089445,43.51791604688102,42.49763500102099,5.359727229175564
P08,76,L,41.64958914442239,41.72502856775425,58.33374103130795,46.76660018350884,44.50545572358845,43.25578687869793,4.815576388707575
P08,77,L,40.92856501863355,41.297000002662095,57.4533871219225,47.426487277104684,44.41712003339977,43.608497280882034,4.857090818101526
P08,78,L,42.73350044733198,42.96531772327665,58.82265716068641,48.2154578413044,45.21552874364178,44.26469549645384,4.881653615635246
P08,79,L,36.498273000871514,37.54159994418309,57.56943604837833,49.0575625840011,45.62396850731854,44.99564426329906,5.4019537431838165
P08,7,R,36.406012099867695,36.933329944716064,48.874086932847135,49.48343873273939,42.01956128155525,42.64464724924316,7.224699700603825
P08,80,L,40.16513821005659,40.38908542189757,56.7011284659132,46.34304124106476,43.05758636044245,42.27876002434266,4.968549915556167
P08,81,L,32.32491156668231,32.849162077036716,51.910584815008775,45.92840280582155,42.63646359130937,41.86302058599706,5.01246255297767
P08,82,L,40.8745188461107,41.184697789467194,55.1079904258152,47.8831622113651,44.472951548274736,43.54776787898656,4.963323860271688
P08,83,L,41.25779438009268,41.75389251600694,55.93759724832708,47.332892830975815,44.562136679170465,43.459609266244186,4.549823370200844
P08,84,L,40.64894251354343,40.77850371232374,57.331259592732216,47.54695215525716,43.86682787567298,43.543903669484536,5.233983676507302
P08,85,L,36.93613191147995,37.044849460329885,55.39323113526201,48.567235972456515,44.70749511563769,44.03084603048822,5.312163696537095
P08,86,L,39.39305590018104,39.41013447402074,56.33245385130864,47.09530809889006,44.04287315008425,43.30293430978607,4.754536763937308
P08,87,L,32.9099564554852,33.77275682003962,53.224531498849736,46.04167816053171,41.94883699742349,41.41292412352147,5.338332211043902
P08,88,L,35.38543120720899,35.18208509036156,51.327588809496454,48.16341157750255,45.058027566325066,44.0230309899112,4.555409218471847
P08,89,L,41.114961069251244,41.18787067037235,58.145000507615684,47.72250261929781,44.51183981207271,43.669616895191986,5.026079043312403
P08,9,R,25.732006756965685,26.507952106948032,46.838662844332184,46.77583124077929,40.67838862795035,40.52633507225399,6.7129502189279044
P10,10,R,55.202173254212155,54.56216627339815,68.10790768628426,59.001759116305166,56.68890707265183,57.76376336807986,2.330312496730663
P10,11,R,58.40273860665322,57.07885191864324,70.53909809277016,61.12887777300299,57.28219609255813,59.48517268612768,3.438647188787291
P10,12,R,46.676418402795164,52.48701843064919,65.12638941228327,51.38673798846407,56.11531325714494,52.15962606704925,4.821364423660264
P10,13,R,47.00138925234256,51.79765786277454,63.24572960514011,51.271776197652486,54.1553088739281,52.05390125782806,4.214355763857533
P10,14,R,48.0504371970998,50.78990157061552,62.93328248029799,51.06158918790102,54.52429519001796,52.67732898721342,5.090322639134127
P10,15,R,50.4315602683413,53.091370879735315,65.63780058094883,52.68602462070665,55.68137085019335,54.18920861995882,5.47719375120118
P10,16,R,49.97092566944695,54.54115878836406,67.11453132172873,54.41014281402493,56.859295501815524,54.98965038552898,4.2875381879568835
P10,17,R,54.522511182989525,53.92442599454653,67.40224193496552,57.865564989815184,56.65833890768777,57.7420281457485,3.6309186434955025
P10,18,R,52.221811622594906,52.4543948044292,65.03396436306677,55.18088652969137,55.14707727845048,56.00101919876067,4.549828054609612
P10,19,R,55.23097022158818,54.31892503162614,67.78789443229866,57.3701866696317,56.653250193048635,57.540066441784404,3.7353094270513263
P10,1,R,49.953756843202775,54.14368767620044,65.56605532884183,52.043757460344814,56.65247995104067,51.71496749596137,2.673928605039536
P10,23,R,61.112619328090716,59.76623897234805,73.94567909868617,53.477322946468114,56.655303811615234,53.7786810433427,4.4269605257683695
P10,24,R,47.668551693885576,54.61748435343632,66.98782086938677,53.56760269325653,54.785132417002536,53.700573161820984,4.684724274501314
P10,25,R,47.00189626701235,51.95799880973857,64.64408535124149,53.616992868495004,53.181906348731104,53.44867225148076,3.147346738246737
P10,26,R,48.30000012651076,51.95390623819344,63.976737238286006,57.48644859026748,55.01125378590276,56.710527274894716,3.549481006287851
P10,27,R,52.67412393456407,52.70788475339228,65.69162387601517,57.440999732126905,54.59609503976874,57.284544981150056,3.457269583751626
P10,28,R,52.884233295805785,51.98164507688331,66.06663579503683,60.60148057588517,57.21977972506545,59.465605136077514,3.5955232632480203
P10,2,R,56.06040494419126,55.39935654288324,70.62769850645064,61.072784155068916,58.78004428863991,60.02035831467871,2.6273618344229734
P10,31,R,47.012296178451365,54.39654006088266,66.8519875248141,48.0911402178332,56.69806761112657,52.00543485438373,8.578185582215877
P10,32,R,49.188199555477304,55.189834863033056,66.81996180424791,49.380561970260395,55.81137173980619,52.574967181226164,6.927410055840807
P10,33,R,48.538574113035175,53.21396033992182,65.06573644036497,49.824561340903486,55.691807559402854,52.797038489470054,6.987492269818796
P10,34,R,46.98811415363118,54.282846880262824,65.83206576645699,51.121103015751444,54.21756219497383,53.07103965312505,5.4698652958957785
P10,35,R,47.223165738825436,51.87271189140939,63.244152744912114,50.7766062658951,54.89593965688305,53.02197290705371,5.393963162328578
P10,36,R,48.159817569847995,52.07227441938113,64.00582110066655,50.27808411821862,54.40501378140802,52.39458363224054,5.603619956933953
P10,37,R,46.78858583871384,52.33481850636797,64.36145008878513,49.43466151666642,53.65429061627926,51.45954340626878,5.757723559119533
P10,38,R,47.386158882228806,51.92777452441893,62.94420520555558,54.39257689732832,54.05307927132377,55.71018477595467,4.298885134310761
P10,39,R,51.82654410591994,51.93861072226115,63.99281843115067,54.89052857445095,53.797672882129824,55.777140498778266,3.4483342402125725
P10,3,R,50.83935652371905,52.29878421346325,64.38721395101616,55.15576093985574,55.19281041065892,55.65736118925383,2.8824076091601767
P10,44,L,52.03049798115194,53.54015959270078,64.62921837079561,48.808979300467485,54.700963276273384,54.30556303950168,7.630663613094218
P10,45,L,52.783715643062834,54.05878926170869,65.69632868422195,50.82514246858845,55.017263375008845,55.158463706546605,6.819289237563472
P10,46,L,54.46039512070052,54.453187306466276,65.51034012697035,51.64477388970272,55.117820761620614,55.57932722156622,5.940975056415565
P10,47,L,56.01947368730187,55.78826084851935,66.6622876060035,53.357037573977806,56.385302274476835,56.85872846050112,5.346860255117671
P10,48,L,55.73108610846146,56.614108026228195,67.49273818129458,53.02758139947777,56.816038856059066,57.005197657341775,5.9874187608548315
P10,49,L,56.207410358615,57.77845101823576,69.87592269226738,56.18523457289952,58.769424897952135,59.280524393035364,4.862486381951304
P10,4,R,57.90249138929237,56.96861725432742,71.1979083515465,60.963371683256895,58.88259799659863,60.7185854204646,2.4933326131155362
P10,50,L,56.8409026475882,57.497401340947086,68.50719516578513,55.42447333751338,57.48638998349796,58.09585394655931,4.6355956555607145
P10,51,L,57.98243975995672,58.15468393764785,69.07560140526768,56.14263544263135,58.185951496131395,58.856193338030636,4.107468062307533
P10,52,L,56.12578124072283,57.015466318635404,67.7165806872977,54.869970916151566,57.256896986479596,57.30255723673486,4.042256695026162
P10,53,L,57.33107307645807,57.97251950809407,69.06015226047957,56.76180713641825,58.758424388731754,58.86207421971486,3.8615744054005394
P10,54,L,57.303909266328944,57.762025740195156,68.37524405373019,56.640173312363565,57.86726020435465,58.56071567107164,3.1415224778008595
P10,55,L,55.27680467917904,56.722071212823444,68.02502318762149,56.03263596351416,57.026160219887736,57.071098461066406,4.098490531844993
P10,56,L,56.48021608898336,57.477779142511864,68.5066212424586,56.62744055163463,58.12874105061445,58.428583456441245,4.547859258157473
P10,57,L,57.62982266677882,58.18336457688421,68.05993279718064,57.247290458874936,57.938449216128014,58.40356623823806,3.0685223493135725
P10,58,L,59.06147813056343,60.50876578831903,70.44046221955146,58.11061111156448,59.70120558696523,60.06756941832813,3.6078485333666324
P10,59,L,56.777268809325975,57.388235817837185,67.85448739034244,56.021937843692015,57.01430063032609,57.71180539418985,3.1801599931564204
P10,5,R,66.970693630579,64.91108876345672,78.84571103163394,67.6173556643693,63.59705759213611,66.82445693570338,3.220622688729402
P10,60,L,50.578623776692055,57.0841498257567,68.15519905396853,52.71629345710276,56.62601383601459,56.487261628102075,6.254927908153904
P10,61,L,50.26567404905945,55.267828691226086,66.06147239909636,50.60036024299881,55.4139060244347,53.55675990343948,5.245944242831023
P10,62,L,51.08735723372444,55.44698040531367,65.77881173972607,51.24531589136531,55.44180567100509,54.29683716622534,5.461296670909136
P10,63,L,50.7186980876459,54.55214074414894,65.2968074162125,50.0505278743046,54.52309877083722,53.09949626778243,5.014358360787586
P10,64,L,49.76290386355709,54.354729665447984,64.9800876283972,52.21274554676481,54.69177575597031,54.91293773474009,4.80156707487339
P10,65,L,49.72236084868386,54.12804798255389,65.3796026809112,50.77140967901155,54.22545776527639,53.257842895601975,4.187822169269252
P10,66,L,52.42426231385565,53.62558036775053,64.90721665657367,51.90535467088137,55.6178254402769,54.60032727023641,4.722072656065643
P10,67,L,51.32022985261456,54.700472040891455,65.92820643020744,50.56710749586977,54.4906390798621,53.41972754763199,5.142656933133926
P10,68,L,50.580599253026996,54.14850337750758,65.05086063512255,51.91234452372916,54.3786507196711,53.956731832671146,4.157281888275803
P10,69,L,51.00650229280148,55.21272766901126,66.41791371829069,52.43373376371327,55.239867330574434,54.76769505023622,4.703959939740379
P10,6,R,49.6104160773951,55.232716455847246,66.94959221983072,52.47239839031159,57.49774709029358,53.19282423738951,5.730435629690825
P10,70,L,49.662349165842144,54.331248767190914,66.20621972258232,52.8693829641582,55.25097117827584,55.403197991818125,5.395947545366211
P10,71,L,51.05971653191329,54.496139075045576,65.46065471010714,52.58469098366717,55.549837494161736,55.62823952192882,5.084798546643092
P10,72,L,51.334023615874266,56.48002967678397,67.29065145112213,51.918771497203124,57.02341299545071,55.21074616106908,4.5382772888993435
P10,73,L,51.83034969105196,56.33435541905129,66.90227032508213,52.911467735931936,55.913408644814425,56.347710595389536,5.31918081463408
P10,74,L,54.1281727994078,55.47194944902916,66.48422729324288,54.29563960834006,56.02760753389143,56.5243131511872,4.020945179679211
P10,75,L,53.98445247235101,56.48192671129093,67.55315260959273,54.51563195379051,56.34434464258438,57.41541246293245,3.650999470742135
P10,77,L,52.74978728133183,56.50093761062722,67.57596371961533,53.80872177141649,55.192502029328686,55.799011801711536,3.4033268462447945
P10,78,L,50.75095608222628,55.80532107106035,65.94565198522663,53.63613664166162,55.64442505592671,55.98964350920332,3.6160453489754274
P10,79,L,50.255850351029615,54.849375636458205,65.65082374054921,53.59973572116165,55.497595680407066,55.61820227453184,4.4289567372171925
P10,7,R,50.030308040552946,54.70558542890872,66.13592249461001,53.09246453828089,56.32407559142363,54.39353669264736,5.59442016759189
P10,80,L,52.072998346583155,56.27634870520925,67.7551786483113,53.80126630585646,54.70261334063513,55.494343209330104,3.0129007937653185
P10,81,L,50.57288635767498,55.443914817783735,65.72943470273646,52.27262082646546,54.8481616567501,54.32652305532676,3.928577517703033
P10,82,L,51.04048852060248,55.728858185936616,66.78735967058968,54.15314770877094,56.234263651914965,56.783257517375894,5.098393967606753
P10,83,L,48.9329094401822,55.53336987944679,67.53773692166695,52.526634359986105,56.137584665621425,54.7291620522532,5.353723236151967
P10,8,R,51.47536006797353,53.40757289681986,65.19673996671283,53.94265102474099,55.47322873907788,55.28985661589602,5.505336663499078
P10,9,R,52.72410183002057,51.93804933321508,64.76400382046378,55.537917862453845,55.38020138522454,56.33331251537228,4.353285705474905
P12,10,L,55.90808666099189,55.791655037372585,66.62479415862958,61.021212268140786,58.72895033567753,60.167048217507606,3.362313328683724
P12,11,L,54.68276489587285,55.13543479810448,65.7494814633475,60.2365429835372,57.733939008116586,58.520323660539674,3.614255419891262
P12,12,L,52.37596524280256,51.920131867220164,64.66901306160673,57.882407227165,55.51035789604955,56.912192409289396,3.416752970807592
P12,13,L,53.68867555754994,53.275357366010034,65.145181334955,60.38701212813433,57.815572205162454,58.99074887075277,3.7664174272793574
P12,14,L,55.12378188336752,54.52048518605103,67.16975167023843,61.14553491471712,58.8083692210082,59.58557612023556,3.2727212865150754
P12,15,L,53.48051361755156,53.75567548097535,64.410244088217,59.65372547245627,57.85381750709061,58.511133374763254,2.6609877038171867
P12,16,L,53.2352784918858,53.45506976973302,64.0601899614915,58.4568306246535,57.319853159931306,58.02634361583725,2.600903783902024
P12,17,L,56.94528360072125,56.24409613452299,67.85026227254961,61.79753498695505,59.77934607632051,60.578233949632136,3.1637606424259417
P12,18,L,56.27424965302054,56.610771094905346,67.16589093657547,60.615197176232,58.96900145006416,60.192136817078655,3.457308423924894
P12,19,L,53.66156293702155,53.893389679880684,66.78202294738257,59.37247770523628,57.69053297379122,58.51194021821807,3.462324251972505
P12,1,L,48.44195696959159,49.31161729050368,61.427253623810024,54.08132898182825,53.89254823136896,54.102578896812304,1.5502841541679497
P12,20,L,56.86400115617505,56.57155174885278,67.53900662536743,62.317899335693795,60.7433010648433,61.25842576791654,2.859001115841736
P12,21,L,53.343082255626925,53.1650511272568,64.90537163969367,59.45941811900618,58.160420573844135,58.84052719696043,2.4687962708913718
P12,22,L,52.97014935231053,52.66437171733703,63.9876056652934,58.94451878155091,57.68122302447331,58.457899528566855,2.7274730125901008
P12,23,L,53.60936475146044,53.70139449803989,64.33562110022189,59.58121217145882,57.84556114372188,58.48369340847067,2.5621298246788458
P12,24,L,56.972774003690226,56.663724242011405,68.15757003307854,61.17635576929604,60.027269557729625,60.68972192813403,2.1428125748616633
P12,25,L,57.24119192468034,56.623395460317674,67.43003486915075,62.40097491524038,60.64186173464834,61.520803939078625,2.43551327144792
P12,26,L,58.08442295002549,57.20566998401916,69.70027768700109,63.67668924337216,61.36207748784763,62.8219284539378,3.3299159711654767
P12,27,L,61.302024271035606,60.65066610522396,71.69445998411824,66.99203448136122,64.88738029328182,66.22907116983038,3.2294178754234353
P12,28,L,60.44888212283693,60.31256113546566,71.76502095406211,66.42971679956212,64.55763718128748,65.69234858309628,2.4530683463072664
P12,29,L,62.32975941436718,62.11887529474134,72.79122204938761,67.59611417586663,65.29354153627636,65.88537467338998,3.172785084712724
P12,2,L,52.22527592856476,52.6330261292693,63.7894833184922,57.95008534290559,56.570575409903974,57.044567408926504,2.2752158042185124
P12,30,L,60.477983262008564,59.250021596622275,70.44037756704773,65.80307037552099,62.73994366359344,64.14970557120972,4.0365135758004955
P12,31,L,61.14228349472511,60.55065396712811,71.15367644357865,67.70425396760713,64.47575213893373,65.81966083395453,4.14980253360998
P12,32,L,61.81530001937238,61.29226584104485,71.4776012772753,68.15032167011564,64.80108664232819,66.48287031755528,3.862969995333079
P12,33,L,62.23141132990943,61.18646077181381,70.38950911485416,66.42962135702723,63.44189398351148,65.04923136105953,3.554146150748673
P12,34,L,46.15347072165892,47.00630259680896,60.33120431978809,54.611810910885644,53.53443127223458,53.65199229100256,2.5690509257888223
P12,35,L,48.92626919262458,49.68406030943903,63.31866441797887,55.04672422439656,54.32051192238864,54.86933411037124,2.8273722938775805
P12,36,L,54.163684788883586,54.2573498587888,67.67311113744523,61.512711442879066,59.51579795800015,60.33926956107156,3.6122611247581595
P12,37,L,50.62032231472764,50.534104858583646,64.71271448882817,58.6781630342038,55.96148005015698,56.39383532851593,4.253245779772383
P12,38,L,47.57648400095501,47.58154049461352,60.621719319410396,56.17762338319487,52.970446779141014,54.275700068990425,4.7533572197949
P12,39,L,51.80691224077519,51.50546065012495,65.17595936706334,59.66422196767841,56.9138515980874,57.64030045288444,4.097817818607517
P12,40,L,51.18027966936161,51.14934746182126,64.53027250643993,58.654492869534586,55.89351446509305,56.94897184919775,3.912564139571433
P12,41,R,44.471262088594905,43.99157858868229,62.1648202967817,60.6894738131059,55.236844588969596,56.07600492682449,4.731153126642017
P12,42,R,47.7453627853444,47.432927248836734,65.11420454612019,63.10366003614507,56.97138578014406,58.992925582841835,4.360453088031192
P12,43,R,48.17323099538291,48.343564268478445,66.13994626213162,64.51983400832185,58.248006141598744,60.788450886980485,5.052561649878376
P12,44,R,45.70873486747047,46.016439522986225,63.41091247432495,62.96691123584622,56.717467169515466,59.36111323697393,4.806342821861167
P12,45,R,46.097204647038765,46.13347195138767,63.31091667850021,63.12641125435852,57.1655501921392,58.994872087472224,4.923531980081887
P12,46,R,42.57169887599892,43.11005652506205,59.7045225362357,60.07339463797304,54.0639752411502,55.58070644708748,5.339013738902656
P12,47,R,39.87743297423229,39.816252944023354,56.858003914403916,58.77029760972158,52.56006264605325,54.20795821032583,4.700551364049643
P12,48,R,42.74137716177109,42.818392490491654,59.81840221738792,60.19620322549453,54.15762015204144,55.84865818136599,4.987483285692421
P12,49,R,40.741752431178845,40.62481195755559,57.786306756183876,58.95589281114466,50.752475632781454,53.93229789765976,7.9391961239078706
P12,4,L,54.51796802897949,54.27143049024946,65.33935303216197,59.452981595048776,57.78545521139129,58.22941231245822,2.1254778299244252
P12,50,R,42.49552144563939,42.82620701288792,60.084126523409886,59.752092621013034,54.17306807544269,55.592118779943995,4.359797578744015
P12,51,R,46.01246047108398,45.98947020215479,63.20796464224115,62.588032545445046,56.590366014825854,58.77285046676829,4.014755746578341
P12,52,R,48.404727732523305,48.16749583489786,64.79271655593085,64.77630986444909,58.6363676105304,59.934342220271304,4.992204739012594
P12,53,R,44.38454163404946,44.57045401505771,61.082382211215474,61.91916372128333,55.29234615952617,58.31950229941237,4.806327541313003
P12,54,R,42.949326758412774,42.62968908160075,59.52622525153085,60.659656468532354,53.945915530410105,56.19283300647187,4.246120117254067
P12,56,R,49.08045876419699,49.010294835148684,65.12475819881489,64.76276347814417,58.64585576147456,60.92172663359417,4.461964641972653
P12,57,R,49.404105506866586,49.47550220601418,65.4030771814317,64.81155975618826,58.93744889013024,61.422565220961,3.9261110076973864
P12,58,R,50.64505214423366,50.60101797128874,66.46991576942153,66.08724171064283,59.770576167497865,62.38096378954248,4.295178933709304
P12,59,R,50.828651851136044,50.9440815255951,66.44928235932981,65.46708876292638,59.419093032382406,61.55616543235822,5.284389309747623
P12,5,L,56.8164329032375,56.45493875831323,67.822741057745,60.92090544538772,59.72824141627598,60.11687004601029,1.8441023962272265
P12,61,R,46.516151564994885,45.6370083449656,60.44449010949744,63.46660845695274,56.195724435233615,59.37749215291522,4.921792119044293
P12,62,R,48.743726057660034,48.47794621839595,63.17609472477475,64.61653809483634,57.55603436434162,60.46677080878254,4.952789866150594
P12,63,R,49.138685664674504,49.027218907082876,63.21404156686556,64.36108664556461,57.36148962434931,60.20997453717889,5.618338074672515
P12,64,R,49.04699176561514,49.19251375857361,63.84902532109825,64.02188471634068,58.10800857019714,59.96038826058384,5.366913253476586
P12,65,R,37.557508666215675,37.87594193290216,54.94170799707284,55.71831104373663,49.49417357258447,51.14906336934627,4.683310125450259
P12,66,R,37.43150012223805,36.79758983679302,53.74117091893078,56.40791767560654,49.56791595811525,51.84573364577875,4.451073644620779
P12,67,R,42.089985120274854,42.253745390242116,58.95448647877881,60.049003467673,55.14677205224679,56.490094566874326,3.8577566963493344
P12,68,R,42.21204295959961,41.7086001619582,57.87686289069229,59.08280285744594,52.67686172585053,55.31978624302461,4.732174595238526
P12,69,R,42.75471758616625,42.786630025731874,59.43377636429241,59.844583202870595,53.12832173249376,55.64469125325417,5.694165137785637
P12,6,L,49.45111924096513,50.149950282736214,61.65389799107423,55.665570251174934,55.152006827368815,55.427301305873534,2.0166874842596423
P12,70,R,38.39725951318676,37.450674193956395,53.81639663880335,57.16275527151192,50.00311673160015,52.832565744573195,4.831519233763128
P12,71,R,40.616003488113286,40.84347341137678,57.956390161822085,58.436881060236004,52.03717164271391,53.57524737539213,4.894912230736293
P12,72,R,39.812697320312836,39.786843723389254,56.40087535584246,57.981144048657285,51.50991288642594,53.57907683653685,4.624642233213906
P12,73,R,43.3726281314825,43.660263940739306,59.695555226838714,60.314062345624485,53.517752220179666,55.50366517992787,5.851161033837743
P12,74,R,41.198252652672195,41.028674671249426,58.224640375780325,58.329998959344124,52.275033287578935,54.02530756572632,5.050560819731027
P12,75,R,43.32873019664013,43.43373920280807,59.87684969878767,60.000233626290935,53.22527557629927,55.50458356261279,5.570309514093487
P12,77,R,42.63260957774469,42.97577139137926,58.78914497285772,59.639549705031534,52.84913344723495,54.89244366081172,5.365236869142148
P12,78,R,39.99657263056107,39.58764012766704,54.98461500479132,57.640355803893755,50.46405672540989,53.06865956186279,4.987307035112016
P12,7,L,47.35880048631975,47.49057536635104,59.920637821419376,54.60514322998833,53.2932021956875,53.49502210955549,2.752245727632351
P12,80,R,41.75379338563329,41.818304861675706,57.40434877300126,59.08003543463507,53.33262813651752,54.6121997644643,4.887385078722248
P12,81,R,46.443771881381615,46.16360520499417,61.74578910687256,62.606182683819924,55.11329101315414,57.917363715587655,4.842775432842132
P12,82,R,45.125871511935415,44.82302002499485,59.59130812613231,61.3330911280089,53.821675987656384,56.9816235778673,5.186273645236582
P12,8,L,53.92498952630462,53.85183048659899,65.53530478137134,59.902131760492566,58.82091281155374,59.28292017530757,2.4344791695215107
P12,9,L,50.457232074482825,50.63381783161416,62.651852587045056,56.758832223762084,55.71976110080559,55.952363694977876,2.4848310194449716
P13,11,L,43.16452615512939,48.069809582933964,59.77914095760775,55.450383966057004,51.93031752213331,45.29590047523293,11.265154971128078
P13,13,L,46.17153073183667,47.0246089477397,59.33367944163471,59.30610226838096,50.42635204672704,48.88995057640653,11.703050880222968
P13,15,L,42.12777319374488,46.02026938005619,56.32200399946839,55.394150195786096,48.7598347358422,45.866149188634346,10.465629232690132
P13,16,L,43.037730516966285,48.17854167564178,59.86830193047994,56.65901633483058,50.2974034584653,47.05047272765343,10.604500500413899
P13,17,L,45.852332875948534,47.870457513477106,58.520756177694324,60.295258898670134,49.816018361010386,50.144426517233704,12.079535666482522
P13,18,L,43.49002642001429,44.98787360723665,56.95387130239714,58.9725299958943,49.81175384554386,47.558271186426964,12.836469964913219
P13,19,L,43.26157535607615,46.16342354340989,59.53346016056335,55.317516002017676,50.83198900415607,44.07242793764301,12.571657877443803
P13,1,L,44.99459103601249,45.97365339077196,59.538955573232904,57.62949615099394,50.580686780705825,48.794817314586574,10.505528119400209
P13,20,L,43.83532604325175,45.94040259266466,58.50825558555651,58.51293344859709,49.905136172409904,46.844767377756966,12.783850987210666
P13,21,L,43.47574751130142,45.437882013924394,58.431418380027736,56.30894633363583,50.444606000504386,44.510790210685435,12.934234497526935
P13,22,L,43.520041206658846,48.810085534149884,59.41095969198095,57.54631920494049,50.30088528559242,46.236920609917185,12.102411669195705
P13,23,L,44.41347823590895,45.862842014836794,58.03890620476594,56.719249473738735,49.48672971860513,45.31257931481268,12.81840959136904
P13,24,L,46.572548335941256,47.329230837620166,60.36273908182757,61.63685654824064,51.50611404009048,49.18596301914347,14.803409662468201
P13,25,L,43.42700321362607,48.453631093114495,59.593390492181626,59.244262741919925,50.18349977286408,47.45560511273144,13.481340413759076
P13,26,L,44.20468522309669,46.93059511026973,58.72160645418092,57.86144580028279,50.45842288638685,46.190704946518856,12.83975581437643
P13,27,L,44.495026777621945,46.59738517106908,58.06038304384668,60.40969063590289,48.914996779591995,49.18131354409621,12.12877913959259
P13,28,L,41.03964246536372,45.67711790193367,58.40493545052622,55.51928972946822,50.21089709979454,43.718818024420735,12.780018530958863
P13,29,L,42.6695459911543,47.00561836284078,60.70164479972598,58.025187526754756,52.575092137245626,46.0591551896755,14.282611213614054
P13,2,L,43.787262956508755,49.24937412663054,60.46793193030757,58.43196151307591,53.64941833351399,47.47628424659847,12.082751747087888
P13,30,L,43.08196616513391,46.58450810132967,59.50556792663011,57.778255090855296,51.32080988201766,46.87708382827235,12.396437630592548
P13,32,L,43.75515796106932,46.17277761903946,59.20712779436686,56.31296131366315,49.17352041768809,44.937437419608045,11.50836810958897
P13,33,L,42.41093384625081,44.46783312970517,58.43557712350309,54.653967686331306,47.79231135061087,42.42149191320075,12.5792830400089
P13,34,L,43.50072255969852,46.06471041319691,59.76828735198566,55.067201263995216,48.2329625698038,43.763372784160296,12.06669590462631
P13,35,L,43.69041706579916,45.197573052143625,60.0068786335373,56.40666349994698,48.77539891087426,44.236449925154,12.681963478254783
P13,37,L,42.69592415708841,45.03092644403357,57.75601633314817,55.6054496135852,47.20242734746914,42.67183415689749,13.508680868736963
P13,38,L,43.35668049983328,45.77946730213974,60.13143288419908,54.90138522310102,48.13575805372422,42.249809244427674,12.760751163397751
P13,39,L,44.48374387149369,48.01408727510745,60.33653323033744,57.51800547721583,48.11207255818286,44.77154740305801,13.502070045015385
P13,3,L,42.09706349191565,46.90197512721977,59.60512245587459,56.60523002852904,49.96870914547069,46.709316110413,11.345972061571361
P13,40,L,42.74749964462495,44.95289692768511,59.075986305963546,55.67370999697719,48.44121371307468,42.49700821435607,13.40800083907231
P13,41,R,48.64280943125487,56.00399884750323,68.48413122525916,56.15470681921787,54.6383865537077,51.76931143969007,8.832237042569695
P13,42,R,48.63180884811216,53.40400382543419,66.82391108276344,54.25158119278943,53.281399720144215,50.98845983793553,4.821610846411379
P13,43,R,49.88140928910598,51.759057985319004,64.16845976469212,58.74477387767571,52.511878992283066,53.68303808533651,6.773933876233968
P13,44,R,49.39075149048048,53.9999084475378,66.77419786411643,58.302323217245316,51.893618538704786,53.32030964826295,5.182772542138945
P13,45,R,48.22378016196092,53.599462092366416,67.42903851187425,53.09061850099285,51.016534706254895,47.50823247140738,6.676461765000038
P13,46,R,47.23739471679355,52.77867703047896,65.32614691531609,52.00297604432681,49.49379633980539,46.66831565353616,6.533915763975621
P13,47,R,48.28088349857461,54.076728045298736,65.8858469126796,52.51547561995794,52.204125868975986,47.61214320967518,5.914863728236582
P13,48,R,46.51254722402857,51.993594148077946,66.1627383608783,52.61398515696935,49.54512332380872,47.68401592935212,5.4255403234480255
P13,49,R,44.50445902678542,53.883999538306426,66.76291003986981,55.212528918508134,49.74753882925911,49.82112909079236,6.920530331280808
P13,4,L,45.09064941870359,48.00060230848747,60.517711648817816,56.04323043268752,51.046970183456445,46.51749781035614,12.094847808840269
P13,50,R,45.89347335022884,52.185263920136514,64.86806803285981,51.16052166925814,47.75115147284954,44.704899629662386,6.917046313653689
P13,51,R,48.073580940354944,50.35354514309113,60.73521665696807,55.43970290227085,48.013383213382355,47.227697117487956,8.402844123368403
P13,53,R,47.78038060182635,52.918959919811186,65.76901202523057,54.10659031211128,49.54707293674708,45.8825159128405,8.681063691689587
P13,54,R,46.9899141965989,52.058912766491105,64.89020791296129,52.86345405423293,48.02518924510921,45.22046992434054,8.22029195345274
P13,56,R,43.8429136005737,50.82225407134822,64.04222948004814,50.81705559426515,48.682720096965646,44.29672156920767,6.62133977021022
P13,57,R,45.9259750441236,50.14802021868989,63.442859968477215,52.476417376023875,47.46616593685097,45.621904952250624,7.12296204485359
P13,58,R,45.072392878895876,50.67209275249435,64.0598029081072,51.96562042007665,47.83227127588297,44.81448171289946,7.823443519476832
P13,59,R,42.38842444640083,49.78891655545645,62.84559173772503,52.105699360193185,45.38756489454572,44.747518545741414,8.597367875197595
P13,5,L,43.279506863382444,47.70285298106091,58.97447570491623,54.69419820537965,50.00901004881683,44.28154804773432,11.546185107413635
P13,60,R,43.896018637625716,51.21767488669171,63.97194627894557,52.16411583371205,46.43402705374647,45.33569456404637,7.917618125931265
P13,61,R,43.8874169858955,50.38693377517819,64.17544426271779,52.93227850250986,48.445955289379526,45.784375737541836,7.254837126759144
P13,62,R,43.6820981426233,51.12003255550533,64.27579601769185,53.67464559418443,48.50014660419578,45.786217961715245,8.499717130883107
P13,63,R,46.161417044756185,51.897402550680255,66.08364774180276,55.65168862292984,45.69128438512499,47.20540550185726,10.145824413201046
P13,64,R,46.0790856155222,51.90994379905035,64.99654966383436,54.33883321010836,47.01229156168008,44.770950226026144,10.383928795116296
P13,66,R,46.73840844659569,50.99610377378365,63.25014255252918,56.87080853336352,49.04350349366954,48.141069261745834,10.04627330717938
P13,67,R,46.743142413817644,48.802590724595596,61.895099058267256,59.053144525249806,48.777380575052796,49.7751930924765,10.865356720335203
P13,68,R,46.862260535525614,51.04243868590722,64.68096940189953,56.742492764599994,49.959601844148324,47.63862269759347,10.20778129550063
P13,69,R,45.264080875754395,51.01919507630563,63.897159887194235,53.75858371405195,47.41226367342835,44.95235636572718,9.082620522824806
P13,6,L,44.19216142149152,48.869777503220995,61.61109855860248,58.9954178131472,52.83247802762039,49.76024484822785,11.62417144358955
P13,70,R,45.52670796942817,50.58627235207037,63.82827271599907,52.964018547318695,47.46353786103006,45.02311161454158,8.168472255560319
P13,71,R,46.29303138056162,50.30470593884687,63.70296644090745,54.01150553049999,47.51932741519601,44.81239468395459,9.563814633793212
P13,73,R,44.07767086409321,47.85643840438124,62.1217362111462,52.55994874799839,47.16587564514375,43.84064041599292,8.645640673199699
P13,74,R,42.81031431919145,46.838736731852165,61.167738437966136,55.594946316686716,46.86881277894733,47.08592547769763,9.22142075406628
P13,75,R,41.940542062318755,46.65172628854076,61.16448259156665,56.34276868454124,46.04345344098635,47.7000722779962,9.083621008355186
P13,76,R,43.50437458192658,47.72786115005652,62.12885821344711,56.24589195283917,46.28889110232036,47.6255642071545,8.67637383574374
P13,77,R,44.74570339335266,49.07899279514193,63.147375226170524,53.64943020103235,47.05774055670721,45.326255904203485,8.778120405276468
P13,78,R,45.44997134615812,48.713123133899394,63.20375636719209,55.356175379348834,58.90220034197438,57.592114078660785,10.334702474623349
P13,79,R,42.436189367169966,47.27967627289961,61.43460376862574,56.20876131312386,45.65145204497633,47.3859637652047,9.57747515444086
P13,7,L,43.78991105371879,48.351732744532384,61.382450434661976,56.83435899854075,53.32878472212092,48.11269472441954,10.226770032387634
P13,80,R,42.39002375565107,47.93490906111231,61.57267095944114,55.1879309932873,47.15152635994078,46.42606803966757,9.177953840340695
P13,8,L,42.22653088325344,47.93639110785467,59.25765474196002,53.22004319384847,50.865181493760474,44.02453045104509,9.456823989531056
P13,9,L,45.23785370079276,50.258024016310294,60.410515187543396,59.682785954592745,53.1936520230002,50.96398323813135,10.147506925398446
P14,10,R,34.02989508257551,35.31814189536911,55.00789405954893,50.57135555307265,44.32203603735751,43.66502608984627,6.682993321508942
P14,11,R,34.6854520591312,32.07482301246487,49.84735364789851,48.33775323772272,41.40931503725499,41.23578576024476,8.370496048046464
P14,12,R,38.30082646145453,38.008074824569846,54.842470260705404,50.64127810724207,43.939517870145494,44.28185041244946,6.527150914133735
P14,13,R,39.9286252686816,40.74127307891977,57.49357013921279,50.41038838083857,44.03264306084406,42.93849631970113,7.74969901055144
P14,15,R,33.60649801847266,36.57064085985269,52.39452642676458,49.038279889046926,43.74987043691577,41.9011791811595,6.8036344279973076
P14,16,R,34.04048320396481,33.403587983185034,51.81150377388739,50.061259397492975,44.0221975775544,43.596383277453526,6.788229689731026
P14,17,R,32.98719409879783,32.65478485414274,48.61155984744532,48.18896139571364,40.23394504598215,40.05711178066053,8.382871855729116
P14,19,R,38.97523681199043,38.44624761129744,54.20223349743546,50.661223446455,42.99494287728389,42.96895227741732,8.042909409145015
P14,1,R,37.9452029259475,36.413326868616174,56.04952459957146,51.760226659233275,45.83633747611599,45.86526987788184,6.491209381331028
P14,22,R,33.902749287014544,36.693663880914364,53.75386457568408,51.50422471631009,43.78081216211391,43.92135952677553,7.549507952713998
P14,24,R,33.97503130672138,36.725410794104505,52.99980981653153,50.38837353653916,43.02843544062298,42.33848792194237,9.315054384493454
P14,25,R,38.121523858640145,39.311861760808874,54.09378094236415,53.317331044442355,44.69694576336572,45.00395958442434,9.238799134555205
P14,28,R,37.79424860601723,37.4157613990873,54.60317908529966,51.872172190117496,43.76538823845641,44.261381118332615,8.247159280445162
P14,2,R,33.75082703866114,34.852072929317686,48.89455046100926,49.691895124811325,42.04855372576882,42.40892888107004,8.419149701123052
P14,32,R,38.065369821418024,38.2497250296926,55.500719013982305,52.08318554551275,44.768760491789784,44.419564826921984,7.1945931215575065
P14,34,R,37.642234095656924,39.27973853282735,56.53515978059141,53.45484305690212,46.86563697784732,46.280888895631556,6.622674754590161
P14,35,R,37.35068985074324,42.967282327781646,57.71116604468834,55.741584144074224,47.869410647783866,47.45498047193869,8.40215930558641
P14,37,R,40.1131257993186,42.27167790656805,56.40029112697333,56.21575192414577,47.4237382493152,47.51086117656251,8.716390519526712
P14,38,R,37.05498060427379,39.964888715179086,53.68318945621182,54.88729784452518,47.41283962660898,47.47968310293431,8.063335071553787
P14,39,R,31.710642831614933,42.20891996378662,56.30764496225035,57.024904995711026,48.305278228406095,48.28651693361448,9.218878900882864
P14,3,R,38.703944603937074,39.05832368906373,56.07729435444903,49.90087467177224,43.759836200511586,43.33039400081351,7.187341515294541
P14,40,R,37.354993392478576,39.4850693924099,55.559195656265906,55.63268962933524,47.51546159457092,47.08645786214422,8.65479636048243
P14,41,R,39.31331803877556,40.71825685286668,56.77520358544242,57.52152986998826,48.27999665131624,48.82429680904702,9.409045120707237
P14,42,R,33.89903876420455,35.4096113068665,52.603299919355166,56.76808645397646,47.321310040932175,47.4511578095587,10.350231356333978
P14,43,R,37.26721814994791,39.20032160102305,53.978339703399946,56.48364433984441,46.749491545444,47.08837414689195,9.867787236284121
P14,44,R,37.008761996165646,40.02134987490109,54.77823152082089,58.73839895460296,49.06574896593063,49.52785974864178,10.76548497553529
P14,46,R,42.32835329257839,44.65474950603001,58.77381933721284,62.42321429682964,52.455468545065315,52.86013869316019,10.579868081524516
P14,47,R,48.499337953098156,50.712695553895394,65.03136018410484,68.0986457340134,57.52277107781429,58.53569672512237,9.934778262439155
P14,48,L,43.72496874588055,43.80870776833174,61.69735857196632,49.58919457118696,48.34416177831274,49.30278651300823,1.759723018245683
P14,49,L,38.93561860766976,39.233347533921695,58.4349603052263,48.9434963816085,47.19942340164801,46.79175081235248,2.8301913665223926
P14,4,R,30.773620850844992,31.621245729153802,51.70831650803272,47.79616906395869,42.23662711404962,41.97743871026683,7.245838377450502
P14,50,L,37.019081412701986,37.536175407605484,54.86914826071307,48.69962972844879,47.681273890816215,46.03840640972534,2.8326103606754307
P14,51,L,39.92635160484383,38.614401696595436,55.25833467104342,47.57322335725723,44.570757423446516,43.994982349506806,4.023050278435316
P14,52,L,35.93013815198646,37.77268129414704,56.15759830688563,48.45474607053286,45.84934025130296,45.94604117993187,2.91761312532923
P14,53,L,37.098063921968105,37.57535943195062,55.98336303244673,48.2948603626872,44.9381603353458,45.07189344374918,4.072494819595879
P14,55,L,34.46689903322468,32.27815887202992,50.92272981203274,48.697480754934446,43.97884391054795,43.79403347926929,5.488879726898229
P14,56,L,35.2373346776774,37.690868954374146,54.45138556782043,48.7989036001016,46.075661780696294,44.49728479497087,5.683460179072461
P14,58,L,35.31681772257159,39.46006405753155,56.104849498911676,50.426193870571375,49.74389540744299,48.10931533503963,3.069712601612796
P14,59,L,37.08311571584636,37.08592660195997,55.49226203528203,50.116609316036424,45.73643770266757,45.67436064263312,4.7596114469435244
P14,5,R,30.05986250526527,32.84504579686768,50.89764599033807,48.32217778423897,42.35207341912395,41.42395552780343,7.182202046186169
P14,60,L,40.633531085596864,39.26957946967225,57.97823469502992,49.27253730811282,46.88716441812678,46.140434735557804,4.161687189911383
P14,61,L,35.80608260518131,37.882278324077106,56.04109373950199,49.51066501386896,45.42066240148535,44.70434188789348,5.814478309748773
P14,62,L,33.20716277418742,33.77847187065504,52.614667690086016,50.67277068006311,47.22909989641224,47.31787740017311,4.015818732738487
P14,63,L,37.068629384325796,38.35783811362568,57.68060618080572,50.455757804202584,47.503092979350626,46.97668802001664,4.281770029608034
P14,64,L,43.94708759519285,45.398159220237766,64.88330369954342,51.60274241402425,50.21093594501591,49.324921337921175,3.49828292297169
P14,65,L,40.861211391538575,42.12355293197924,60.03260896271407,50.84692135367021,48.88398660669334,46.948788585706794,3.602183306095886
P14,66,L,39.338937057959484,39.11167084912846,57.012488249359045,49.99769228878724,45.95932932496733,46.135407251319265,4.909246050765912
P14,67,L,36.01729607039062,34.853139004004696,53.99765825546383,50.70104583208387,47.66631300509085,47.43324402371244,3.728578800564957
P14,68,L,44.74558357367497,45.030841064348195,63.35270259117761,51.81558865158182,49.38089439118306,49.71345110365874,4.480375380785615
P14,6,R,31.818825286167353,33.60473343957489,51.45906151065303,49.53876260493081,42.842163834724744,42.44033693704054,7.862411903145448
P14,70,L,35.69702094946026,35.69509434905121,54.104932081501026,50.767512738241884,49.40381214203436,48.35448127138965,2.290024737883063
P14,71,L,37.102852375470185,38.03065091119029,56.62252708746572,50.21232493119042,45.06458378604587,46.2174364590083,5.470556467013862
P14,72,L,37.63645825038967,38.66895902349364,55.37521726932565,50.62920803906847,47.61644151847114,47.08548158877243,4.449080615294326
P14,73,L,41.890840652372916,42.55227418213378,60.39371649776828,51.81198060471651,48.02300904541687,47.856715202040974,5.125436320466348
P14,74,L,35.30425150260896,39.17203769819867,55.00535009546976,51.3149253208843,47.928579290401416,48.43478049583232,4.45515657655256
P14,75,L,38.240493273827376,38.20690231285956,56.78061383871845,49.931606556517075,46.132764153407436,45.592687444580825,5.291503478902129
P14,76,L,39.531729669754455,38.41155275810379,57.621916511833305,51.09133500408832,47.89949862608224,47.26219848359688,5.271511421439241
P14,77,L,43.331409448283324,41.959159845480585,61.03418620405104,49.73871890089426,47.530688772050745,46.42248314367666,4.58018951062824
P14,79,L,42.00389926303353,40.32000877841871,60.07774928559244,48.40590371185178,45.26723091944477,44.59452958347842,5.193471332013807
P14,7,R,34.81440835328671,36.228414467290705,53.06017097653946,49.46605555956993,43.431331583081075,42.91728516954548,6.895514716039934
P14,80,L,35.270146142397735,36.77075197307727,55.64388191060644,50.490147396422095,43.08157357154427,43.44589530932392,7.698581278390788
P14,81,L,36.43280196328407,36.18138407269371,55.71393401492864,51.67633750983507,46.92350887675442,46.64943894216937,6.771653437436445
P14,82,L,41.76985678601169,40.23971110083192,60.0771063969719,50.582446380227786,46.45501489637583,46.063656399166305,5.258905749378114
P14,83,L,43.341022530453955,42.25625904661037,60.96447347037345,52.740882423173865,48.36480881401406,49.32660731706165,4.978901640883928
P14,85,L,40.386772935147526,40.972725113742484,60.80494573431425,49.263374796327874,46.18707224546917,45.773494056674686,5.254106304226492
P14,86,L,40.355463210743565,39.75635386685291,59.33690879105179,48.995570129949854,44.40934003615288,45.440201950571854,5.52476053193949
P14,87,L,40.72053112565789,40.555462964623935,59.89369423751245,51.018102615548976,47.40597683725188,47.43208824145758,4.857628722160187
P14,88,L,39.41785002921892,39.86477525694444,58.76375777938488,50.60489550084245,47.09029862322257,46.56972028206177,5.153740912160916
P14,8,R,31.71711425201238,34.12279502914404,53.7782271372664,49.54199727199901,43.174089854493424,42.86620080652238,6.919426943373603
P14,90,L,40.066507913123345,39.55708541442697,58.78556066742893,49.66974329586133,44.44038823919777,44.52343704744998,6.4065294448668295
P14,9,R,29.01540376319172,35.01768533556846,53.86154693551004,48.59406406545446,40.92718151136218,40.57826071261274,8.886210692349884
P15,14,R,43.745305458543825,44.95048545789478,55.16517010962418,58.2728506804254,64.14609131836765,62.790371174262454,8.086474263355957
P15,20,R,40.70948929292639,41.507252765279475,49.83236205138726,60.116975766471455,62.626752910711204,60.30870002749303,5.5661807106869405
P15,21,R,39.39947697950987,42.04526596414829,50.06512656135738,60.07224669555192,63.26264329437513,59.79111308985848,5.844103924688933
P15,25,R,43.44939877123146,45.08387378455498,54.91672173917535,59.87901689447728,62.6277395867965,59.94021222851479,5.576734507061836
P15,26,R,41.993154166434714,42.864277158396476,53.00136525234221,59.95216596016439,62.086492633628424,59.75902555301875,5.297967277800843
P15,27,R,39.753139432867805,41.13870765630423,48.552451958467366,59.98338510589623,62.414244034746886,59.74952768902528,5.086126538202783
P15,28,R,39.94163276503224,40.85917642359858,49.3863203063706,60.29093392354175,62.43293019749781,60.01307333658234,5.292404396468688
P15,31,R,40.77336974891663,41.93620990361751,49.92758953986297,60.35214432406691,62.33967769646763,60.02958090388911,5.1545163133485215
P15,36,R,40.26007852452153,41.797881802430034,50.05987142187652,60.27608009567555,62.34973957158073,59.700843959979096,5.503641955005018
P15,40,R,40.51774381784966,41.88749911400869,50.82798231671519,60.39881407865289,61.790569504683965,59.630651657584664,5.3034323347396395
P15,41,R,42.350372069611495,43.32942315193174,54.322125347534914,60.48061542353727,62.127617184350235,59.7705002651697,5.326291443258558
P15,43,R,39.29248648735879,40.41575048771649,49.78990415996372,59.65721977186499,60.89067487903726,58.9314022122079,5.7547724656576715
P15,46,L,43.72215438610119,43.581026504024976,60.87959250247266,60.44825394574603,46.617500273909585,43.68580768373022,18.458569716476994
P15,48,L,46.00277294719603,47.4071761371211,58.2299503378289,60.55520576939193,46.69668943830524,46.570147275488694,15.51631942091018
P15,49,L,45.68061243923443,47.87321463874074,59.76020886486677,60.66970972694395,47.76861110546335,47.957215365969844,14.099562237788822
P15,4,R,47.55518100999864,46.8613735398414,58.41414722934986,58.88120295833018,65.32876517028139,66.33083053390546,10.310253633201743
P15,50,L,44.45553328478906,46.379258492982714,55.65450205898869,56.79143703507101,45.29918034936215,42.9133358029839,14.899697297787052
P15,51,L,43.423492738543835,45.690667496477644,58.58606264588903,60.5818327534708,48.211040214898105,47.704120742469385,13.934467251517308
P15,52,L,47.2968698259409,48.60997960113324,58.38738501767858,59.73140741604069,48.34614450819679,47.07928660659056,13.641609564799127
P15,53,L,45.71977599711695,47.41069831734275,56.56424988477282,59.06189215872454,47.55588285495458,43.905863440396864,15.101369782466026
P15,54,L,41.96519412028823,46.1160896922333,55.05339645563637,59.299509695073425,47.85830084100937,43.88576717938563,15.922383877690002
P15,55,L,42.61564372976915,45.05181078041888,54.09265603442154,61.13522910343636,46.95771230261058,43.26665350648409,17.860144383999515
P15,56,L,45.75026903705955,47.88191163390803,57.275723107991794,60.81959477925157,47.215438811446724,44.07367071599989,17.514843523235573
P15,57,L,41.173084807402354,43.82424983980779,54.112242747908496,59.25966871376899,46.014777365570396,42.36194878806385,17.28280429567704
P15,58,L,44.42359013641979,46.2071462696795,56.70829164300453,60.07893203186856,46.763221559511884,44.51307663957871,16.87186408006758
P15,59,L,46.50808754256955,48.032816349443,59.2790542970897,61.93625673775905,47.30162882769552,46.26339424141358,16.724940108365978
P15,60,L,44.184184417178166,46.4949120261921,60.606454026953855,63.12260741756544,47.543670162974706,47.77480465149565,16.6315928564482
P15,61,L,45.38591424520827,47.405033060056724,60.127581563266546,61.735767141398675,46.514493521809825,46.31628116088846,16.52781391956857
P15,62,L,46.36920578144787,47.86773554513,59.53308648873009,61.10107447134281,46.55108316613091,45.449093154416225,16.742181251131214
P15,63,L,43.553345613338536,45.59424601899083,56.27741776479127,60.50552081954696,47.25652309871795,44.407713444094234,16.854853394358244
P15,64,L,49.41191995444872,48.93617899421607,64.55287091479349,66.01105138700102,50.06075497556523,50.75048754289715,16.672549572011185
P15,65,L,46.977957776569426,47.93568665599353,62.297880422117714,63.75916490174503,47.68167431989177,48.51367368274637,16.60081783983063
P15,66,L,44.07229008526382,47.3626645346624,58.18612974621272,61.75510911868039,46.25255638634114,44.90617437188742,18.047392412492073
P15,67,L,42.95398194028287,44.47803766819198,57.41834902280214,61.93592554083325,45.839049638250096,45.273414272378034,17.71343910438752
P15,68,L,44.66170179930596,46.60938566291816,57.13537958305381,61.7961042164862,47.21287517494254,45.18935387758607,17.699336446095348
P15,69,L,44.6536085792239,47.1765248666925,59.10868458969133,63.52559663592404,47.41150987601178,46.61295424360199,18.089729382854433
P15,70,L,43.57501890071643,47.59578715238809,57.851922087694064,64.01403881851232,47.66619721483097,46.7703665101327,18.853736729744618
P15,71,L,44.79758839567727,48.023910285039534,58.84401206698054,63.68940552620142,47.12171773207658,47.04855876450101,19.014806138455807
P15,72,L,39.933065769480635,41.31853543911401,50.60213088361971,60.9476132419309,44.0915270400548,43.34321642092482,19.895551607391198
P15,73,L,42.09489276808338,45.38673648681057,54.43007435638841,61.98588702230536,49.1982010973104,46.52722632803804,18.15112849393387
P15,74,L,41.06132485620219,43.69551550625127,52.80938581663675,61.41065315411828,46.326137772951746,43.85829886813095,19.194201981965
P15,75,L,42.368078018825344,45.85176230131554,56.822471743606386,62.96887007586723,46.242887897061024,45.87059860888682,18.738568562195617
P15,77,L,43.048722723026344,45.77702172227325,54.02801132023503,63.38007948041959,47.177657388542606,45.7782641572927,19.76544822232198
P15,78,L,42.57105681396725,46.085492627844516,55.532403241355304,63.94489026248908,46.97159226547638,45.19781856274999,20.808696133069432
P15,79,L,47.355615640714745,47.29499004527308,63.69451215438572,69.47022719273623,51.072276203390345,51.86079873373044,19.88434245078812
P15,80,L,40.94637401610015,44.10157949051585,53.125786819637995,62.448207069326656,44.21931345982694,43.87299019581101,19.80960474184948
P15,81,L,39.13409348650674,42.20671473068833,51.81362316880177,62.91888747246695,44.69798023482756,43.770515447345964,20.244542614943647
P15,82,L,42.579761533840205,46.05841635276997,55.93950629119867,64.74511344092178,46.05994442259052,45.93609857288034,19.97516328120056
P15,83,L,43.492540770359525,46.36932144563857,56.339626322409906,64.07545639090866,46.271123432377735,45.52767343353277,19.52299263976627
P15,84,L,41.711946905994836,45.45266841963974,57.19211025556953,65.08430091771784,45.79775233228148,46.005734110106445,20.126440990390556
P15,85,L,43.36575452564363,45.912359010823685,58.33502553313093,66.00796644152585,46.76106120586979,47.47626998779775,19.629878026633513
P15,86,L,43.289354141657206,42.706226427688776,58.31044953940544,66.14600398331989,46.79172734325034,47.49159147272962,20.2275407849891
P15,87,L,42.440495039483224,44.29856007957157,57.60793490799559,65.54104114383776,46.403726182043044,46.973290622398984,19.71332100980007
P15,88,L,44.34818893295715,44.83142899923175,59.5053893776206,68.07836366699293,48.59462675225091,49.16668961810127,19.759483129485606
P15,89,L,41.422652046149004,45.15880063287447,56.15001721006658,66.20529513602992,46.516753745419464,46.694939474187315,20.554849451683538
P15,90,L,41.067718633051086,44.50683764578169,56.58367643444567,64.73441202472338,45.60039103262098,46.06623599605117,19.757833132488052
P17,10,L,52.29457178500975,51.94488039516754,66.25880991400032,69.9837448132096,62.88462062778604,63.39710004066265,6.711913043224919
P17,11,L,62.67655286619771,62.14331273431333,74.32974177161503,77.93365755949623,70.95441646428529,71.69974353076996,6.7996464628971935
P17,12,L,31.06628499967686,31.94972620606521,50.37313814079633,52.777718349785104,46.89490941433181,47.8256801316091,5.0329251922358935
P17,13,L,28.00263210555471,28.43310616783125,45.95616871155207,54.29640274576959,45.760374434759946,46.76093178522175,8.4053797192447
P17,14,L,29.716595591726808,30.755569922202703,48.8686701501181,54.029190234097115,47.44919457237363,48.31146341033825,6.062830256382767
P17,18,L,30.17927995749284,30.518344270779235,47.67514462386215,55.83008398600328,47.26371721961121,48.01046173823597,9.073326386942574
P17,1,L,29.626602518956993,29.24395471336567,45.08368990701683,52.60898134046658,46.743927293116506,47.43822689074142,5.497086697990913
P17,20,L,28.685114667997347,29.286250696713648,45.92819904935752,52.51386037623439,45.545752429760874,46.01191689999394,7.082890104793311
P17,23,L,33.96672921885723,34.452248167429545,52.255040798554354,57.21841187641457,50.09445001544985,50.62239523031201,7.108873474423445
P17,30,L,39.863541012925964,39.945078395558184,56.66104369270778,61.3091025349098,53.87868810310851,54.423003683713226,7.4837574823826865
P17,33,L,37.98082426117748,38.66318293076711,53.29188900731835,62.49340781611517,53.662669898056485,54.63090394920397,8.969365692375366
P17,3,L,32.37996315941775,32.64192221462217,47.43742252464648,54.732746740526366,49.26035627130863,49.984058221634136,4.859638038847868
P17,43,R,61.205496059866725,60.01565591188329,70.08118473455585,78.40102293120347,74.84526755410583,75.40946911410697,3.839086587418747
P17,44,R,63.143258502766486,60.99856313368387,70.30441414648432,76.04194508583865,70.54267168361781,71.3004385491267,5.41064278597773
P17,45,R,37.339519631505084,37.400114195682406,51.284058583784045,59.22415037470606,54.96358440394684,55.36543672240091,4.44279242054136
P17,46,R,36.283966752681934,38.486059623763786,52.111585973815956,59.434027569791425,55.096345571736066,55.74166375831374,5.385139460885396
P17,47,R,34.9412365881593,37.52069540460161,48.61211362387288,56.52717598589238,51.54427315749227,52.04818759306599,6.1961311049484635
P17,48,R,28.82362274528297,31.402020529610766,42.54311571415911,55.035892928604596,49.66056791046562,50.13360174000429,6.646623540777963
P17,49,R,32.332288864389575,34.38036760894267,46.904544305116644,55.375467833628555,49.91584631981144,50.41110009229966,6.494333770695738
P17,4,L,32.66860685309438,33.61239583898527,49.04126272840561,55.613447072798635,49.97164107220504,50.6558670481593,4.903741211589719
P17,50,R,30.370979048324216,29.48333421628255,43.208446176331826,53.453435627807906,48.0290565476557,48.43686599302939,6.122975424663957
P17,51,R,32.66286206646302,32.82716818442095,48.22039965617475,56.10786809693726,50.422125423610545,51.10366997948461,6.69886761479834
P17,52,R,36.164078860927255,38.746087398332776,50.58232026919681,58.44602470900857,52.11572098456498,53.24826116168392,7.391026326742812
P17,55,R,35.708937421450955,36.71294185019907,44.131233854083604,52.00341605538454,47.81099739359945,47.80076485400098,6.077513316054749
P17,56,R,29.2800279350746,28.783631796919657,43.84006582777534,51.79285681239976,47.90378936072663,48.100380799989296,5.850559363085261
P17,57,R,30.129751597345173,30.638296704457144,41.58739356229508,50.99833120714522,46.94129975832428,47.17250703775848,5.6173845873890045
P17,58,R,33.082731043432005,34.33985381537395,42.4434028453409,52.13473634259371,47.48771404526262,47.7021951545018,6.129653140063676
P17,59,R,33.98822897290236,35.07517359258882,42.77255097679222,53.28329241780319,47.195173724191086,47.58957098822854,7.026889216862149
P17,5,L,32.761989512346766,33.2333450478143,48.31028509173176,56.06398969633949,50.94376648749112,51.78746629334419,4.540810377418666
P17,60,R,28.330993215674404,28.24665953389396,43.06005788054732,53.22356917279623,48.28709227780377,48.481322045072964,6.920643158166656
P17,61,R,28.308997947146725,27.774283268185894,45.77237532850391,54.78460891714436,48.82422413614307,49.47804539030377,6.828589011806796
P17,62,R,31.214778918203752,35.46093492650192,44.6267655709919,53.378599131438776,47.56052553448313,48.08767949114146,6.426206949223354
P17,63,R,29.836745910528574,29.382582014137014,47.36325691761166,55.44303629767677,50.6486206747787,51.35047887657408,5.65150784625006
P17,64,R,26.160553480132805,25.416831381340067,43.38774132323617,53.727165720973446,48.20110443807363,48.732943528027725,6.482751196199919
P17,65,R,24.87336492764584,24.742449139691942,41.51073208452392,52.585375715791514,47.80063281174775,48.03503203109112,5.984613895112055
P17,66,R,27.107133111248203,27.18287029785384,44.03076821094207,53.71111963169944,48.64013266353827,49.0422338671876,6.600976906380823
P17,67,R,26.552746097242903,27.494639413975577,41.32150875429671,51.124412707705325,46.27793647637934,46.22908928408788,6.806178269035143
P17,68,R,27.98983058740272,26.94685675805546,43.92448811668102,53.89278983072551,48.234307912483274,48.49685080698094,7.27821690175852
P17,69,R,34.248616656996724,37.55533827266815,45.81159788911248,54.11047945447757,48.821700397721514,48.97316481145549,7.350074801327413
P17,6,L,36.890319032821466,37.404524717159696,52.88069785309418,59.87160876066748,53.81565359415778,54.926318699996294,4.7085601718622225
P17,70,R,30.74695943732506,28.82676666887148,45.27901360890737,56.23243618141438,49.56778570135727,50.454453819360864,8.019174640982978
P17,71,R,32.0926483831528,35.00819044956371,46.9483670328289,55.660171538687976,49.3069801816664,49.59982647063361,8.386308168050682
P17,72,R,33.180840633898015,35.98410367868749,48.32728435441658,56.84175855716159,51.16866279401198,51.461811500819636,7.375905803172296
P17,73,R,27.614953303395065,27.088173637480786,42.737401844766616,54.91424533514104,47.96651674273165,48.604467729567844,8.123585258911747
P17,74,R,30.825993779916942,33.761929918785405,43.14764580977722,52.900153961208254,46.70848303878138,46.940455412674396,7.610304250615276
P17,75,R,27.865591173059432,27.532411931129893,43.80201236727537,55.1083104497053,48.58190585853819,48.879531420102936,8.247323067434236
P17,76,R,33.596488730792764,33.99017124140164,45.75973713604017,53.168996303952596,47.20655279374121,47.711511692450834,7.705117951870857
P17,77,R,33.97495730391935,33.07093404162651,48.31379679087035,58.63275681607529,52.421628140833526,52.93040127541287,7.940904235981039
P17,79,R,34.957797269379846,35.393306408744635,50.651284471895316,59.5912181741699,53.99255843181618,54.21518827375954,7.101062638811383
P17,7,L,41.34912267247904,41.60096313074714,58.19565464060728,62.26293157108852,55.6259202464788,56.22772678151026,6.224854689045049
P17,80,R,34.01094472636549,34.07661405127846,47.94502540591995,58.20267667810524,52.10459990507482,52.53788203649712,7.034575283884177
P17,82,R,33.36810793932846,32.98203052799619,48.933386976597205,57.626979688846575,51.767164434021815,52.10906120014159,7.3937836871202745
P17,83,R,34.88937799746234,36.855433170077774,48.48312165279145,58.119612088585384,51.43745229864889,52.20519028923161,7.630956219329876
P17,8,L,42.193989561065436,42.16451336684096,58.85250603649463,63.40554683684393,56.917946572745386,57.5300364203209,5.817688470253231
P17,9,L,44.38289673522266,44.01086383925739,59.531149577506554,64.32510995675332,57.192828065507506,58.27894769845642,6.33819085223599
P251,10,R,30.925461588621644,32.445903723336535,49.81953417112615,50.81212027566263,37.460761634141384,37.283386317546366,15.166221121720469
P251,11,R,31.639983392801533,31.763621219992867,53.03952808430557,52.51589966433783,41.56947919256566,41.589997668726106,12.047513359680455
P251,12,R,29.26027327584277,30.326688981351097,47.81464123271311,56.006166500211435,40.08981173373886,39.867541697001336,17.84882441019004
P251,13,R,28.166361369150803,29.551006713183888,48.155933024898914,52.5453936269325,36.57382234247947,36.882448171077,18.517368047974756
P251,14,R,27.12621604104506,29.239816969489468,46.48181194882291,54.12365127247564,37.57206720640123,37.8748041338921,19.272529733803683
P251,15,R,26.146128011804016,29.326317904134825,45.02962566955218,53.53136102275142,36.50298722716682,36.965991944676176,19.172958001872722
P251,16,R,26.65854940737339,29.127879089376975,45.507108463482815,52.31239775811797,36.416415710699965,36.0783266479268,18.771263963871764
P251,17,R,29.077746557821666,31.424431933048844,45.64833958188936,51.15820457756359,35.6637499718859,34.33880071771917,19.223377485912568
P251,18,R,29.326805208212534,30.70620458677627,45.20164598326689,52.948569973211285,35.84034034402977,35.93330665398356,19.825709295081904
P251,19,R,29.842779407354694,31.101043871717643,46.55520681681006,51.36038427336795,35.31145360340014,34.57898618751725,19.363310628301733
P251,20,R,29.079986374180063,32.09243452811429,46.63480371571219,52.66390871738161,36.19540473128372,35.37088291459094,19.33577176272926
P251,21,R,28.473567567963553,31.709869414666823,45.40446612046053,51.819194532501825,36.61911625819783,35.04783434709495,18.897703559248853
P251,23,L,32.559066380106515,34.26056795165449,51.78713404272186,54.765098485272155,37.56873264143424,36.27356196865084,19.921109416872753
P251,24,L,34.30960475304474,35.65308213646583,54.134814823629036,54.06311391605956,37.99533121735195,36.1299393085343,19.362735142677316
P251,25,L,32.82425840599538,33.999331497298904,52.34570090438301,53.71350648847578,38.59629201780297,36.45228866700121,19.146139812933782
P251,26,L,34.14064554997113,35.36098052291903,53.60449497564925,53.677612019958254,37.81058938602113,36.02655127979567,19.696005415931737
P251,27,L,31.228046864346517,32.41457753712689,51.00343868585187,53.81683705316052,38.33467529666526,36.65212543778309,19.45223254293114
P251,28,L,29.374597042603213,32.59559254608332,50.31794355930569,54.16180733260882,37.98384211111384,36.462636105227325,19.453545024005976
P251,29,L,31.736830637660944,32.52440795081908,50.96459517093053,54.23359600308402,38.41297132493466,35.87641669197283,20.228604741185013
P251,2,R,31.620040434935696,35.84744161151455,49.75919505111675,49.486997900897485,42.26326370200925,38.872084810856244,11.144355789570842
P251,30,L,29.959706283534615,31.330274870250424,48.88991549193966,53.598545406327986,37.31414509895012,36.313556963792685,19.862684735109028
P251,31,L,29.935400799333685,31.28231812301047,50.10154622888445,54.39212306057466,37.8420734524939,35.394113974218385,20.015317359132673
P251,32,L,30.555034517696882,31.24979113092227,50.32245035102818,54.355040937858504,38.149046687613506,35.67518605594954,19.97152808953445
P251,33,L,29.069351678375995,31.104353363436587,49.7546673856518,53.74158217694745,37.70472229191386,35.57949366415154,20.374808871455993
P251,34,L,32.011392973776864,32.71902016372104,52.52878947899305,53.89558086776659,37.12328731408771,34.12458584815979,20.401159407305833
P251,35,L,30.53056665166514,31.342262801663978,50.88854083939459,53.80805353346877,37.17423286423449,36.81952720448227,20.64174928118906
P251,36,L,30.743034045241416,31.304649521407697,49.7098707631112,54.02052951723953,37.37510615710749,35.3657323227885,20.62854106036407
P251,37,L,31.03517334589914,31.734596205225014,50.994711186441364,54.381341201939726,37.687171350413536,35.31438926911056,20.479986611873358
P251,38,L,29.094847787744758,31.165230303226316,48.17755727257841,53.97813420222282,37.690716960598834,36.13067996979777,20.218337842674284
P251,39,L,30.379093073236298,30.779633705104473,49.59019914917314,53.92412710784185,36.67786480241284,34.590560209247485,19.897656046338618
P251,3,R,30.93366501921725,35.698698077267686,49.45614331859911,49.67840586697521,41.8523407803174,38.447604540472156,11.54766807406659
P251,40,L,30.483227789815786,31.148806276944384,49.15162303707768,53.607606659241725,36.770624514076054,34.8930259737559,20.7729958743437
P251,41,L,29.632763787272694,31.449460417969135,49.2134377125944,53.86539953117397,36.6637629662562,36.95675448488341,20.679376856101715
P251,4,R,30.24193129574436,35.28779864482918,50.009134381238276,49.48949051748827,42.757929002802,38.90438604718963,11.01592927543211
P251,5,R,31.12146120469992,36.27960037631175,50.708523010836856,48.564916024522155,42.652699051747874,39.00100162810298,10.854653451608664
P251,6,R,34.90910863328973,35.8281386095725,52.38904190755496,54.86247709675273,45.40339420342478,44.634604321317475,10.9540490506012
P251,7,R,28.78573336909068,34.39103326582141,49.54098841928177,47.80539573873388,42.120693332091456,37.93590411977963,10.420531344952387
P251,8,R,28.95092687552098,34.079570837897464,48.478987719710496,49.3110113098025,41.933147514309724,38.8200183734757,11.207206709954411
P251,9,R,31.4302893967095,34.5146113887546,49.22463453454071,50.63020922696084,42.349397628265045,39.53065434310528,11.643070724666279
P252,43,R,35.33441557139935,35.85313798444637,51.571293669362575,48.309577808447116,42.39871725195093,42.39625325418684,6.513312331245491
P252,44,R,31.35995235402668,33.44417347967285,47.641869255806355,51.587848877617596,44.251562450506256,44.253617553203306,7.834444130580002
P252,46,R,30.926606842452742,32.64792847757417,48.234530177536996,48.2442577491023,40.13307797948248,40.81422687537397,8.794860950411163
P252,47,R,31.483132406953626,33.381241505875636,49.351885680452796,47.33616039697866,41.57974555264594,39.93064449560229,8.254386524585328
P252,48,R,29.56770924882344,32.231160602886504,47.24852387389102,45.44715726011317,39.95741058749179,38.05315813428394,8.526884401280679
P252,49,R,29.187782348645687,31.436037989746318,46.83490721053418,44.39058835672851,39.69520250591634,36.99323979293038,8.03263646792935
P252,50,R,29.720211766647406,32.612370380144476,48.5777096900157,44.71728961727851,40.38393049141611,37.79827932086099,8.093772186884213
P252,51,R,28.875534719551275,31.92811919717087,47.87229844621948,43.98035865965532,39.90739306897951,37.00383259306365,8.02258241004599
P252,52,R,29.68977285112228,31.796536246002482,47.86565582671252,44.62230120263511,39.318070512949156,36.75531287785877,8.586365952254543
P252,53,R,29.894865803136206,31.20559022362555,46.04149702532813,47.32384819789328,39.06990959621586,39.42851318819117,9.188292830816632
P252,54,R,28.950217735634133,31.458781862366532,47.20006094600308,44.03683692420763,38.7540028682358,35.77335968646571,8.841389385828876
P252,55,R,30.47742037414722,32.398593752560025,47.67549311626031,44.95113814931646,38.65049843459205,36.18256890504178,9.386364294440241
P252,56,R,29.957570105594698,31.988966896347385,47.37727385428799,44.50714175232937,38.611332085296226,35.82039354277279,9.131074098845122
P252,57,R,28.521216803284805,30.154066686963873,45.194204698173905,44.3050658302724,37.64982497766979,35.474811272284214,9.268138716007776
P252,58,R,29.052825619257185,31.483104344821015,46.35575992438356,44.834857226788685,38.39594786346015,35.931636690426906,9.34920344917275
P252,59,R,28.70460383522342,29.877814848595435,45.06603713524858,47.096061358947225,38.32788325193929,38.8389469448897,9.687693191621113
P252,60,R,28.586557679173,30.747967377938945,46.04294471883757,45.9208801023128,38.519447109040115,37.13733523511398,9.554841504472966
P252,61,R,27.923665629916403,30.086945812946123,45.479661741370734,44.84395207881976,38.05584306262045,36.21270368269723,9.49287405639131
P252,62,R,28.529498769993385,31.13752204161313,46.606441993981115,44.732359401972424,38.23408729826782,35.91191508883807,9.418939855626979
P252,63,L,31.240313537529133,34.73337282546324,49.330537947603496,49.064377954505666,43.13433088483367,40.220336627924844,9.44591447061944
P252,64,L,31.046301467865447,34.39525936269568,45.46644097530566,46.83359013944575,40.67303671167689,37.6432803577745,9.98913321007342
P252,65,L,31.790774347953715,31.753998809431483,49.72592779500468,47.432784920249226,40.94844479615666,39.32553209839621,10.249381555991905
P252,66,L,30.732599324643342,33.96202975629176,46.82337897884998,46.78070416521399,41.01129155945247,38.383901493263004,9.041305300462698
P252,67,L,29.859733846227673,34.522514584575404,45.15272694611184,47.51472909922967,41.682693292460456,38.96119297175329,9.438143653216885
P252,68,L,29.948498437517266,33.0067735361538,46.440630587905176,46.932575561746404,41.21702887778616,38.22969870864403,9.126627787499713
P252,69,L,30.58543584268474,33.701285760823616,46.26186094361339,46.97484944989911,41.40291827523554,38.322728919672436,9.148276611685162
P252,70,L,30.116858842301703,33.23337590165569,46.02041432523647,46.45659941799455,40.946632145357675,38.29056908117651,8.581790353308351
P252,71,L,30.051698851491746,33.83277181922378,48.19700194096963,46.463729964199594,40.93639722628848,38.36294927710605,8.370700767975132
P252,73,L,31.57802126035439,36.33750184466645,47.23008178245247,47.07319682611296,41.683351532990216,38.591592155617725,9.04132407270462
P252,74,L,30.092924315837045,33.64458950536568,47.35581369838791,46.90619503722571,40.43557198657735,37.88161447975834,9.455322181133006
P252,75,L,29.97014707265,33.330067695764164,47.10197698905051,46.95966173013743,40.88621948320806,37.868967886094936,9.406304699078314
P252,76,L,28.768287952045725,31.733598400918584,47.066242741272745,47.1974793022698,40.794640689503275,37.960343767347425,9.63894521545283
P252,77,L,30.67447219975554,33.808450846809464,49.44010685907735,47.73087339921745,41.46328267394497,39.104980615034854,9.858048193057225
P252,78,L,29.626894653978848,32.91267807401823,47.10466538132559,47.087426410875956,40.36526209636496,37.91918070575247,9.608040325491396
P252,79,L,30.16854254945602,33.02886095615678,45.05006837427439,47.048797283926326,40.19936340984408,37.62780154958274,9.733644485094858
P252,80,L,30.927339810303142,34.72633440623853,45.13641623182543,47.098508506681895,40.23735218184444,37.5301243257417,9.870409462112026
P252,81,L,29.302554046403582,32.67800849842835,46.24879646923023,47.284853051579546,40.164922700006194,36.80581208282319,11.06822194387397
P252,82,L,29.450670673987936,33.417448182968464,46.47656966919271,47.601564512946105,40.39720518151856,36.88993459409443,11.174369196500798
P252,83,L,28.720396140607054,31.87770661520963,48.48073398330701,47.42064897157285,40.53319135184364,37.85582171419669,10.20481846048841
