boundary,family,param,hold,n,mean_ms,median_ms,p90_ms,frac_gt_4fr,absdiff_amq_ms,resid_iqr_ms,spd_pct,nofire_pct
onset,SHIPPED,,9,748,33.2,16.7,66.7,7.2,200.0,50.0,47.0,0.0
onset,pos-abs,10.0,9,748,47.0,33.3,83.3,12.3,100.0,33.3,23.9,0.0
onset,pos-abs,20.0,9,748,41.4,33.3,66.7,9.2,150.0,50.0,37.4,0.0
onset,pos-abs,30.0,9,748,38.5,16.7,66.7,9.2,200.0,50.0,46.9,0.0
onset,pos-abs,50.0,9,747,37.8,16.7,66.7,9.9,250.0,66.7,61.3,0.1
onset,rel-pos,0.005,9,748,249.6,133.3,633.3,61.0,33.3,33.3,9.5,0.0
onset,rel-pos,0.01,9,748,104.5,33.3,283.3,30.1,50.0,33.3,14.2,0.0
onset,rel-pos,0.015,9,748,62.6,33.3,133.3,17.8,83.3,16.7,18.1,0.0
onset,rel-pos,0.02,9,748,48.8,16.7,88.3,13.0,100.0,33.3,22.0,0.0
onset,speed,0.03,9,748,91.2,33.3,183.3,28.9,16.7,16.7,4.0,0.0
onset,speed,0.05,9,748,48.5,33.3,83.3,15.8,16.7,33.3,6.3,0.0
onset,speed,0.08,9,748,37.9,33.3,66.7,9.6,33.3,33.3,9.4,0.0
onset,speed,0.1,9,747,35.8,16.7,66.7,7.6,33.3,33.3,11.7,0.0
onset,speed,0.15,9,746,35.6,16.7,75.0,10.1,66.7,50.0,17.1,0.0
onset,proj-fix,0.01,9,745,154.7,66.7,410.0,44.7,50.0,100.0,9.7,0.4
onset,proj-fix,0.02,9,745,83.0,50.0,150.0,33.8,50.0,66.7,12.4,0.4
onset,proj-fix,0.03,9,744,62.9,50.0,116.7,27.2,66.7,66.7,14.7,0.4
onset,pos-abs,10.0,18,748,52.8,33.3,83.3,13.4,100.0,33.3,24.4,0.0
onset,pos-abs,20.0,18,748,52.1,33.3,83.3,11.8,150.0,50.0,37.6,0.0
onset,pos-abs,30.0,18,748,51.6,16.7,100.0,12.7,200.0,50.0,47.0,0.0
onset,pos-abs,50.0,18,746,47.2,33.3,100.0,13.1,250.0,66.7,61.3,0.3
onset,rel-pos,0.005,18,748,222.7,100.0,616.7,56.1,33.3,33.3,9.6,0.0
onset,rel-pos,0.01,18,748,98.7,33.3,266.7,28.6,50.0,33.3,14.4,0.0
onset,rel-pos,0.015,18,748,64.8,33.3,133.3,17.6,83.3,16.7,18.3,0.0
onset,rel-pos,0.02,18,748,52.1,16.7,100.0,13.6,100.0,33.3,22.1,0.0
onset,speed,0.03,18,748,67.1,33.3,133.3,25.3,16.7,33.3,4.0,0.0
onset,speed,0.05,18,744,46.9,33.3,83.3,14.9,16.7,33.3,6.3,0.0
onset,speed,0.08,18,740,40.8,33.3,66.7,9.6,33.3,33.3,9.4,0.0
onset,speed,0.1,18,739,37.1,16.7,66.7,7.3,33.3,33.3,11.7,0.0
onset,speed,0.15,18,738,37.6,16.7,71.7,10.0,66.7,50.0,17.1,0.0
onset,proj-fix,0.01,18,739,88.6,50.0,166.7,40.3,50.0,100.0,9.9,0.4
onset,proj-fix,0.02,18,739,67.0,50.0,133.3,32.2,50.0,66.7,12.7,0.4
onset,proj-fix,0.03,18,738,60.5,50.0,116.7,27.0,66.7,66.7,14.7,0.4
settle,SHIPPED,,9,604,43.0,16.7,83.3,11.4,450.0,250.0,52.0,0.0
settle,pos-abs,7.0,9,598,103.5,50.0,250.0,40.3,200.0,150.0,11.3,0.5
settle,pos-abs,10.0,9,601,84.9,50.0,216.7,32.3,250.0,183.3,16.1,0.3
settle,pos-abs,15.0,9,602,68.0,33.3,166.7,27.7,300.0,200.0,26.0,0.2
settle,pos-abs,25.0,9,603,51.9,33.3,100.0,17.9,383.3,233.3,40.6,0.2
settle,pos-abs,40.0,9,603,40.9,16.7,83.3,11.8,450.0,250.0,55.2,0.0
settle,rel-pos,0.016,9,598,119.2,66.7,300.0,44.5,200.0,166.7,11.3,0.5
settle,rel-pos,0.035,9,602,68.1,33.3,166.7,26.7,316.7,216.7,26.4,0.2
settle,rel-pos,0.09,9,603,38.5,16.7,80.0,10.1,450.0,262.5,55.4,0.0
settle,speed,0.03,9,539,128.9,83.3,316.7,50.3,50.0,83.3,2.5,5.0
settle,speed,0.05,9,585,95.1,66.7,200.0,43.2,83.3,116.7,4.2,2.0
settle,speed,0.08,9,600,88.8,50.0,216.7,37.3,133.3,200.0,6.9,0.5
settle,speed,0.1,9,601,72.9,33.3,166.7,29.5,183.3,233.3,8.6,0.3
settle,speed,0.15,9,602,57.4,33.3,133.3,23.1,250.0,216.7,13.0,0.2
settle,proj-fix,0.02,9,541,154.9,100.0,350.0,60.6,66.7,100.0,2.5,3.6
settle,proj-fix,0.03,9,582,126.6,83.3,283.3,51.4,83.3,150.0,3.8,1.3
settle,proj-fix,0.05,9,602,96.0,50.0,216.7,41.0,150.0,233.3,5.9,0.3
settle,pos-abs,7.0,18,595,107.8,50.0,283.3,41.5,200.0,133.3,11.1,0.8
settle,pos-abs,10.0,18,597,83.5,50.0,206.7,31.7,233.3,183.3,16.0,0.5
settle,pos-abs,15.0,18,601,69.7,33.3,183.3,28.3,300.0,200.0,25.9,0.3
settle,pos-abs,25.0,18,603,53.8,33.3,116.7,18.4,383.3,233.3,40.6,0.2
settle,pos-abs,40.0,18,603,42.0,16.7,83.3,12.4,450.0,250.0,55.1,0.2
settle,rel-pos,0.016,18,594,122.4,66.7,316.7,44.4,200.0,166.7,11.2,1.2
settle,rel-pos,0.035,18,601,72.0,33.3,183.3,27.8,300.0,200.0,26.3,0.3
settle,rel-pos,0.09,18,603,44.0,16.7,83.3,10.4,450.0,250.0,55.3,0.2
settle,speed,0.03,18,449,145.7,83.3,350.0,54.8,50.0,100.0,2.5,12.9
settle,speed,0.05,18,544,105.3,66.7,233.3,44.1,83.3,100.0,4.2,7.0
settle,speed,0.08,18,575,94.2,50.0,216.7,39.7,133.3,166.7,6.9,4.0
settle,speed,0.1,18,584,82.0,33.3,200.0,33.0,183.3,200.0,8.6,2.6
settle,speed,0.15,18,594,66.5,33.3,150.0,25.4,250.0,212.5,13.0,1.3
settle,proj-fix,0.02,18,443,197.4,133.3,450.0,67.3,66.7,100.0,2.4,11.1
settle,proj-fix,0.03,18,514,147.9,100.0,350.0,55.8,83.3,116.7,3.6,5.3
settle,proj-fix,0.05,18,575,107.4,66.7,250.0,45.2,150.0,200.0,5.8,2.8
