part,trial,boundary,s60,s30
P07,trial_10_L_unaffected,reach onset,1.6,1.6
P07,trial_10_L_unaffected,grasp,2.4833333333333334,2.433333333333333
P07,trial_10_L_unaffected,drink onset,3.6166666666666667,3.6333333333333333
P07,trial_10_L_unaffected,drink offset,4.933333333333334,4.933333333333334
P07,trial_10_L_unaffected,release,7.0,7.066666666666666
P07,trial_10_L_unaffected,settle,7.5,7.866666666666666
P07,trial_27_L_unaffected,reach onset,1.1666666666666667,1.1666666666666667
P07,trial_27_L_unaffected,grasp,2.25,2.2333333333333334
P07,trial_27_L_unaffected,drink onset,3.533333333333333,3.566666666666667
P07,trial_27_L_unaffected,drink offset,4.783333333333333,4.833333333333333
P07,trial_27_L_unaffected,release,6.333333333333333,6.366666666666666
P07,trial_27_L_unaffected,settle,6.8,6.8
P07,trial_43_R_affected,reach onset,2.066666666666667,2.066666666666667
P07,trial_43_R_affected,grasp,3.283333333333333,3.2666666666666666
P07,trial_43_R_affected,drink onset,9.95,9.966666666666667
P07,trial_43_R_affected,drink offset,11.483333333333333,11.5
P07,trial_43_R_affected,release,13.4,13.433333333333334
P07,trial_43_R_affected,settle,13.883333333333333,13.9
P07,trial_5_L_unaffected,reach onset,0.0,0.3333333333333333
P07,trial_5_L_unaffected,grasp,0.55,0.5666666666666667
P07,trial_5_L_unaffected,drink onset,2.3333333333333335,2.3666666666666667
P07,trial_5_L_unaffected,drink offset,2.95,2.966666666666667
P07,trial_5_L_unaffected,release,4.583333333333333,4.633333333333334
P07,trial_5_L_unaffected,settle,5.1,5.1
P07,trial_76_R_affected,reach onset,1.4666666666666666,1.4666666666666666
P07,trial_76_R_affected,grasp,1.9666666666666666,1.9666666666666666
P07,trial_76_R_affected,drink onset,4.7,4.7
P07,trial_76_R_affected,drink offset,7.45,7.466666666666667
P07,trial_76_R_affected,release,9.9,9.9
P07,trial_76_R_affected,settle,10.483333333333333,10.5
P08,trial_17_R_unaffected,reach onset,1.3166666666666667,1.3333333333333333
P08,trial_17_R_unaffected,grasp,2.316666666666667,2.3666666666666667
P08,trial_17_R_unaffected,drink onset,3.95,3.966666666666667
P08,trial_17_R_unaffected,drink offset,5.083333333333333,5.133333333333334
P08,trial_17_R_unaffected,release,6.966666666666667,7.0
P08,trial_17_R_unaffected,settle,7.716666666666667,7.733333333333333
P08,trial_35_R_unaffected,reach onset,1.2833333333333334,1.3
P08,trial_35_R_unaffected,grasp,2.566666666666667,2.566666666666667
P08,trial_35_R_unaffected,drink onset,3.8833333333333333,3.9
P08,trial_35_R_unaffected,drink offset,5.683333333333334,5.7
P08,trial_35_R_unaffected,release,8.35,8.366666666666667
P08,trial_35_R_unaffected,settle,9.066666666666666,9.066666666666666
P08,trial_52_L_affected,reach onset,1.1166666666666667,1.1333333333333333
P08,trial_52_L_affected,grasp,1.9833333333333334,2.433333333333333
P08,trial_52_L_affected,drink onset,3.5,3.5
P08,trial_52_L_affected,drink offset,4.633333333333334,4.666666666666667
P08,trial_52_L_affected,release,6.866666666666666,6.866666666666666
P08,trial_52_L_affected,settle,7.45,7.466666666666667
P08,trial_69_L_affected,reach onset,1.1833333333333333,1.2
P08,trial_69_L_affected,grasp,2.0166666666666666,2.066666666666667
P08,trial_69_L_affected,drink onset,3.7,3.7
P08,trial_69_L_affected,drink offset,4.616666666666666,4.633333333333334
P08,trial_69_L_affected,release,6.95,6.933333333333334
P08,trial_69_L_affected,settle,7.783333333333333,7.8
P08,trial_86_L_affected,reach onset,1.1666666666666667,1.1666666666666667
P08,trial_86_L_affected,grasp,2.0166666666666666,2.033333333333333
P08,trial_86_L_affected,drink onset,3.816666666666667,3.8333333333333335
P08,trial_86_L_affected,drink offset,5.616666666666666,5.633333333333334
P08,trial_86_L_affected,release,8.65,8.666666666666666
P08,trial_86_L_affected,settle,9.266666666666667,9.266666666666667
P10,trial_22_R_unaffected,reach onset,3.8833333333333333,3.9
P10,trial_22_R_unaffected,grasp,4.933333333333334,4.966666666666667
P10,trial_22_R_unaffected,drink onset,6.85,6.866666666666666
P10,trial_22_R_unaffected,drink offset,9.083333333333334,9.133333333333333
P10,trial_22_R_unaffected,release,11.3,11.333333333333334
P10,trial_22_R_unaffected,settle,12.0,11.966666666666667
P10,trial_3_R_unaffected,reach onset,1.1166666666666667,1.1333333333333333
P10,trial_3_R_unaffected,grasp,1.85,1.8666666666666667
P10,trial_3_R_unaffected,drink onset,3.6,3.6
P10,trial_3_R_unaffected,drink offset,5.566666666666666,5.6
P10,trial_3_R_unaffected,release,7.366666666666666,7.4
P10,trial_3_R_unaffected,settle,8.0,8.0
P10,trial_59_L_affected,reach onset,1.1,1.1
P10,trial_59_L_affected,grasp,2.0166666666666666,2.2333333333333334
P10,trial_59_L_affected,drink onset,3.3833333333333333,3.4
P10,trial_59_L_affected,drink offset,4.783333333333333,4.833333333333333
P10,trial_59_L_affected,release,6.916666666666667,6.966666666666667
P10,trial_59_L_affected,settle,7.55,7.566666666666666
P10,trial_75_L_affected,reach onset,0.9666666666666667,0.9666666666666667
P10,trial_75_L_affected,grasp,1.7,1.9666666666666666
P10,trial_75_L_affected,drink onset,3.0166666666666666,3.033333333333333
P10,trial_75_L_affected,drink offset,4.083333333333333,4.1
P10,trial_75_L_affected,release,6.333333333333333,6.366666666666666
P10,trial_75_L_affected,settle,6.9,6.9
P12,trial_17_L_unaffected,reach onset,0.9666666666666667,0.9666666666666667
P12,trial_17_L_unaffected,grasp,1.6166666666666667,1.6
P12,trial_17_L_unaffected,drink onset,2.7333333333333334,2.7666666666666666
P12,trial_17_L_unaffected,drink offset,4.25,4.266666666666667
P12,trial_17_L_unaffected,release,5.35,5.4
P12,trial_17_L_unaffected,settle,5.5,5.7
P12,trial_46_R_affected,reach onset,1.0333333333333334,1.0333333333333334
P12,trial_46_R_affected,grasp,1.7166666666666666,1.7333333333333334
P12,trial_46_R_affected,drink onset,2.8666666666666667,2.8666666666666667
P12,trial_46_R_affected,drink offset,4.25,4.266666666666667
P12,trial_46_R_affected,release,5.566666666666666,5.533333333333333
P12,trial_46_R_affected,settle,6.15,6.166666666666667
P12,trial_64_R_affected,reach onset,1.0333333333333334,1.0333333333333334
P12,trial_64_R_affected,grasp,1.8333333333333333,1.8666666666666667
P12,trial_64_R_affected,drink onset,3.0,3.033333333333333
P12,trial_64_R_affected,drink offset,5.116666666666666,5.133333333333334
P12,trial_64_R_affected,release,6.266666666666667,6.233333333333333
P12,trial_64_R_affected,settle,6.866666666666666,6.866666666666666
P12,trial_81_R_affected,reach onset,1.5,1.5
P12,trial_81_R_affected,grasp,2.6,2.6
P12,trial_81_R_affected,drink onset,3.683333333333333,3.7
P12,trial_81_R_affected,drink offset,5.166666666666667,5.166666666666667
P12,trial_81_R_affected,release,6.95,6.533333333333333
P12,trial_81_R_affected,settle,7.5,6.833333333333333
P13,trial_35_L_unaffected,reach onset,0.4666666666666667,0.4666666666666667
P13,trial_35_L_unaffected,grasp,1.0666666666666667,1.4
P13,trial_35_L_unaffected,drink onset,2.783333333333333,2.8
P13,trial_35_L_unaffected,drink offset,3.8333333333333335,3.8666666666666667
P13,trial_35_L_unaffected,release,3.9833333333333334,4.166666666666667
P13,trial_35_L_unaffected,settle,5.783333333333333,5.733333333333333
P13,trial_54_R_affected,reach onset,0.5333333333333333,0.5333333333333333
P13,trial_54_R_affected,grasp,1.4166666666666667,1.5333333333333334
P13,trial_54_R_affected,drink onset,2.8833333333333333,2.9
P13,trial_54_R_affected,drink offset,4.166666666666667,4.166666666666667
P13,trial_54_R_affected,release,5.966666666666667,6.0
P13,trial_54_R_affected,settle,6.566666666666666,6.533333333333333
P13,trial_71_R_affected,reach onset,0.5666666666666667,0.5666666666666667
P13,trial_71_R_affected,grasp,1.7833333333333334,1.8333333333333333
P13,trial_71_R_affected,drink onset,3.1333333333333333,3.1666666666666665
P13,trial_71_R_affected,drink offset,4.383333333333334,4.4
P13,trial_71_R_affected,release,5.983333333333333,6.0
P13,trial_71_R_affected,settle,6.6,6.3
P14,trial_16_R_unaffected,reach onset,1.05,1.0666666666666667
P14,trial_16_R_unaffected,grasp,1.9,1.8666666666666667
P14,trial_16_R_unaffected,drink onset,3.033333333333333,3.066666666666667
P14,trial_16_R_unaffected,drink offset,4.45,4.5
P14,trial_16_R_unaffected,release,6.033333333333333,6.1
P14,trial_16_R_unaffected,settle,6.833333333333333,6.833333333333333
P14,trial_32_R_unaffected,reach onset,0.75,0.7666666666666667
P14,trial_32_R_unaffected,grasp,1.6,1.5333333333333334
P14,trial_32_R_unaffected,drink onset,2.45,2.466666666666667
P14,trial_32_R_unaffected,drink offset,4.1,4.133333333333334
P14,trial_32_R_unaffected,release,5.633333333333334,5.633333333333334
P14,trial_32_R_unaffected,settle,6.333333333333333,6.333333333333333
P14,trial_49_L_affected,reach onset,0.7833333333333333,0.8
P14,trial_49_L_affected,grasp,1.7666666666666666,2.033333333333333
P14,trial_49_L_affected,drink onset,3.5166666666666666,3.533333333333333
P14,trial_49_L_affected,drink offset,4.566666666666666,4.6
P14,trial_49_L_affected,release,6.483333333333333,6.5
P14,trial_49_L_affected,settle,7.2,7.2
P14,trial_66_L_affected,reach onset,1.2166666666666666,1.2333333333333334
P14,trial_66_L_affected,grasp,2.0166666666666666,2.1333333333333333
P14,trial_66_L_affected,drink onset,3.683333333333333,3.7
P14,trial_66_L_affected,drink offset,5.0,5.033333333333333
P14,trial_66_L_affected,release,7.216666666666667,7.266666666666667
P14,trial_66_L_affected,settle,7.866666666666666,7.866666666666666
P14,trial_82_L_affected,reach onset,1.3,1.3
P14,trial_82_L_affected,grasp,2.0833333333333335,2.1666666666666665
P14,trial_82_L_affected,drink onset,3.5166666666666666,3.533333333333333
P14,trial_82_L_affected,drink offset,4.816666666666666,4.833333333333333
P14,trial_82_L_affected,release,6.766666666666667,6.766666666666667
P14,trial_82_L_affected,settle,7.383333333333334,7.4
P15,trial_18_R_unaffected,reach onset,0.7333333333333333,0.7333333333333333
P15,trial_18_R_unaffected,grasp,1.4833333333333334,1.4666666666666666
P15,trial_18_R_unaffected,drink onset,2.683333333333333,2.7
P15,trial_18_R_unaffected,drink offset,3.85,3.8666666666666667
P15,trial_18_R_unaffected,release,5.116666666666666,5.1
P15,trial_18_R_unaffected,settle,5.683333333333334,5.7
P15,trial_35_R_unaffected,reach onset,0.5666666666666667,0.5666666666666667
P15,trial_35_R_unaffected,grasp,1.3166666666666667,1.2333333333333334
P15,trial_35_R_unaffected,drink onset,2.45,2.466666666666667
P15,trial_35_R_unaffected,drink offset,3.5166666666666666,3.533333333333333
P15,trial_35_R_unaffected,release,4.783333333333333,4.733333333333333
P15,trial_35_R_unaffected,settle,5.266666666666667,5.266666666666667
P15,trial_52_L_affected,reach onset,0.5833333333333334,0.6
P15,trial_52_L_affected,grasp,1.3833333333333333,1.3333333333333333
P15,trial_52_L_affected,drink onset,2.9,2.9
P15,trial_52_L_affected,drink offset,3.566666666666667,3.566666666666667
P15,trial_52_L_affected,release,5.216666666666667,5.233333333333333
P15,trial_52_L_affected,settle,5.733333333333333,5.733333333333333
P15,trial_69_L_affected,reach onset,0.5,0.5
P15,trial_69_L_affected,grasp,1.25,1.2
P15,trial_69_L_affected,drink onset,2.55,2.566666666666667
P15,trial_69_L_affected,drink offset,3.4,3.433333333333333
P15,trial_69_L_affected,release,4.816666666666666,4.633333333333334
P15,trial_69_L_affected,settle,5.4,5.4
P15,trial_85_L_affected,reach onset,0.6,0.6
P15,trial_85_L_affected,grasp,1.45,1.4
P15,trial_85_L_affected,drink onset,2.65,2.6666666666666665
P15,trial_85_L_affected,drink offset,3.7,3.7333333333333334
P15,trial_85_L_affected,release,5.133333333333334,5.066666666666666
P15,trial_85_L_affected,settle,5.75,5.766666666666667
P17,trial_21_L_unaffected,reach onset,0.8,0.8
P17,trial_21_L_unaffected,grasp,1.5333333333333334,1.5
P17,trial_21_L_unaffected,drink onset,3.033333333333333,3.033333333333333
P17,trial_21_L_unaffected,drink offset,3.816666666666667,3.8333333333333335
P17,trial_21_L_unaffected,release,5.25,5.133333333333334
P17,trial_21_L_unaffected,settle,5.883333333333334,5.9
P17,trial_39_L_unaffected,reach onset,0.8166666666666667,0.8333333333333334
P17,trial_39_L_unaffected,grasp,1.4833333333333334,1.4333333333333333
P17,trial_39_L_unaffected,drink onset,2.8833333333333333,2.9
P17,trial_39_L_unaffected,drink offset,3.8666666666666667,3.8666666666666667
P17,trial_39_L_unaffected,release,5.2,5.033333333333333
P17,trial_39_L_unaffected,settle,5.7,5.7
P17,trial_57_R_affected,reach onset,0.8833333333333333,0.9
P17,trial_57_R_affected,grasp,1.7833333333333334,1.7666666666666666
P17,trial_57_R_affected,drink onset,3.3833333333333333,3.4
P17,trial_57_R_affected,drink offset,5.033333333333333,5.033333333333333
P17,trial_57_R_affected,release,6.65,6.6
P17,trial_57_R_affected,settle,7.383333333333334,7.4
P17,trial_74_R_affected,reach onset,0.85,0.8666666666666667
P17,trial_74_R_affected,grasp,1.6333333333333333,1.6
P17,trial_74_R_affected,drink onset,3.15,3.1666666666666665
P17,trial_74_R_affected,drink offset,4.633333333333334,4.633333333333334
P17,trial_74_R_affected,release,6.066666666666666,6.0
P17,trial_74_R_affected,settle,6.75,6.766666666666667
P19,trial_52_R_affected,reach onset,0.8333333333333334,0.8333333333333334
P19,trial_52_R_affected,grasp,1.7166666666666666,2.066666666666667
P19,trial_52_R_affected,drink onset,2.933333333333333,2.9
P19,trial_52_R_affected,drink offset,3.7666666666666666,3.8
P19,trial_52_R_affected,release,5.133333333333334,5.133333333333334
P19,trial_52_R_affected,settle,6.133333333333334,6.033333333333333
P19,trial_72_R_affected,reach onset,0.8666666666666667,0.8666666666666667
P19,trial_72_R_affected,grasp,4.966666666666667,4.966666666666667
P19,trial_72_R_affected,drink onset,7.15,7.133333333333334
P19,trial_72_R_affected,drink offset,7.433333333333334,7.466666666666667
P19,trial_72_R_affected,release,9.216666666666667,9.233333333333333
P19,trial_72_R_affected,settle,9.716666666666667,10.1
P19,trial_90_R_affected,reach onset,0.5,0.5
P19,trial_90_R_affected,grasp,1.2333333333333334,1.2333333333333334
P19,trial_90_R_affected,drink onset,14.166666666666666,14.133333333333333
P19,trial_90_R_affected,drink offset,14.266666666666667,14.3
P19,trial_90_R_affected,release,15.6,15.6
P19,trial_90_R_affected,settle,16.033333333333335,16.033333333333335
P251,trial_23_L_affected,reach onset,0.8333333333333334,0.8333333333333334
P251,trial_23_L_affected,grasp,1.8166666666666667,1.9
P251,trial_23_L_affected,drink onset,3.45,3.466666666666667
P251,trial_23_L_affected,drink offset,5.266666666666667,5.3
P251,trial_23_L_affected,release,7.533333333333333,7.566666666666666
P251,trial_23_L_affected,settle,8.1,8.1
P251,trial_3_R_unaffected,reach onset,1.05,1.0666666666666667
P251,trial_3_R_unaffected,grasp,2.066666666666667,2.1333333333333333
P251,trial_3_R_unaffected,drink onset,4.216666666666667,4.233333333333333
P251,trial_3_R_unaffected,drink offset,6.266666666666667,6.3
P251,trial_3_R_unaffected,release,9.083333333333334,9.1
P251,trial_3_R_unaffected,settle,9.666666666666666,9.666666666666666
